sample_id,split,source_kind,source_image_id,npz_path,npz_sha256,json_path,json_sha256,schema_version,generator_version
PN148_3R_PID_DIV05__Series_2___1__crop_0000,train,real,PN148_3R_PID_DIV05__Series_2___1,../../examples/real_annotation_crops_loo/loo_AD/PN148_3R_PID_DIV05__Series_2___1__crop_0000.npz,e8ad38464b8f8e3a09b01effe4b07722a4f177c9787cb1fa3bd4002a6ac649e9,../../examples/real_annotation_crops_loo/loo_AD/PN148_3R_PID_DIV05__Series_2___1__crop_0000.json,05a07eff103712c54f83ec0fc000a2ebc492da47fe71488b770bc3f996de4e88,real_annotation_crop_0.1.0,real_crop_builder_0.1.0
PN148_3R_PID_DIV05__Series_2___1__crop_0001,train,real,PN148_3R_PID_DIV05__Series_2___1,../../examples/real_annotation_crops_loo/loo_AD/PN148_3R_PID_DIV05__Series_2___1__crop_0001.npz,8fdf677baf2043ae216d09be3829c1728c3e1f217ccba527baaebd7960e0a312,../../examples/real_annotation_crops_loo/loo_AD/PN148_3R_PID_DIV05__Series_2___1__crop_0001.json,31882f24b54b52a860230cbfcdfb1577e7dc1822d1c4194e3a19846b34057be8,real_annotation_crop_0.1.0,real_crop_builder_0.1.0
PN148_3R_PID_DIV05__Series_2___1__crop_0002,train,real,PN148_3R_PID_DIV05__Series_2___1,../../examples/real_annotation_crops_loo/loo_AD/PN148_3R_PID_DIV05__Series_2___1__crop_0002.npz,bcc75b73acd4b5c4ed008b40a7ffceddc3cc83102cdb646ce4ba9d0d37497c72,../../examples/real_annotation_crops_loo/loo_AD/PN148_3R_PID_DIV05__Series_2___1__crop_0002.json,858e8c6711b9c595d09ba9b10e490fc195cde2170bd122f85d7a9dfde752860a,real_annotation_crop_0.1.0,real_crop_builder_0.1.0
PN148_3R_PID_DIV05__Series_2___1__crop_0003,train,real,PN148_3R_PID_DIV05__Series_2___1,../../examples/real_annotation_crops_loo/loo_AD/PN148_3R_PID_DIV05__Series_2___1__crop_0003.npz,3ac4a54c4e01cb6fb0232113a41c4a65a0df6f415e84f13f0e28059ae823f2c9,../../examples/real_annotation_crops_loo/loo_AD/PN148_3R_PID_DIV05__Series_2___1__crop_0003.json,872c1dc8a36d79ab2074a1e1fcea25df5cad5f2eafb6495c320dfd599f1be22d,real_annotation_crop_0.1.0,real_crop_builder_0.1.0
PN148_3R_PID_DIV05__Series_2___1__crop_0004,train,real,PN148_3R_PID_DIV05__Series_2___1,../../examples/real_annotation_crops_loo/loo_AD/PN148_3R_PID_DIV05__Series_2___1__crop_0004.npz,299772419a526047a83513a3fd8283dabcd6cf9507d6c12dffa9a1cdc60af229,../../examples/real_annotation_crops_loo/loo_AD/PN148_3R_PID_DIV05__Series_2___1__crop_0004.json,e449b671c6eda0b3ebc2b6adf8bbe83081dfff3e19a54cc18c1845adc6fdb7d9,real_annotation_crop_0.1.0,real_crop_builder_0.1.0
PN148_3R_PID_DIV05__Series_2___1__crop_0005,train,real,PN148_3R_PID_DIV05__Series_2___1,../../examples/real_annotation_crops_loo/loo_AD/PN148_3R_PID_DIV05__Series_2___1__crop_0005.npz,93b0764183bbca5b64edd916c9fa148cb4e0d3b86117f6f20d82c706078321cd,../../examples/real_annotation_crops_loo/loo_AD/PN148_3R_PID_DIV05__Series_2___1__crop_0005.json,da3bdf044574ceb7533fa88e47e574283d07877dec6f4281275e48e90296f74b,real_annotation_crop_0.1.0,real_crop_builder_0.1.0
PN148_3R_PID_DIV05__Series_2___1__crop_0006,train,real,PN148_3R_PID_DIV05__Series_2___1,../../examples/real_annotation_crops_loo/loo_AD/PN148_3R_PID_DIV05__Series_2___1__crop_0006.npz,dcaf9098ce6e5f4c7d7711eeccbda26f779ec70606e17dfb653094bbede286cd,../../examples/real_annotation_crops_loo/loo_AD/PN148_3R_PID_DIV05__Series_2___1__crop_0006.json,73fe6549e88c93f35f19ec5db5a36b42b68d9fe8554e26fb83e38009fbb2e3b1,real_annotation_crop_0.1.0,real_crop_builder_0.1.0
PN148_3R_PID_DIV05__Series_2___1__crop_0007,train,real,PN148_3R_PID_DIV05__Series_2___1,../../examples/real_annotation_crops_loo/loo_AD/PN148_3R_PID_DIV05__Series_2___1__crop_0007.npz,44c08f61d1ea527bbb6e1c6e39650c1ef73d132549ec036dceea059d9a418a99,../../examples/real_annotation_crops_loo/loo_AD/PN148_3R_PID_DIV05__Series_2___1__crop_0007.json,7386ee65c3e77b49eba5191898fc29b6ab63b2661c19d3111e1f0aaf18215e6c,real_annotation_crop_0.1.0,real_crop_builder_0.1.0
PN148_3R_PID_DIV05__Series_2___1__crop_0008,train,real,PN148_3R_PID_DIV05__Series_2___1,../../examples/real_annotation_crops_loo/loo_AD/PN148_3R_PID_DIV05__Series_2___1__crop_0008.npz,f8519a0d91dbf96996c8aadb12eeac682e313f94328681c72a147b25a920f73a,../../examples/real_annotation_crops_loo/loo_AD/PN148_3R_PID_DIV05__Series_2___1__crop_0008.json,62581c34d6a53554ff454d096ca546107ce2501656abbbce4d1b5845bc7dec99,real_annotation_crop_0.1.0,real_crop_builder_0.1.0
PN148_3R_PID_DIV05__Series_2___1__crop_0009,train,real,PN148_3R_PID_DIV05__Series_2___1,../../examples/real_annotation_crops_loo/loo_AD/PN148_3R_PID_DIV05__Series_2___1__crop_0009.npz,1dcdfe68bce7c42fe73cfe3546c5b17275f6e035735c49916c3128b027b5ef6e,../../examples/real_annotation_crops_loo/loo_AD/PN148_3R_PID_DIV05__Series_2___1__crop_0009.json,1d091cac4d5f0198e35f8bbc74fe1099f921ec46a20620e8f69959158730a0f9,real_annotation_crop_0.1.0,real_crop_builder_0.1.0
PN148_3R_PID_DIV05__Series_2___1__crop_0010,train,real,PN148_3R_PID_DIV05__Series_2___1,../../examples/real_annotation_crops_loo/loo_AD/PN148_3R_PID_DIV05__Series_2___1__crop_0010.npz,26b9b663fed0fcbca21c408564f34a929f49823ec9b7f20ce51baf16e2bb8932,../../examples/real_annotation_crops_loo/loo_AD/PN148_3R_PID_DIV05__Series_2___1__crop_0010.json,0e41158b24bb806f7ad5899e5b1740e778e9e497acd7ee49cda93c8e5a524cb6,real_annotation_crop_0.1.0,real_crop_builder_0.1.0
PN148_3R_PID_DIV05__Series_2___1__crop_0011,train,real,PN148_3R_PID_DIV05__Series_2___1,../../examples/real_annotation_crops_loo/loo_AD/PN148_3R_PID_DIV05__Series_2___1__crop_0011.npz,83bdb4d43896d7b7e1c329279a8e4dc1eecaec7c154a26d024cddcda2673fa97,../../examples/real_annotation_crops_loo/loo_AD/PN148_3R_PID_DIV05__Series_2___1__crop_0011.json,7ec289b0f0ecaba875a020ee479fd30e1e77c5afd03689043dd373773f459831,real_annotation_crop_0.1.0,real_crop_builder_0.1.0
PN148_3R_PID_DIV05__Series_2___1__crop_0012,train,real,PN148_3R_PID_DIV05__Series_2___1,../../examples/real_annotation_crops_loo/loo_AD/PN148_3R_PID_DIV05__Series_2___1__crop_0012.npz,f0bfb5e151b2ac5be56b8ff051693d45471f8427a130e93444a80c2df2bfba2f,../../examples/real_annotation_crops_loo/loo_AD/PN148_3R_PID_DIV05__Series_2___1__crop_0012.json,fe3b0f226f88eb17ea9f308a73e888515fa617284d93ef74937b81fcd2daee60,real_annotation_crop_0.1.0,real_crop_builder_0.1.0
PN148_3R_PID_DIV05__Series_2___1__crop_0013,train,real,PN148_3R_PID_DIV05__Series_2___1,../../examples/real_annotation_crops_loo/loo_AD/PN148_3R_PID_DIV05__Series_2___1__crop_0013.npz,ac297c49e04b42f295fdee95423d24d3b745bba4f8aa11c4374075075e9dab36,../../examples/real_annotation_crops_loo/loo_AD/PN148_3R_PID_DIV05__Series_2___1__crop_0013.json,7727fdf1259e8b82f2cf528832137dddb6f2a35efa8fef570ecce833993d45ae,real_annotation_crop_0.1.0,real_crop_builder_0.1.0
PN148_3R_PID_DIV05__Series_2___1__crop_0014,train,real,PN148_3R_PID_DIV05__Series_2___1,../../examples/real_annotation_crops_loo/loo_AD/PN148_3R_PID_DIV05__Series_2___1__crop_0014.npz,8835759b5a3be6c9cbf39cfd7f971bccc420b5165ce0fc9c514351768511665c,../../examples/real_annotation_crops_loo/loo_AD/PN148_3R_PID_DIV05__Series_2___1__crop_0014.json,ede7bf3eb0244e6f63d856025176c847dc38885895b9031157537069ce24e1a8,real_annotation_crop_0.1.0,real_crop_builder_0.1.0
PN148_3R_PID_DIV05__Series_2___1__crop_0015,train,real,PN148_3R_PID_DIV05__Series_2___1,../../examples/real_annotation_crops_loo/loo_AD/PN148_3R_PID_DIV05__Series_2___1__crop_0015.npz,a8694e824976f69680d8edbdc8b8042974077bd86c546582fcdb1f2201dc3e76,../../examples/real_annotation_crops_loo/loo_AD/PN148_3R_PID_DIV05__Series_2___1__crop_0015.json,597d6db37e754440be76506a0430403a1cb8fb67f3ad38c92d7889c1f9adc6d2,real_annotation_crop_0.1.0,real_crop_builder_0.1.0
PN148_3R_PID_DIV05__Series_2___1__crop_0016,train,real,PN148_3R_PID_DIV05__Series_2___1,../../examples/real_annotation_crops_loo/loo_AD/PN148_3R_PID_DIV05__Series_2___1__crop_0016.npz,d1f7607844c4c3d984fc8163a763c99014837e782cb6ffa19fe4c942cfe5182d,../../examples/real_annotation_crops_loo/loo_AD/PN148_3R_PID_DIV05__Series_2___1__crop_0016.json,c538d61839d00bbf70e3e6dc70bbe78624525ea3237155236d3a3752ab5a1f70,real_annotation_crop_0.1.0,real_crop_builder_0.1.0
PN148_3R_PID_DIV05__Series_2___1__crop_0017,train,real,PN148_3R_PID_DIV05__Series_2___1,../../examples/real_annotation_crops_loo/loo_AD/PN148_3R_PID_DIV05__Series_2___1__crop_0017.npz,ec44a93294be64ff8814cbe759cb726438391d325733f360b4c2dca7b547c6c6,../../examples/real_annotation_crops_loo/loo_AD/PN148_3R_PID_DIV05__Series_2___1__crop_0017.json,eb782bf9c7e9ecc49d6c1b821ce0bdafefb0f74970424bedcc803b9f4a28b62e,real_annotation_crop_0.1.0,real_crop_builder_0.1.0
PN148_3R_PID_DIV05__Series_2___1__crop_0018,train,real,PN148_3R_PID_DIV05__Series_2___1,../../examples/real_annotation_crops_loo/loo_AD/PN148_3R_PID_DIV05__Series_2___1__crop_0018.npz,a968d694476640df617c4f5cfa9a1c28388adaa76bf41afcdfa3e613b255156b,../../examples/real_annotation_crops_loo/loo_AD/PN148_3R_PID_DIV05__Series_2___1__crop_0018.json,61fd861399729a23b56abc12cacb1bf97502966c0d05ce5150b03e2446e54db8,real_annotation_crop_0.1.0,real_crop_builder_0.1.0
PN148_3R_PID_DIV05__Series_2___1__crop_0019,train,real,PN148_3R_PID_DIV05__Series_2___1,../../examples/real_annotation_crops_loo/loo_AD/PN148_3R_PID_DIV05__Series_2___1__crop_0019.npz,bab37c55bcb14275d4272ec8a9bab0795bc8242579a7513fe853383133d3d1da,../../examples/real_annotation_crops_loo/loo_AD/PN148_3R_PID_DIV05__Series_2___1__crop_0019.json,a8aa2a621920d8ad8a1fcdbb92d8316fb7c8b16dd7b22d2acda1639ca9298652,real_annotation_crop_0.1.0,real_crop_builder_0.1.0
PN148_3R_PID_DIV05__Series_2___1__crop_0020,train,real,PN148_3R_PID_DIV05__Series_2___1,../../examples/real_annotation_crops_loo/loo_AD/PN148_3R_PID_DIV05__Series_2___1__crop_0020.npz,36149405848a55f6659c45525acf59abbfff436c223963c8c78207acdf73a182,../../examples/real_annotation_crops_loo/loo_AD/PN148_3R_PID_DIV05__Series_2___1__crop_0020.json,c69078f7c118067f8758d637d7ab8cb8888bf68c3c6f34b6214a2a614e5ed622,real_annotation_crop_0.1.0,real_crop_builder_0.1.0
PN148_3R_PID_DIV05__Series_2___1__crop_0021,train,real,PN148_3R_PID_DIV05__Series_2___1,../../examples/real_annotation_crops_loo/loo_AD/PN148_3R_PID_DIV05__Series_2___1__crop_0021.npz,cf333db0d041eb6f04b4d9dd51d688bc37704485d1555a2d8476cef5a852b75e,../../examples/real_annotation_crops_loo/loo_AD/PN148_3R_PID_DIV05__Series_2___1__crop_0021.json,78e72af21c1c60293a4d519109560fde1de953360c0994d54e2504e72c091727,real_annotation_crop_0.1.0,real_crop_builder_0.1.0
PN148_3R_PID_DIV05__Series_2___1__crop_0022,train,real,PN148_3R_PID_DIV05__Series_2___1,../../examples/real_annotation_crops_loo/loo_AD/PN148_3R_PID_DIV05__Series_2___1__crop_0022.npz,bf4620349c9182fdd7b62376e47e5a277f2d87618cbb303a400595a357d2ec36,../../examples/real_annotation_crops_loo/loo_AD/PN148_3R_PID_DIV05__Series_2___1__crop_0022.json,e97031510abb32088fcbf701c8115f2325bbc64d0b4453ca83ad11e37cac1547,real_annotation_crop_0.1.0,real_crop_builder_0.1.0
PN148_3R_PID_DIV05__Series_2___1__crop_0023,train,real,PN148_3R_PID_DIV05__Series_2___1,../../examples/real_annotation_crops_loo/loo_AD/PN148_3R_PID_DIV05__Series_2___1__crop_0023.npz,66a998558560d1b770fea33cdd16cc82bd94a55df06fbb44bc66d4aa23d3c6c9,../../examples/real_annotation_crops_loo/loo_AD/PN148_3R_PID_DIV05__Series_2___1__crop_0023.json,11acbc30e15161c2a7c9490517f25b6e59202d2a24927ab41e83024ddbd0f9c9,real_annotation_crop_0.1.0,real_crop_builder_0.1.0
PN148_3R_PID_DIV05__Series_2___1__crop_0024,train,real,PN148_3R_PID_DIV05__Series_2___1,../../examples/real_annotation_crops_loo/loo_AD/PN148_3R_PID_DIV05__Series_2___1__crop_0024.npz,32fd2ac369f2b909ab56e8a03d555114d877c3dd18fdae50ce901f4d40efc09d,../../examples/real_annotation_crops_loo/loo_AD/PN148_3R_PID_DIV05__Series_2___1__crop_0024.json,75f45b63a6da567f87bea4e6768004df9d83d532cc7a4c76d65ae22b524e330f,real_annotation_crop_0.1.0,real_crop_builder_0.1.0
PN148_3R_PID_DIV05__Series_2___1__crop_0025,train,real,PN148_3R_PID_DIV05__Series_2___1,../../examples/real_annotation_crops_loo/loo_AD/PN148_3R_PID_DIV05__Series_2___1__crop_0025.npz,b87241ddbc3da90ecd20964c79a62e9fdaf4038003364a2fb80a85c46564d1ff,../../examples/real_annotation_crops_loo/loo_AD/PN148_3R_PID_DIV05__Series_2___1__crop_0025.json,f76da26e0417979a7465c9857756753816051a19076c62abcc1c0e9b11dc232b,real_annotation_crop_0.1.0,real_crop_builder_0.1.0
PN148_3R_PID_DIV05__Series_2___1__crop_0026,train,real,PN148_3R_PID_DIV05__Series_2___1,../../examples/real_annotation_crops_loo/loo_AD/PN148_3R_PID_DIV05__Series_2___1__crop_0026.npz,01b1fad9f246d42c2d6d8fdc8d1d0845beda06f61755dcf3fbea5a08cddf5fb6,../../examples/real_annotation_crops_loo/loo_AD/PN148_3R_PID_DIV05__Series_2___1__crop_0026.json,9775a0880370f336b640d4e57b60e6c53bee30301fe8a9b70f2f6a27a9e4cd03,real_annotation_crop_0.1.0,real_crop_builder_0.1.0
PN148_3R_PID_DIV05__Series_2___1__crop_0027,train,real,PN148_3R_PID_DIV05__Series_2___1,../../examples/real_annotation_crops_loo/loo_AD/PN148_3R_PID_DIV05__Series_2___1__crop_0027.npz,8a44d4194213c20b661bb5b77637a1b59e7f46a493fddf5945476e820e3691b0,../../examples/real_annotation_crops_loo/loo_AD/PN148_3R_PID_DIV05__Series_2___1__crop_0027.json,1e5dd8f68ed4d270a586435f82c4ebb3ab1d629cccc961a6a8388df8f981272e,real_annotation_crop_0.1.0,real_crop_builder_0.1.0
PN148_3R_PID_DIV05__Series_2___1__crop_0028,train,real,PN148_3R_PID_DIV05__Series_2___1,../../examples/real_annotation_crops_loo/loo_AD/PN148_3R_PID_DIV05__Series_2___1__crop_0028.npz,d7b20e90c95a9a455770b20a0251d1ba2b349fc515201d568471951710824b09,../../examples/real_annotation_crops_loo/loo_AD/PN148_3R_PID_DIV05__Series_2___1__crop_0028.json,e520ba4418da6ae6f85173de3ab1e71ffcf620e6b2c3ab5081d1077b2e04fd71,real_annotation_crop_0.1.0,real_crop_builder_0.1.0
PN148_3R_PID_DIV05__Series_2___1__crop_0029,train,real,PN148_3R_PID_DIV05__Series_2___1,../../examples/real_annotation_crops_loo/loo_AD/PN148_3R_PID_DIV05__Series_2___1__crop_0029.npz,8b4d514bb527eb05bf584afefb8c76a6dd4427de3a2a7a6214eadb30716b2df0,../../examples/real_annotation_crops_loo/loo_AD/PN148_3R_PID_DIV05__Series_2___1__crop_0029.json,02cd41c46f71de3d683d9cbed386fc214b3c536e0b5e2d9eb4717a32e38cf169,real_annotation_crop_0.1.0,real_crop_builder_0.1.0
PN148_3R_PID_DIV05__Series_2___1__crop_0030,train,real,PN148_3R_PID_DIV05__Series_2___1,../../examples/real_annotation_crops_loo/loo_AD/PN148_3R_PID_DIV05__Series_2___1__crop_0030.npz,24e2f1b49efedb52f4adddee025ec4c304ee86a6c1731bae3d135b31c95eb209,../../examples/real_annotation_crops_loo/loo_AD/PN148_3R_PID_DIV05__Series_2___1__crop_0030.json,31a0236b689ba2fd49ec7ea56af1d382fd5821af3562aa8968aef8072959b39d,real_annotation_crop_0.1.0,real_crop_builder_0.1.0
PN148_3R_PID_DIV05__Series_2___1__crop_0031,train,real,PN148_3R_PID_DIV05__Series_2___1,../../examples/real_annotation_crops_loo/loo_AD/PN148_3R_PID_DIV05__Series_2___1__crop_0031.npz,2c430dd7322d97d2c59febb20acf035f4c024e85308297876be8485c42b06182,../../examples/real_annotation_crops_loo/loo_AD/PN148_3R_PID_DIV05__Series_2___1__crop_0031.json,5fb770e40c690b709fc841d90fb917fed16c03963fb98c845d7102f8735512a5,real_annotation_crop_0.1.0,real_crop_builder_0.1.0
PN148_3R_PID_DIV05__Series_2___1__crop_0032,train,real,PN148_3R_PID_DIV05__Series_2___1,../../examples/real_annotation_crops_loo/loo_AD/PN148_3R_PID_DIV05__Series_2___1__crop_0032.npz,27ee1c8c1d863bc4512903ca7736fe15279e1faeb201db2dbece05759f3bec1f,../../examples/real_annotation_crops_loo/loo_AD/PN148_3R_PID_DIV05__Series_2___1__crop_0032.json,bb4c76f1c0bd5f78f33a0a9afc8381908f98d6cc4809eac7c03593aaeed22b8f,real_annotation_crop_0.1.0,real_crop_builder_0.1.0
PN148_3R_PID_DIV05__Series_2___1__crop_0033,train,real,PN148_3R_PID_DIV05__Series_2___1,../../examples/real_annotation_crops_loo/loo_AD/PN148_3R_PID_DIV05__Series_2___1__crop_0033.npz,f2ffddc3d2e3a3c7d7429c0732f53bec33a2ff3ce907f0c28d5961b6e56a37c3,../../examples/real_annotation_crops_loo/loo_AD/PN148_3R_PID_DIV05__Series_2___1__crop_0033.json,a125aa300843b9f65de70675e63782e29d330fa823210d6394728204d550525b,real_annotation_crop_0.1.0,real_crop_builder_0.1.0
PN148_3R_PID_DIV05__Series_2___1__crop_0034,train,real,PN148_3R_PID_DIV05__Series_2___1,../../examples/real_annotation_crops_loo/loo_AD/PN148_3R_PID_DIV05__Series_2___1__crop_0034.npz,175f407afc4de0708f93b4e23e12e5a43ecf1de8ccfafdf05eca3881924fdcca,../../examples/real_annotation_crops_loo/loo_AD/PN148_3R_PID_DIV05__Series_2___1__crop_0034.json,fc559b959490aa8805e846e17a1e986709608c26589ad0c1c35196ecf601675f,real_annotation_crop_0.1.0,real_crop_builder_0.1.0
PN148_3R_PID_DIV05__Series_2___1__crop_0035,train,real,PN148_3R_PID_DIV05__Series_2___1,../../examples/real_annotation_crops_loo/loo_AD/PN148_3R_PID_DIV05__Series_2___1__crop_0035.npz,792e5c255d65b9963062986f1ab05261f047da67418c324dec718005694004a9,../../examples/real_annotation_crops_loo/loo_AD/PN148_3R_PID_DIV05__Series_2___1__crop_0035.json,92620e361e89c729a45b0ad67cb8c3d524830b958b25bbb0d3cf5ba3be57e307,real_annotation_crop_0.1.0,real_crop_builder_0.1.0
PN148_3R_PID_DIV05__Series_2___1__crop_0036,train,real,PN148_3R_PID_DIV05__Series_2___1,../../examples/real_annotation_crops_loo/loo_AD/PN148_3R_PID_DIV05__Series_2___1__crop_0036.npz,58d5f6b9a689874e08b0c289b91de887ef2f30d014ed8174ba6cfc1daa43d68e,../../examples/real_annotation_crops_loo/loo_AD/PN148_3R_PID_DIV05__Series_2___1__crop_0036.json,a980bf57637bf7e0893e35bd09c257e3474d4d23c9a97e807507d2a59abe0d38,real_annotation_crop_0.1.0,real_crop_builder_0.1.0
PN148_3R_PID_DIV05__Series_2___1__crop_0037,train,real,PN148_3R_PID_DIV05__Series_2___1,../../examples/real_annotation_crops_loo/loo_AD/PN148_3R_PID_DIV05__Series_2___1__crop_0037.npz,b1ffff790bc97bf4ef3cd1f89163e4a5525e50709b3fc0768b04b86fd3889eb0,../../examples/real_annotation_crops_loo/loo_AD/PN148_3R_PID_DIV05__Series_2___1__crop_0037.json,82644fa639f721d0aeb5eb3a83f118a8003012405a0b5fc1db31d00c076d11cc,real_annotation_crop_0.1.0,real_crop_builder_0.1.0
PN148_3R_PID_DIV05__Series_2___1__crop_0038,train,real,PN148_3R_PID_DIV05__Series_2___1,../../examples/real_annotation_crops_loo/loo_AD/PN148_3R_PID_DIV05__Series_2___1__crop_0038.npz,27629cbafbb672b4bb51671c6f2402321792078d212d509355c309c3f0ac6f51,../../examples/real_annotation_crops_loo/loo_AD/PN148_3R_PID_DIV05__Series_2___1__crop_0038.json,508006efec967a7a47785e2b7ec36c89871d8f4cc94651497fbe7616c1e63e08,real_annotation_crop_0.1.0,real_crop_builder_0.1.0
PN148_3R_PID_DIV05__Series_2___1__crop_0039,train,real,PN148_3R_PID_DIV05__Series_2___1,../../examples/real_annotation_crops_loo/loo_AD/PN148_3R_PID_DIV05__Series_2___1__crop_0039.npz,49cd7fcb9b1b39b3dfbbfd7800c1768519c25ae250847db8dbcccfd6a4fc9787,../../examples/real_annotation_crops_loo/loo_AD/PN148_3R_PID_DIV05__Series_2___1__crop_0039.json,6a8021ab1b293001943d134e17cf4779bcef3ea3b49e65a2edbe61e342d2d909,real_annotation_crop_0.1.0,real_crop_builder_0.1.0
PN148_3R_PID_DIV05__Series_2___1__crop_0040,train,real,PN148_3R_PID_DIV05__Series_2___1,../../examples/real_annotation_crops_loo/loo_AD/PN148_3R_PID_DIV05__Series_2___1__crop_0040.npz,d809be0429e393ba7181b23606ea5a95696e3d7f71478a1c5bef6bcb3daf8cce,../../examples/real_annotation_crops_loo/loo_AD/PN148_3R_PID_DIV05__Series_2___1__crop_0040.json,967a7e36b1b6904aab9e080b7282a4b41eb0cd6b3ecf912d0dbadab45dd3cbce,real_annotation_crop_0.1.0,real_crop_builder_0.1.0
PN148_3R_PID_DIV05__Series_2___1__crop_0041,train,real,PN148_3R_PID_DIV05__Series_2___1,../../examples/real_annotation_crops_loo/loo_AD/PN148_3R_PID_DIV05__Series_2___1__crop_0041.npz,9eb1e01afb955f21464b24adab8c4cb7cef71c1ad3552eee51932b539aeab4d0,../../examples/real_annotation_crops_loo/loo_AD/PN148_3R_PID_DIV05__Series_2___1__crop_0041.json,0542f3218a667c8faa655c8d54497f40579e0cbf4962174458ab7ec519b1b1f6,real_annotation_crop_0.1.0,real_crop_builder_0.1.0
PN148_3R_PID_DIV05__Series_2___1__crop_0042,train,real,PN148_3R_PID_DIV05__Series_2___1,../../examples/real_annotation_crops_loo/loo_AD/PN148_3R_PID_DIV05__Series_2___1__crop_0042.npz,7b55200700f0fcde8f0fe18628616d81139d5717236968592ca2b89145dbe007,../../examples/real_annotation_crops_loo/loo_AD/PN148_3R_PID_DIV05__Series_2___1__crop_0042.json,efd39236073c556bca6e0376b67bd92da918e25f9f67434d4e6ff241ec490ffd,real_annotation_crop_0.1.0,real_crop_builder_0.1.0
PN148_3R_PID_DIV05__Series_2___1__crop_0043,train,real,PN148_3R_PID_DIV05__Series_2___1,../../examples/real_annotation_crops_loo/loo_AD/PN148_3R_PID_DIV05__Series_2___1__crop_0043.npz,35d718f68aceeb37b858ae49ae176d0d53ded94c237e583779cc81a709b68eb8,../../examples/real_annotation_crops_loo/loo_AD/PN148_3R_PID_DIV05__Series_2___1__crop_0043.json,32d8235d755fd5f46f54c1e0b83a971a09fc65a2bf086eeee588e774608d0024,real_annotation_crop_0.1.0,real_crop_builder_0.1.0
PN148_3R_PID_DIV05__Series_2___1__crop_0044,train,real,PN148_3R_PID_DIV05__Series_2___1,../../examples/real_annotation_crops_loo/loo_AD/PN148_3R_PID_DIV05__Series_2___1__crop_0044.npz,3af4d64e22afcbbf1c4ef72948afc2fa4d95496095d0b0de6c914b386940811c,../../examples/real_annotation_crops_loo/loo_AD/PN148_3R_PID_DIV05__Series_2___1__crop_0044.json,a439d9ba06eb5c36a9943e9aacc17d9a1293701e2e431f3f1fc74fbc9aac5958,real_annotation_crop_0.1.0,real_crop_builder_0.1.0
PN148_3R_PID_DIV05__Series_2___1__crop_0045,train,real,PN148_3R_PID_DIV05__Series_2___1,../../examples/real_annotation_crops_loo/loo_AD/PN148_3R_PID_DIV05__Series_2___1__crop_0045.npz,62566dbbca3d8f4739d45c3dbd0976fa2c19c73c1d6282465bdf9e42e9f8da12,../../examples/real_annotation_crops_loo/loo_AD/PN148_3R_PID_DIV05__Series_2___1__crop_0045.json,eacd5fb9e5b8a42e8a367a16f22f27e286308fb8b5249d96ae8c32cff41cbc42,real_annotation_crop_0.1.0,real_crop_builder_0.1.0
PN148_3R_PID_DIV05__Series_2___1__crop_0046,train,real,PN148_3R_PID_DIV05__Series_2___1,../../examples/real_annotation_crops_loo/loo_AD/PN148_3R_PID_DIV05__Series_2___1__crop_0046.npz,a2de5221efda7b13f8f3b1f557e6cafd8c115b2d756809f6e7b3e463ac05662a,../../examples/real_annotation_crops_loo/loo_AD/PN148_3R_PID_DIV05__Series_2___1__crop_0046.json,80b7eba8d3cb059b385942cbccb8ad5687d7fd3bc71be22716678436a90ab0ec,real_annotation_crop_0.1.0,real_crop_builder_0.1.0
PN148_3R_PID_DIV05__Series_2___1__crop_0047,train,real,PN148_3R_PID_DIV05__Series_2___1,../../examples/real_annotation_crops_loo/loo_AD/PN148_3R_PID_DIV05__Series_2___1__crop_0047.npz,b8a934ca9d0ccf0ede8a12f70a722a205ae6e8f2911ff2d26814f21436001e85,../../examples/real_annotation_crops_loo/loo_AD/PN148_3R_PID_DIV05__Series_2___1__crop_0047.json,5aab86bf4d2b8e18df578769ad3be9df7c698ca1ffdb9208d5cd2ca207086a17,real_annotation_crop_0.1.0,real_crop_builder_0.1.0
PN148_3R_PID_DIV05__Series_2___1__crop_0048,train,real,PN148_3R_PID_DIV05__Series_2___1,../../examples/real_annotation_crops_loo/loo_AD/PN148_3R_PID_DIV05__Series_2___1__crop_0048.npz,34c2ac0da014ad3cff607380d8452e04484071fdc8863ed9a7e9b1f2fd0a44a0,../../examples/real_annotation_crops_loo/loo_AD/PN148_3R_PID_DIV05__Series_2___1__crop_0048.json,891131f89b701b5bd8b807669c24f129e395a0f8470790c735a6d78ac8f808da,real_annotation_crop_0.1.0,real_crop_builder_0.1.0
PN148_3R_PID_DIV05__Series_2___1__crop_0049,train,real,PN148_3R_PID_DIV05__Series_2___1,../../examples/real_annotation_crops_loo/loo_AD/PN148_3R_PID_DIV05__Series_2___1__crop_0049.npz,0131e92a1abb0f8dcf450dfa16e783f547deb5ab3ff13fd7988bdef042bf82a2,../../examples/real_annotation_crops_loo/loo_AD/PN148_3R_PID_DIV05__Series_2___1__crop_0049.json,35a9a3bf3313380b9900b524ab0b3d67ef47ceac8dc9bc97e066842b7fbc33b5,real_annotation_crop_0.1.0,real_crop_builder_0.1.0
PN148_3R_PID_DIV05__Series_2___1__crop_0050,train,real,PN148_3R_PID_DIV05__Series_2___1,../../examples/real_annotation_crops_loo/loo_AD/PN148_3R_PID_DIV05__Series_2___1__crop_0050.npz,a9336e1882a111e75a846bab77efe4e17ba1900aa2c5fa74d8550c1a2ab3e34e,../../examples/real_annotation_crops_loo/loo_AD/PN148_3R_PID_DIV05__Series_2___1__crop_0050.json,957f2bae9f80e2cc65516ca21056b34258c635c7a48e9dad609e985fa755b5d1,real_annotation_crop_0.1.0,real_crop_builder_0.1.0
PN148_3R_PID_DIV05__Series_2___1__crop_0051,train,real,PN148_3R_PID_DIV05__Series_2___1,../../examples/real_annotation_crops_loo/loo_AD/PN148_3R_PID_DIV05__Series_2___1__crop_0051.npz,ad4a9e1a4029ba2446fb52e44e5cb8d2313ba3e194fcac5f560ba211eee2eafa,../../examples/real_annotation_crops_loo/loo_AD/PN148_3R_PID_DIV05__Series_2___1__crop_0051.json,9766c1c6d3c9414a1e442d72e7cacdb1fc5631f4d47bd4499684475bb8f91626,real_annotation_crop_0.1.0,real_crop_builder_0.1.0
PN148_3R_PID_DIV05__Series_2___1__crop_0052,train,real,PN148_3R_PID_DIV05__Series_2___1,../../examples/real_annotation_crops_loo/loo_AD/PN148_3R_PID_DIV05__Series_2___1__crop_0052.npz,4c59f7b65cdfc1f1596d6f423ce4decf6f6a9f6614e2837967a5ff2fd069010e,../../examples/real_annotation_crops_loo/loo_AD/PN148_3R_PID_DIV05__Series_2___1__crop_0052.json,a9b352186760d61402d4fba3e248ed35f8d6ec8afbcbbee3ef6ca64843110826,real_annotation_crop_0.1.0,real_crop_builder_0.1.0
PN148_3R_PID_DIV05__Series_2___1__crop_0053,train,real,PN148_3R_PID_DIV05__Series_2___1,../../examples/real_annotation_crops_loo/loo_AD/PN148_3R_PID_DIV05__Series_2___1__crop_0053.npz,1fae44726f23e335b1060dc665900287a06670dae74ec8ec2dbe7f65ac729d6b,../../examples/real_annotation_crops_loo/loo_AD/PN148_3R_PID_DIV05__Series_2___1__crop_0053.json,156d7e28c2b723418563e8af06efa55ac2f168b39ae79ca8c657c788f3a8f265,real_annotation_crop_0.1.0,real_crop_builder_0.1.0
PN148_3R_PID_DIV05__Series_2___1__crop_0054,train,real,PN148_3R_PID_DIV05__Series_2___1,../../examples/real_annotation_crops_loo/loo_AD/PN148_3R_PID_DIV05__Series_2___1__crop_0054.npz,203a366f13850912a5af6f45e10f29c9fe0e00379fefb0475fa88266fcc3b9b5,../../examples/real_annotation_crops_loo/loo_AD/PN148_3R_PID_DIV05__Series_2___1__crop_0054.json,f21ab68d7c17a26dedb4f3ca7cd0843ec7458586e7f5b1113e969f76df4b39f5,real_annotation_crop_0.1.0,real_crop_builder_0.1.0
PN148_3R_PID_DIV05__Series_2___1__crop_0055,train,real,PN148_3R_PID_DIV05__Series_2___1,../../examples/real_annotation_crops_loo/loo_AD/PN148_3R_PID_DIV05__Series_2___1__crop_0055.npz,ea18d7886a853a7f3653242b6ec81d6fb09f5aa2018d6b72848a3633bd3389d1,../../examples/real_annotation_crops_loo/loo_AD/PN148_3R_PID_DIV05__Series_2___1__crop_0055.json,6b95331c95fdb62459ecf85d2e534a569251f3b66f36d0af756dd0d5ddc08b13,real_annotation_crop_0.1.0,real_crop_builder_0.1.0
PN148_3R_PID_DIV05__Series_2___1__crop_0056,train,real,PN148_3R_PID_DIV05__Series_2___1,../../examples/real_annotation_crops_loo/loo_AD/PN148_3R_PID_DIV05__Series_2___1__crop_0056.npz,b5576efd98bc81c7bf8a78a6c01c938999a92243cc77a43b32cb68217177d86b,../../examples/real_annotation_crops_loo/loo_AD/PN148_3R_PID_DIV05__Series_2___1__crop_0056.json,67695aa73e5354c091027191162a9d2c5a112e914979b0d5e0234ef4918a5e30,real_annotation_crop_0.1.0,real_crop_builder_0.1.0
PN148_3R_PID_DIV05__Series_2___1__crop_0057,train,real,PN148_3R_PID_DIV05__Series_2___1,../../examples/real_annotation_crops_loo/loo_AD/PN148_3R_PID_DIV05__Series_2___1__crop_0057.npz,e483a8949a1330180071e546a77c9e02a266100453feecf2171a32ef2aca984d,../../examples/real_annotation_crops_loo/loo_AD/PN148_3R_PID_DIV05__Series_2___1__crop_0057.json,3572a909c5f0ac890c36ae45417f4891c8a0a57be6126f43b299734c374eadf1,real_annotation_crop_0.1.0,real_crop_builder_0.1.0
PN148_3R_PID_DIV05__Series_2___1__crop_0058,train,real,PN148_3R_PID_DIV05__Series_2___1,../../examples/real_annotation_crops_loo/loo_AD/PN148_3R_PID_DIV05__Series_2___1__crop_0058.npz,8c2f0a869c049a0a27b12e7a7d3d257a16a1dcd823f12bd01109afa48751a1c0,../../examples/real_annotation_crops_loo/loo_AD/PN148_3R_PID_DIV05__Series_2___1__crop_0058.json,7caed0b0bb01900d725041207bdc6a1d8d8988d5e3b63bf6fa07f18c4ba98d99,real_annotation_crop_0.1.0,real_crop_builder_0.1.0
PN148_3R_PID_DIV05__Series_2___1__crop_0059,train,real,PN148_3R_PID_DIV05__Series_2___1,../../examples/real_annotation_crops_loo/loo_AD/PN148_3R_PID_DIV05__Series_2___1__crop_0059.npz,5446a59319bfd48be4689f0ca656b17b24404cf8260527a6829cda8a261661a0,../../examples/real_annotation_crops_loo/loo_AD/PN148_3R_PID_DIV05__Series_2___1__crop_0059.json,048c5d388ac63e59922421f7e17539b37d2d985cc28a06e045b49520bcc87dfe,real_annotation_crop_0.1.0,real_crop_builder_0.1.0
PN148_3R_PID_DIV05__Series_2___1__crop_0060,train,real,PN148_3R_PID_DIV05__Series_2___1,../../examples/real_annotation_crops_loo/loo_AD/PN148_3R_PID_DIV05__Series_2___1__crop_0060.npz,9b8c97ea22bcacf4eac781f9fd2eb8ea273acfc2dff1be08c41e0f0052fd2f1d,../../examples/real_annotation_crops_loo/loo_AD/PN148_3R_PID_DIV05__Series_2___1__crop_0060.json,371291e504139b47cc2f544831b7e8417c575d5612211722bfd5886ffb73486c,real_annotation_crop_0.1.0,real_crop_builder_0.1.0
PN148_3R_PID_DIV05__Series_2___1__crop_0061,train,real,PN148_3R_PID_DIV05__Series_2___1,../../examples/real_annotation_crops_loo/loo_AD/PN148_3R_PID_DIV05__Series_2___1__crop_0061.npz,ce1df381cc2d375b23c323c2e36d95d8d4d71df81598656ebb657e897b03b4fe,../../examples/real_annotation_crops_loo/loo_AD/PN148_3R_PID_DIV05__Series_2___1__crop_0061.json,0e31fbd4b313e5e52528d632f24a3cfda31113fb1e48d9eb8a4b4d3ea5a0c0d5,real_annotation_crop_0.1.0,real_crop_builder_0.1.0
PN148_3R_PID_DIV05__Series_2___1__crop_0062,train,real,PN148_3R_PID_DIV05__Series_2___1,../../examples/real_annotation_crops_loo/loo_AD/PN148_3R_PID_DIV05__Series_2___1__crop_0062.npz,96cc8fdc54d57039eaf86b29a16085ac07b252c2a6f300407b427ed7a8abf73d,../../examples/real_annotation_crops_loo/loo_AD/PN148_3R_PID_DIV05__Series_2___1__crop_0062.json,0aade3cb78ca29b4f07ad20f0da28f6201bf2fcfdf588169ea85b09a73d29c14,real_annotation_crop_0.1.0,real_crop_builder_0.1.0
PN148_3R_PID_DIV05__Series_2___1__crop_0063,train,real,PN148_3R_PID_DIV05__Series_2___1,../../examples/real_annotation_crops_loo/loo_AD/PN148_3R_PID_DIV05__Series_2___1__crop_0063.npz,5cb2b7d9bd25fcc7d6ffac5614da07d77e284384f3eb0a8de8f474b5cc26e980,../../examples/real_annotation_crops_loo/loo_AD/PN148_3R_PID_DIV05__Series_2___1__crop_0063.json,62324f2818e9cd7c928533b9b1ce294a6b62190ed4a453463327ffb103016dbb,real_annotation_crop_0.1.0,real_crop_builder_0.1.0
PN148_4R_AD_DIV03__Series_11___1__crop_0000,validation,real,PN148_4R_AD_DIV03__Series_11___1,../../examples/real_annotation_crops_loo/loo_AD/PN148_4R_AD_DIV03__Series_11___1__crop_0000.npz,b238c7030b059efb4df0495e356943140a103d5d36333c6c2f8b80effc6d2fa4,../../examples/real_annotation_crops_loo/loo_AD/PN148_4R_AD_DIV03__Series_11___1__crop_0000.json,65c86fcb41a52fb2057b430ecea3a7044f5c3ee298f759647c6fa0d0e175cb70,real_annotation_crop_0.1.0,real_crop_builder_0.1.0
PN148_4R_AD_DIV03__Series_11___1__crop_0001,validation,real,PN148_4R_AD_DIV03__Series_11___1,../../examples/real_annotation_crops_loo/loo_AD/PN148_4R_AD_DIV03__Series_11___1__crop_0001.npz,3d6d0798d669db3457f8d33fde03f245a11c03b3a2f68523e645a985a17aeb5f,../../examples/real_annotation_crops_loo/loo_AD/PN148_4R_AD_DIV03__Series_11___1__crop_0001.json,0facc1ee0dca92de84643275fb1a3cb447335444138d276a14b3de1f1d0e6c2f,real_annotation_crop_0.1.0,real_crop_builder_0.1.0
PN148_4R_AD_DIV03__Series_11___1__crop_0002,validation,real,PN148_4R_AD_DIV03__Series_11___1,../../examples/real_annotation_crops_loo/loo_AD/PN148_4R_AD_DIV03__Series_11___1__crop_0002.npz,cf09298630b435e742464aad081ccdcbce252ed08394f60712bc235e4c8120a2,../../examples/real_annotation_crops_loo/loo_AD/PN148_4R_AD_DIV03__Series_11___1__crop_0002.json,fd5c3dc5790b045dba9cf2aaedba5c92d5e6a2da9f5274807633546bb6ebd7d3,real_annotation_crop_0.1.0,real_crop_builder_0.1.0
PN148_4R_AD_DIV03__Series_11___1__crop_0003,validation,real,PN148_4R_AD_DIV03__Series_11___1,../../examples/real_annotation_crops_loo/loo_AD/PN148_4R_AD_DIV03__Series_11___1__crop_0003.npz,289129aee88d11f9603a17757111ba38e478e82c7a9a37a7d2c2b1da002061f0,../../examples/real_annotation_crops_loo/loo_AD/PN148_4R_AD_DIV03__Series_11___1__crop_0003.json,4520fffc53859931ee65ce57a8ba48ddf2d4e2b897a17420a8c108c42d8c61d2,real_annotation_crop_0.1.0,real_crop_builder_0.1.0
PN148_4R_AD_DIV03__Series_11___1__crop_0004,validation,real,PN148_4R_AD_DIV03__Series_11___1,../../examples/real_annotation_crops_loo/loo_AD/PN148_4R_AD_DIV03__Series_11___1__crop_0004.npz,140160175d8df116b4ad3576da16a724a806e4e3d1624e83054e796a90323927,../../examples/real_annotation_crops_loo/loo_AD/PN148_4R_AD_DIV03__Series_11___1__crop_0004.json,edb427b1403ad17802dd08699c83115b9e6ac33841dd5df1b715f6c24260ba53,real_annotation_crop_0.1.0,real_crop_builder_0.1.0
PN148_4R_AD_DIV03__Series_11___1__crop_0005,validation,real,PN148_4R_AD_DIV03__Series_11___1,../../examples/real_annotation_crops_loo/loo_AD/PN148_4R_AD_DIV03__Series_11___1__crop_0005.npz,ff9bb2251d4a34ba13c63f571942beab1a37d0f7acf41ff1ed730b8491ca7c43,../../examples/real_annotation_crops_loo/loo_AD/PN148_4R_AD_DIV03__Series_11___1__crop_0005.json,26a3437b2dd00134bad2ac6de5d57a2d10f8d495ccada40468f139418a6849eb,real_annotation_crop_0.1.0,real_crop_builder_0.1.0
PN148_4R_AD_DIV03__Series_11___1__crop_0006,validation,real,PN148_4R_AD_DIV03__Series_11___1,../../examples/real_annotation_crops_loo/loo_AD/PN148_4R_AD_DIV03__Series_11___1__crop_0006.npz,fb1f497d11af2ad151313997504002bdfaf9797996d38ea00e15537b87994018,../../examples/real_annotation_crops_loo/loo_AD/PN148_4R_AD_DIV03__Series_11___1__crop_0006.json,1431ec2ddfea6f1e58ed778009bcbe8d8cbf625f3e28afd953ef3beb4c3f12c9,real_annotation_crop_0.1.0,real_crop_builder_0.1.0
PN148_4R_AD_DIV03__Series_11___1__crop_0007,validation,real,PN148_4R_AD_DIV03__Series_11___1,../../examples/real_annotation_crops_loo/loo_AD/PN148_4R_AD_DIV03__Series_11___1__crop_0007.npz,431bad18d7a250a36fe1419f012508419ea8c9d1c68660c0d692245ddac0fedd,../../examples/real_annotation_crops_loo/loo_AD/PN148_4R_AD_DIV03__Series_11___1__crop_0007.json,fa71096f17584894339678904f0b50245d8a7afd5884fbd620ded444f896d348,real_annotation_crop_0.1.0,real_crop_builder_0.1.0
PN148_4R_AD_DIV03__Series_11___1__crop_0008,validation,real,PN148_4R_AD_DIV03__Series_11___1,../../examples/real_annotation_crops_loo/loo_AD/PN148_4R_AD_DIV03__Series_11___1__crop_0008.npz,0a2a87d9f567a82b9d9377974bc3bb52163aa0ce7ba7e6f12014f252e04d410f,../../examples/real_annotation_crops_loo/loo_AD/PN148_4R_AD_DIV03__Series_11___1__crop_0008.json,a1c970c669a2d63ef69a9d5f32512696d218c4e594037f8b0d6df0b0faf099e4,real_annotation_crop_0.1.0,real_crop_builder_0.1.0
PN148_4R_AD_DIV03__Series_11___1__crop_0009,validation,real,PN148_4R_AD_DIV03__Series_11___1,../../examples/real_annotation_crops_loo/loo_AD/PN148_4R_AD_DIV03__Series_11___1__crop_0009.npz,ff83e2fbc8bc5c212548f694f8fa9a986dab4078fd8d488cef048a5c652a673e,../../examples/real_annotation_crops_loo/loo_AD/PN148_4R_AD_DIV03__Series_11___1__crop_0009.json,83c412cbbdfd4186729c996e673e3fc3ee40556498b1cbf1ea92345cf1a65fd7,real_annotation_crop_0.1.0,real_crop_builder_0.1.0
PN148_4R_AD_DIV03__Series_11___1__crop_0010,validation,real,PN148_4R_AD_DIV03__Series_11___1,../../examples/real_annotation_crops_loo/loo_AD/PN148_4R_AD_DIV03__Series_11___1__crop_0010.npz,16c156d1c6fa868f2d80c6692a6791161f4841cfef84c55c283cc6d897cbaa22,../../examples/real_annotation_crops_loo/loo_AD/PN148_4R_AD_DIV03__Series_11___1__crop_0010.json,1197ad8706863865a65fe882fb6e523427e97563b23f1fbe7625e09051e7497b,real_annotation_crop_0.1.0,real_crop_builder_0.1.0
PN148_4R_AD_DIV03__Series_11___1__crop_0011,validation,real,PN148_4R_AD_DIV03__Series_11___1,../../examples/real_annotation_crops_loo/loo_AD/PN148_4R_AD_DIV03__Series_11___1__crop_0011.npz,8c87de7f3bd639004cf5be3cf5eee51212a1c8a0015f33d12e713fe5c6c9d318,../../examples/real_annotation_crops_loo/loo_AD/PN148_4R_AD_DIV03__Series_11___1__crop_0011.json,6228d5ef31e58697cd0a4de3bb7d08f89dfcce700e8dd14e091279767ce9a2cf,real_annotation_crop_0.1.0,real_crop_builder_0.1.0
PN148_4R_AD_DIV03__Series_11___1__crop_0012,validation,real,PN148_4R_AD_DIV03__Series_11___1,../../examples/real_annotation_crops_loo/loo_AD/PN148_4R_AD_DIV03__Series_11___1__crop_0012.npz,69ef57b8bdeaf1115b58776c459b968ee1513acf8e83379f54c0b331ba506941,../../examples/real_annotation_crops_loo/loo_AD/PN148_4R_AD_DIV03__Series_11___1__crop_0012.json,9a3a50ab5d9de011667a006bed533618731d2da16e225bf257d413a50806add8,real_annotation_crop_0.1.0,real_crop_builder_0.1.0
PN148_4R_AD_DIV03__Series_11___1__crop_0013,validation,real,PN148_4R_AD_DIV03__Series_11___1,../../examples/real_annotation_crops_loo/loo_AD/PN148_4R_AD_DIV03__Series_11___1__crop_0013.npz,c5f36ab5e00b6f2f0ccafa3916fd7a3a5d3c6ecd9d18e4099fa979f367465a28,../../examples/real_annotation_crops_loo/loo_AD/PN148_4R_AD_DIV03__Series_11___1__crop_0013.json,537e59e793016765ac1f6450b30a1491fc15d67f8d5105ee490c85087da5bdfe,real_annotation_crop_0.1.0,real_crop_builder_0.1.0
PN148_4R_AD_DIV03__Series_11___1__crop_0014,validation,real,PN148_4R_AD_DIV03__Series_11___1,../../examples/real_annotation_crops_loo/loo_AD/PN148_4R_AD_DIV03__Series_11___1__crop_0014.npz,00fad7013a6119ca158548509206353824ef4c5cfc47df381a9f34cc07356850,../../examples/real_annotation_crops_loo/loo_AD/PN148_4R_AD_DIV03__Series_11___1__crop_0014.json,358a2d045810b247602e9c64004698b34ed93ce547634e6bec4dd470a6e43597,real_annotation_crop_0.1.0,real_crop_builder_0.1.0
PN148_4R_AD_DIV03__Series_11___1__crop_0015,validation,real,PN148_4R_AD_DIV03__Series_11___1,../../examples/real_annotation_crops_loo/loo_AD/PN148_4R_AD_DIV03__Series_11___1__crop_0015.npz,e5f7b0be81eb03b8a7422374af8578c6c0c9bd0a9bd5897ae76dea57294898e4,../../examples/real_annotation_crops_loo/loo_AD/PN148_4R_AD_DIV03__Series_11___1__crop_0015.json,72592922732c08cf7a09ca5a5f41aea5c2e49c624459843976896de0f577ca55,real_annotation_crop_0.1.0,real_crop_builder_0.1.0
PN148_4R_AD_DIV03__Series_11___1__crop_0016,validation,real,PN148_4R_AD_DIV03__Series_11___1,../../examples/real_annotation_crops_loo/loo_AD/PN148_4R_AD_DIV03__Series_11___1__crop_0016.npz,df4f18d08c83db28dac9dba9ab24a410379fa61a5be46a669d88eb28f59ec87e,../../examples/real_annotation_crops_loo/loo_AD/PN148_4R_AD_DIV03__Series_11___1__crop_0016.json,c153cade992934f4e7d160fad67916d3e020bcef4ae9296ce67a93b68bad8fc2,real_annotation_crop_0.1.0,real_crop_builder_0.1.0
PN148_4R_AD_DIV03__Series_11___1__crop_0017,validation,real,PN148_4R_AD_DIV03__Series_11___1,../../examples/real_annotation_crops_loo/loo_AD/PN148_4R_AD_DIV03__Series_11___1__crop_0017.npz,0eb80c0fa72fd61436821ec2522e1b42ca0b10d0bf3c3322e01f53ba76f4c362,../../examples/real_annotation_crops_loo/loo_AD/PN148_4R_AD_DIV03__Series_11___1__crop_0017.json,81a55737fdf4f5c894a7cfd998d14f11e25f4c95cfff2a25ad07015eaefd9f6e,real_annotation_crop_0.1.0,real_crop_builder_0.1.0
PN148_4R_AD_DIV03__Series_11___1__crop_0018,validation,real,PN148_4R_AD_DIV03__Series_11___1,../../examples/real_annotation_crops_loo/loo_AD/PN148_4R_AD_DIV03__Series_11___1__crop_0018.npz,3a4929f0a9319170f1305f9d06db94578c9948d99d798b458717d5e1d68f5fd4,../../examples/real_annotation_crops_loo/loo_AD/PN148_4R_AD_DIV03__Series_11___1__crop_0018.json,40214c06c1663076180fc8c09db12fbc8ce6a05939765a7886b167c9003bab90,real_annotation_crop_0.1.0,real_crop_builder_0.1.0
PN148_4R_AD_DIV03__Series_11___1__crop_0019,validation,real,PN148_4R_AD_DIV03__Series_11___1,../../examples/real_annotation_crops_loo/loo_AD/PN148_4R_AD_DIV03__Series_11___1__crop_0019.npz,e8cf9f135d0b32e32ef1ddf059b9c93cf727eb8c095807da74acbcd244eb9a75,../../examples/real_annotation_crops_loo/loo_AD/PN148_4R_AD_DIV03__Series_11___1__crop_0019.json,50753d132a38ad2bffa2ffb63c8ccd9bbe31c71192dbc339d20c0f331ae99ea8,real_annotation_crop_0.1.0,real_crop_builder_0.1.0
PN148_4R_AD_DIV03__Series_11___1__crop_0020,validation,real,PN148_4R_AD_DIV03__Series_11___1,../../examples/real_annotation_crops_loo/loo_AD/PN148_4R_AD_DIV03__Series_11___1__crop_0020.npz,9d9231d5ebb25cb57149926c998127ab5864b1699189aebcacb8774c7e64972a,../../examples/real_annotation_crops_loo/loo_AD/PN148_4R_AD_DIV03__Series_11___1__crop_0020.json,ad4f361e0f53206d57dc234ae50505cdd8c7cbd9d4e7370bf3310474cc65d876,real_annotation_crop_0.1.0,real_crop_builder_0.1.0
PN148_4R_AD_DIV03__Series_11___1__crop_0021,validation,real,PN148_4R_AD_DIV03__Series_11___1,../../examples/real_annotation_crops_loo/loo_AD/PN148_4R_AD_DIV03__Series_11___1__crop_0021.npz,2915da6aed34ce6a976817714414a9e2cf6ce343311993144eaa8b3123032eaa,../../examples/real_annotation_crops_loo/loo_AD/PN148_4R_AD_DIV03__Series_11___1__crop_0021.json,9078d2bc88e0d50355af7d60a5558d8dfe62f6dceb76a928271920a874b2b2ec,real_annotation_crop_0.1.0,real_crop_builder_0.1.0
PN148_4R_AD_DIV03__Series_11___1__crop_0022,validation,real,PN148_4R_AD_DIV03__Series_11___1,../../examples/real_annotation_crops_loo/loo_AD/PN148_4R_AD_DIV03__Series_11___1__crop_0022.npz,08980880f170f24c26fae9cef78d154013180eec6a512dfe95c2a17db4721f39,../../examples/real_annotation_crops_loo/loo_AD/PN148_4R_AD_DIV03__Series_11___1__crop_0022.json,f94f8d9c5de8a8d6050ba4b8501485a8e471cce10800630407a6965402643b48,real_annotation_crop_0.1.0,real_crop_builder_0.1.0
PN148_4R_AD_DIV03__Series_11___1__crop_0023,validation,real,PN148_4R_AD_DIV03__Series_11___1,../../examples/real_annotation_crops_loo/loo_AD/PN148_4R_AD_DIV03__Series_11___1__crop_0023.npz,0e372e26ca65af66b9c8e352318bfb9536305d511f3ccd9550141600b19a2ae7,../../examples/real_annotation_crops_loo/loo_AD/PN148_4R_AD_DIV03__Series_11___1__crop_0023.json,2c1b46c4385c803778e0a987c0da4698aba625f6bbc6274cd75a5a0016a64b3b,real_annotation_crop_0.1.0,real_crop_builder_0.1.0
PN148_4R_AD_DIV03__Series_11___1__crop_0024,validation,real,PN148_4R_AD_DIV03__Series_11___1,../../examples/real_annotation_crops_loo/loo_AD/PN148_4R_AD_DIV03__Series_11___1__crop_0024.npz,bff5e6bde8d8ff616a4c65fcd7680f5f1a3cf438748b6f815d7c9e284e76c71c,../../examples/real_annotation_crops_loo/loo_AD/PN148_4R_AD_DIV03__Series_11___1__crop_0024.json,693a359f8145b257a9529d3458712938e0ffcb263b7205309a7fd739187f55a1,real_annotation_crop_0.1.0,real_crop_builder_0.1.0
PN148_4R_AD_DIV03__Series_11___1__crop_0025,validation,real,PN148_4R_AD_DIV03__Series_11___1,../../examples/real_annotation_crops_loo/loo_AD/PN148_4R_AD_DIV03__Series_11___1__crop_0025.npz,dd386272c2a793864741a9fc89c00df58d320833d141f8a913a0a0318e0b7084,../../examples/real_annotation_crops_loo/loo_AD/PN148_4R_AD_DIV03__Series_11___1__crop_0025.json,9337d063823555c2a00f1e99b3bc9c6883fb5919b2387183f81b491f216e506f,real_annotation_crop_0.1.0,real_crop_builder_0.1.0
PN148_4R_AD_DIV03__Series_11___1__crop_0026,validation,real,PN148_4R_AD_DIV03__Series_11___1,../../examples/real_annotation_crops_loo/loo_AD/PN148_4R_AD_DIV03__Series_11___1__crop_0026.npz,cdd4791de2f9e25d02d3d4027315783b11f4807c6c3caaf7d9278dc590aa9665,../../examples/real_annotation_crops_loo/loo_AD/PN148_4R_AD_DIV03__Series_11___1__crop_0026.json,a8e64af32ee91b253ea995886d03a0991ae1f78e4ca71045149a7af84552db0d,real_annotation_crop_0.1.0,real_crop_builder_0.1.0
PN148_4R_AD_DIV03__Series_11___1__crop_0027,validation,real,PN148_4R_AD_DIV03__Series_11___1,../../examples/real_annotation_crops_loo/loo_AD/PN148_4R_AD_DIV03__Series_11___1__crop_0027.npz,55f569a1c71437d1e526efd356b489eeaaf3ecd1f30f85900d896630c81f5787,../../examples/real_annotation_crops_loo/loo_AD/PN148_4R_AD_DIV03__Series_11___1__crop_0027.json,f814f8fcd2d2542e0ccac95c35bf8664b27f946fd29a1151ab7739c5af0b34f6,real_annotation_crop_0.1.0,real_crop_builder_0.1.0
PN148_4R_AD_DIV03__Series_11___1__crop_0028,validation,real,PN148_4R_AD_DIV03__Series_11___1,../../examples/real_annotation_crops_loo/loo_AD/PN148_4R_AD_DIV03__Series_11___1__crop_0028.npz,730c094d575e9261ab1eb01b5e5c47ec5d03670b14beb7b19c286ed38950dbe4,../../examples/real_annotation_crops_loo/loo_AD/PN148_4R_AD_DIV03__Series_11___1__crop_0028.json,6e0869b21d9154713a3e0ee4b1bf1ae30d317b68bbb3f9e866aff22c0ccb4fcd,real_annotation_crop_0.1.0,real_crop_builder_0.1.0
PN148_4R_AD_DIV03__Series_11___1__crop_0029,validation,real,PN148_4R_AD_DIV03__Series_11___1,../../examples/real_annotation_crops_loo/loo_AD/PN148_4R_AD_DIV03__Series_11___1__crop_0029.npz,960bc0e10a37876d24bbb2cf1fffa097196ab63740c6ceca9a29fcba2b1d41ce,../../examples/real_annotation_crops_loo/loo_AD/PN148_4R_AD_DIV03__Series_11___1__crop_0029.json,2ccc2e5306bd27312a5a63937c707cf341bb64baa31ce2d629577db339aae3fb,real_annotation_crop_0.1.0,real_crop_builder_0.1.0
PN148_4R_AD_DIV03__Series_11___1__crop_0030,validation,real,PN148_4R_AD_DIV03__Series_11___1,../../examples/real_annotation_crops_loo/loo_AD/PN148_4R_AD_DIV03__Series_11___1__crop_0030.npz,1c0ab3d47356290d73a963b60fe06e8e008e3af40deef3e7b9b9011b1913b2af,../../examples/real_annotation_crops_loo/loo_AD/PN148_4R_AD_DIV03__Series_11___1__crop_0030.json,d7050a47086655f9df5b66073a4a2924ba34529a24e265293d77277ad209ddd1,real_annotation_crop_0.1.0,real_crop_builder_0.1.0
PN148_4R_AD_DIV03__Series_11___1__crop_0031,validation,real,PN148_4R_AD_DIV03__Series_11___1,../../examples/real_annotation_crops_loo/loo_AD/PN148_4R_AD_DIV03__Series_11___1__crop_0031.npz,5b96c0a657e8005a5236f8bf8f60faf5d2c33e255dcd3afba0a26993ef91bff7,../../examples/real_annotation_crops_loo/loo_AD/PN148_4R_AD_DIV03__Series_11___1__crop_0031.json,c7660dd9f214366a4d7b36939f689048f75e582f3513a095584f108d9b202dd6,real_annotation_crop_0.1.0,real_crop_builder_0.1.0
PN148_4R_AD_DIV03__Series_11___1__crop_0032,validation,real,PN148_4R_AD_DIV03__Series_11___1,../../examples/real_annotation_crops_loo/loo_AD/PN148_4R_AD_DIV03__Series_11___1__crop_0032.npz,68993d34cc0ed370f775532f42091cfa55e1b7d1809b9a0f279489cb995ba0a5,../../examples/real_annotation_crops_loo/loo_AD/PN148_4R_AD_DIV03__Series_11___1__crop_0032.json,32f12b87a4a20efe461d60e2100a81d8b85a33b7d587c81e92c51283ea7c9c35,real_annotation_crop_0.1.0,real_crop_builder_0.1.0
PN148_4R_AD_DIV03__Series_11___1__crop_0033,validation,real,PN148_4R_AD_DIV03__Series_11___1,../../examples/real_annotation_crops_loo/loo_AD/PN148_4R_AD_DIV03__Series_11___1__crop_0033.npz,199b14fe48a0610c074b68ab2d756a3a36a950e21df069fbf1704c6bcac92980,../../examples/real_annotation_crops_loo/loo_AD/PN148_4R_AD_DIV03__Series_11___1__crop_0033.json,b6350eb039f5b845815dd63adb3c2f24099f947dcf9e0b32c51ce73ca34234b5,real_annotation_crop_0.1.0,real_crop_builder_0.1.0
PN148_4R_AD_DIV03__Series_11___1__crop_0034,validation,real,PN148_4R_AD_DIV03__Series_11___1,../../examples/real_annotation_crops_loo/loo_AD/PN148_4R_AD_DIV03__Series_11___1__crop_0034.npz,35314761fe9cbe443e123ef64524401ac2b7f7cd1c67099d7b0a71ae6ffe6ac3,../../examples/real_annotation_crops_loo/loo_AD/PN148_4R_AD_DIV03__Series_11___1__crop_0034.json,f356c82a13c199d7458d608ba47b88b9a4411c7d024e9a923a7fb06400fabf3e,real_annotation_crop_0.1.0,real_crop_builder_0.1.0
PN148_4R_AD_DIV03__Series_11___1__crop_0035,validation,real,PN148_4R_AD_DIV03__Series_11___1,../../examples/real_annotation_crops_loo/loo_AD/PN148_4R_AD_DIV03__Series_11___1__crop_0035.npz,89ed90b534a5201b6257388088b0eb3b759fdd5ac2689bc8d94268f2f766a6a1,../../examples/real_annotation_crops_loo/loo_AD/PN148_4R_AD_DIV03__Series_11___1__crop_0035.json,74516233806330934c33a680412638dd50ddc047865d708c20abf868ba1725b8,real_annotation_crop_0.1.0,real_crop_builder_0.1.0
PN148_4R_AD_DIV03__Series_11___1__crop_0036,validation,real,PN148_4R_AD_DIV03__Series_11___1,../../examples/real_annotation_crops_loo/loo_AD/PN148_4R_AD_DIV03__Series_11___1__crop_0036.npz,995f69280e25b64724ac00f227343c0d04d57016aaf6db18a74a0e47f2d2d6fe,../../examples/real_annotation_crops_loo/loo_AD/PN148_4R_AD_DIV03__Series_11___1__crop_0036.json,7097a5aeeee493565815f43dc60b8dd3b1194150ff0f0f14cc2e5e1d688e31ef,real_annotation_crop_0.1.0,real_crop_builder_0.1.0
PN148_4R_AD_DIV03__Series_11___1__crop_0037,validation,real,PN148_4R_AD_DIV03__Series_11___1,../../examples/real_annotation_crops_loo/loo_AD/PN148_4R_AD_DIV03__Series_11___1__crop_0037.npz,f83a931493d687674b3acb25a0994687d0fc36ebe192b719d3288492ae26efca,../../examples/real_annotation_crops_loo/loo_AD/PN148_4R_AD_DIV03__Series_11___1__crop_0037.json,6c61540602c06a4d674d50d40c904153bad5224f4c630ddefcf73a043b9fada7,real_annotation_crop_0.1.0,real_crop_builder_0.1.0
PN148_4R_AD_DIV03__Series_11___1__crop_0038,validation,real,PN148_4R_AD_DIV03__Series_11___1,../../examples/real_annotation_crops_loo/loo_AD/PN148_4R_AD_DIV03__Series_11___1__crop_0038.npz,6d8b45abaef10f7d6af8c6d07b85c7802f038eb8cf722b07ccc0e0bfc7d353cc,../../examples/real_annotation_crops_loo/loo_AD/PN148_4R_AD_DIV03__Series_11___1__crop_0038.json,806d61c440295b9611d6d1e2609615ed340d1956b82c236c9ffa2a67976e37d3,real_annotation_crop_0.1.0,real_crop_builder_0.1.0
PN148_4R_AD_DIV03__Series_11___1__crop_0039,validation,real,PN148_4R_AD_DIV03__Series_11___1,../../examples/real_annotation_crops_loo/loo_AD/PN148_4R_AD_DIV03__Series_11___1__crop_0039.npz,39d3c758dd2632945b99ab6bacc4bbaa0da051f1049692017875c9cde870f6dd,../../examples/real_annotation_crops_loo/loo_AD/PN148_4R_AD_DIV03__Series_11___1__crop_0039.json,ab2953d2c108818cf0dc71cb411d11253a71ca3d6d0b9c3ea9939336fe20a1e8,real_annotation_crop_0.1.0,real_crop_builder_0.1.0
PN148_4R_AD_DIV03__Series_11___1__crop_0040,validation,real,PN148_4R_AD_DIV03__Series_11___1,../../examples/real_annotation_crops_loo/loo_AD/PN148_4R_AD_DIV03__Series_11___1__crop_0040.npz,29a8d03b0fb3fd8e360208cdcfb110a4dd83d94403ec7f6c6ed83a168be4d6fa,../../examples/real_annotation_crops_loo/loo_AD/PN148_4R_AD_DIV03__Series_11___1__crop_0040.json,25dda19fbdd086296af8154be6b581b4ff69e74ae39078b2b6769d63c20c2705,real_annotation_crop_0.1.0,real_crop_builder_0.1.0
PN148_4R_AD_DIV03__Series_11___1__crop_0041,validation,real,PN148_4R_AD_DIV03__Series_11___1,../../examples/real_annotation_crops_loo/loo_AD/PN148_4R_AD_DIV03__Series_11___1__crop_0041.npz,7ed0bc73043226a3ca8534c818fb6882cd81dd6baabdc075cedea49724520b7b,../../examples/real_annotation_crops_loo/loo_AD/PN148_4R_AD_DIV03__Series_11___1__crop_0041.json,bd70743cc8daee6c26333688963f68bf6bf6076344135ef8a9afb2ff8105ec2d,real_annotation_crop_0.1.0,real_crop_builder_0.1.0
PN148_4R_AD_DIV03__Series_11___1__crop_0042,validation,real,PN148_4R_AD_DIV03__Series_11___1,../../examples/real_annotation_crops_loo/loo_AD/PN148_4R_AD_DIV03__Series_11___1__crop_0042.npz,550760952963fd4e638f52268a6389ac0ab5344a071db5c324088fa49d4d2f94,../../examples/real_annotation_crops_loo/loo_AD/PN148_4R_AD_DIV03__Series_11___1__crop_0042.json,6a0824a464e4a278e10c12f67366b490a00793c761fee2a20c60be155a325eda,real_annotation_crop_0.1.0,real_crop_builder_0.1.0
PN148_4R_AD_DIV03__Series_11___1__crop_0043,validation,real,PN148_4R_AD_DIV03__Series_11___1,../../examples/real_annotation_crops_loo/loo_AD/PN148_4R_AD_DIV03__Series_11___1__crop_0043.npz,47f002f21ff610b9e41386c191dacf2c0fe72fb6e2ded6e0212e6ca880a5441d,../../examples/real_annotation_crops_loo/loo_AD/PN148_4R_AD_DIV03__Series_11___1__crop_0043.json,b1e232555ecaeb6a71a29067fca3a90cd16787139911d6863fc711fb084efebc,real_annotation_crop_0.1.0,real_crop_builder_0.1.0
PN148_4R_AD_DIV03__Series_11___1__crop_0044,validation,real,PN148_4R_AD_DIV03__Series_11___1,../../examples/real_annotation_crops_loo/loo_AD/PN148_4R_AD_DIV03__Series_11___1__crop_0044.npz,16784f0608891982a78b95a4adc2cd83218816654774ff8ffddb3fbaad356e38,../../examples/real_annotation_crops_loo/loo_AD/PN148_4R_AD_DIV03__Series_11___1__crop_0044.json,ab9cc352848f4ce27ee54207622981da67f52d002c89710d8a3865432b569b42,real_annotation_crop_0.1.0,real_crop_builder_0.1.0
PN148_4R_AD_DIV03__Series_11___1__crop_0045,validation,real,PN148_4R_AD_DIV03__Series_11___1,../../examples/real_annotation_crops_loo/loo_AD/PN148_4R_AD_DIV03__Series_11___1__crop_0045.npz,a394f0cf1e0152b7f090e0a57967671784ba9653591681a592f916a5ec875ab9,../../examples/real_annotation_crops_loo/loo_AD/PN148_4R_AD_DIV03__Series_11___1__crop_0045.json,4140cdfee3e9de5ee5e9a65c5f8e15b444ed56f83c4484521aba0bbe068c40f2,real_annotation_crop_0.1.0,real_crop_builder_0.1.0
PN148_4R_AD_DIV03__Series_11___1__crop_0046,validation,real,PN148_4R_AD_DIV03__Series_11___1,../../examples/real_annotation_crops_loo/loo_AD/PN148_4R_AD_DIV03__Series_11___1__crop_0046.npz,c288251cd6b1eaa52978af5cea9829afc520b4a4126ef2117f0e77d011eb7f62,../../examples/real_annotation_crops_loo/loo_AD/PN148_4R_AD_DIV03__Series_11___1__crop_0046.json,bef6e15dabb6114b9d558861a761c2df10d3ab29de8e9c21cac894efe145d7c9,real_annotation_crop_0.1.0,real_crop_builder_0.1.0
PN148_4R_AD_DIV03__Series_11___1__crop_0047,validation,real,PN148_4R_AD_DIV03__Series_11___1,../../examples/real_annotation_crops_loo/loo_AD/PN148_4R_AD_DIV03__Series_11___1__crop_0047.npz,4624e1e2c1071d432a3acbfb94d41087469cfb8309bf904ccfb14c7e1ea759c9,../../examples/real_annotation_crops_loo/loo_AD/PN148_4R_AD_DIV03__Series_11___1__crop_0047.json,00bd0698bc44dff8a4e61e8c82c7ad0fecd7589eeb2176c5e427a7beb32895de,real_annotation_crop_0.1.0,real_crop_builder_0.1.0
PN148_4R_AD_DIV03__Series_11___1__crop_0048,validation,real,PN148_4R_AD_DIV03__Series_11___1,../../examples/real_annotation_crops_loo/loo_AD/PN148_4R_AD_DIV03__Series_11___1__crop_0048.npz,f63a83dd7cc21e8ec90817c87038663711580db3175c519fcc8d53b96db6b81b,../../examples/real_annotation_crops_loo/loo_AD/PN148_4R_AD_DIV03__Series_11___1__crop_0048.json,352d2a3154a28910dd075f864b4ead4a9332c2f0b939926e544132d9463713e6,real_annotation_crop_0.1.0,real_crop_builder_0.1.0
PN148_4R_AD_DIV03__Series_11___1__crop_0049,validation,real,PN148_4R_AD_DIV03__Series_11___1,../../examples/real_annotation_crops_loo/loo_AD/PN148_4R_AD_DIV03__Series_11___1__crop_0049.npz,2b5a9f5d572547d50b0ad6b3b5f4be0a3855de9041983ca1dcd8be1fb46b984f,../../examples/real_annotation_crops_loo/loo_AD/PN148_4R_AD_DIV03__Series_11___1__crop_0049.json,c5f3d5717a90367d72b5171e6f4669fa68f00a92a29c6aae2603791b7a0e2a19,real_annotation_crop_0.1.0,real_crop_builder_0.1.0
PN148_4R_AD_DIV03__Series_11___1__crop_0050,validation,real,PN148_4R_AD_DIV03__Series_11___1,../../examples/real_annotation_crops_loo/loo_AD/PN148_4R_AD_DIV03__Series_11___1__crop_0050.npz,a92a854092cb30e915cbc7bc8e88e191948459ab689244d544685f770dd22787,../../examples/real_annotation_crops_loo/loo_AD/PN148_4R_AD_DIV03__Series_11___1__crop_0050.json,f7295c60da0b412ab449ff94db16e86ed5789b917125477f7fa4b0e7331295ef,real_annotation_crop_0.1.0,real_crop_builder_0.1.0
PN148_4R_AD_DIV03__Series_11___1__crop_0051,validation,real,PN148_4R_AD_DIV03__Series_11___1,../../examples/real_annotation_crops_loo/loo_AD/PN148_4R_AD_DIV03__Series_11___1__crop_0051.npz,863bec4c26e14b631f1037f9bec10f18b2d9ab0a2d753c25715c842aed2e4e3b,../../examples/real_annotation_crops_loo/loo_AD/PN148_4R_AD_DIV03__Series_11___1__crop_0051.json,84b9a016cd56832e4a90fc9686e0b5e7d1629a5f931af51a7ec4f2585ef7113c,real_annotation_crop_0.1.0,real_crop_builder_0.1.0
PN148_4R_AD_DIV03__Series_11___1__crop_0052,validation,real,PN148_4R_AD_DIV03__Series_11___1,../../examples/real_annotation_crops_loo/loo_AD/PN148_4R_AD_DIV03__Series_11___1__crop_0052.npz,3131479723e2c4143df1a5503444cc0206026046f11f19cacf28da6a25431c9d,../../examples/real_annotation_crops_loo/loo_AD/PN148_4R_AD_DIV03__Series_11___1__crop_0052.json,7592d63232b6db0a99e0b313d4bc38f6dd3ea6315fcbe1d0aff33363f529fcf9,real_annotation_crop_0.1.0,real_crop_builder_0.1.0
PN148_4R_AD_DIV03__Series_11___1__crop_0053,validation,real,PN148_4R_AD_DIV03__Series_11___1,../../examples/real_annotation_crops_loo/loo_AD/PN148_4R_AD_DIV03__Series_11___1__crop_0053.npz,b4280e0e964bc319f36ec44b12fdfacaf5e90fb2c4bf8e1b46b05416132d2fe2,../../examples/real_annotation_crops_loo/loo_AD/PN148_4R_AD_DIV03__Series_11___1__crop_0053.json,801769964387c09feae1df5e3f3cc48c64886df377ecc8074377c64a5e454878,real_annotation_crop_0.1.0,real_crop_builder_0.1.0
PN148_4R_AD_DIV03__Series_11___1__crop_0054,validation,real,PN148_4R_AD_DIV03__Series_11___1,../../examples/real_annotation_crops_loo/loo_AD/PN148_4R_AD_DIV03__Series_11___1__crop_0054.npz,bbf8bb39d783cd549a86b9787a6d0367ba7853f03f4675f0f7590edf4035ac7c,../../examples/real_annotation_crops_loo/loo_AD/PN148_4R_AD_DIV03__Series_11___1__crop_0054.json,9a600a714e44d05249d16ccf137c2b436c7555b014826a13ba2e2a0d701086b9,real_annotation_crop_0.1.0,real_crop_builder_0.1.0
PN148_4R_AD_DIV03__Series_11___1__crop_0055,validation,real,PN148_4R_AD_DIV03__Series_11___1,../../examples/real_annotation_crops_loo/loo_AD/PN148_4R_AD_DIV03__Series_11___1__crop_0055.npz,92015a10455dfe137709e768b156f440eabe1100c773db8dba5bf1553b9aeccc,../../examples/real_annotation_crops_loo/loo_AD/PN148_4R_AD_DIV03__Series_11___1__crop_0055.json,50202a756eb2404281045d80e573414eb71a606e84caeb35b6de3d7e0f783dcd,real_annotation_crop_0.1.0,real_crop_builder_0.1.0
PN148_4R_AD_DIV03__Series_11___1__crop_0056,validation,real,PN148_4R_AD_DIV03__Series_11___1,../../examples/real_annotation_crops_loo/loo_AD/PN148_4R_AD_DIV03__Series_11___1__crop_0056.npz,48d13d5f307d28c634a4ce62f7b635ca740fcb2fd3f79e46712df53cf673a774,../../examples/real_annotation_crops_loo/loo_AD/PN148_4R_AD_DIV03__Series_11___1__crop_0056.json,aa5b9159f8573b95f39ff81aad74b1dcaf17730e6c36dbe712140f93a9cc507b,real_annotation_crop_0.1.0,real_crop_builder_0.1.0
PN148_4R_AD_DIV03__Series_11___1__crop_0057,validation,real,PN148_4R_AD_DIV03__Series_11___1,../../examples/real_annotation_crops_loo/loo_AD/PN148_4R_AD_DIV03__Series_11___1__crop_0057.npz,0b69bcdeaf5590ebe679ee9aae6e422b22f379fd1c30ff527f71305cc5680288,../../examples/real_annotation_crops_loo/loo_AD/PN148_4R_AD_DIV03__Series_11___1__crop_0057.json,9006d2d9c35457c56bf7be70e36963d1e528b40983b919209e8d892f21b21b65,real_annotation_crop_0.1.0,real_crop_builder_0.1.0
PN148_4R_AD_DIV03__Series_11___1__crop_0058,validation,real,PN148_4R_AD_DIV03__Series_11___1,../../examples/real_annotation_crops_loo/loo_AD/PN148_4R_AD_DIV03__Series_11___1__crop_0058.npz,cdbaf8f6e4e3cf0184b87659306c2e3176606cd586c5fbd3d095802aa55ea272,../../examples/real_annotation_crops_loo/loo_AD/PN148_4R_AD_DIV03__Series_11___1__crop_0058.json,cab9a9aebe4d598c89a0b81475edb22a363c1d46c5f80007b0deb5290ca9974d,real_annotation_crop_0.1.0,real_crop_builder_0.1.0
PN148_4R_AD_DIV03__Series_11___1__crop_0059,validation,real,PN148_4R_AD_DIV03__Series_11___1,../../examples/real_annotation_crops_loo/loo_AD/PN148_4R_AD_DIV03__Series_11___1__crop_0059.npz,87bab11fffc67f25ce117bb543d07cca9ed941e9a93c68e4da4634f76fd902df,../../examples/real_annotation_crops_loo/loo_AD/PN148_4R_AD_DIV03__Series_11___1__crop_0059.json,13291e6ceeaf78012e5d61690eef96fdb24306274ec941dd5a6e2b19bfb69d76,real_annotation_crop_0.1.0,real_crop_builder_0.1.0
PN148_4R_AD_DIV03__Series_11___1__crop_0060,validation,real,PN148_4R_AD_DIV03__Series_11___1,../../examples/real_annotation_crops_loo/loo_AD/PN148_4R_AD_DIV03__Series_11___1__crop_0060.npz,fa4b0f961afffe035783bf61efea4f6652d0189c043abe450888b39c82c93a66,../../examples/real_annotation_crops_loo/loo_AD/PN148_4R_AD_DIV03__Series_11___1__crop_0060.json,d5c7e63bacc8e50d5a064e2d7e635d1bfcb66a43a16ba1fb79fd1b63531b76cb,real_annotation_crop_0.1.0,real_crop_builder_0.1.0
PN148_4R_AD_DIV03__Series_11___1__crop_0061,validation,real,PN148_4R_AD_DIV03__Series_11___1,../../examples/real_annotation_crops_loo/loo_AD/PN148_4R_AD_DIV03__Series_11___1__crop_0061.npz,1ef68c599c66966b3601f8e00227b607bc93ddd5134bcf7a961ae39f93d18b50,../../examples/real_annotation_crops_loo/loo_AD/PN148_4R_AD_DIV03__Series_11___1__crop_0061.json,5cb07ca0075d0529d51b6610a01936ffa3b632c286f77124d9e707092f30ea2b,real_annotation_crop_0.1.0,real_crop_builder_0.1.0
PN148_4R_AD_DIV03__Series_11___1__crop_0062,validation,real,PN148_4R_AD_DIV03__Series_11___1,../../examples/real_annotation_crops_loo/loo_AD/PN148_4R_AD_DIV03__Series_11___1__crop_0062.npz,90ea4b692a4c6e4f0ea78663d720728d5d8855869ffb1e88fbd6e01852d95fc3,../../examples/real_annotation_crops_loo/loo_AD/PN148_4R_AD_DIV03__Series_11___1__crop_0062.json,264be7eeccc872e86b3c1b5c81881bed597cdc1183f71d9c778f68a8a20b30cb,real_annotation_crop_0.1.0,real_crop_builder_0.1.0
PN148_4R_AD_DIV03__Series_11___1__crop_0063,validation,real,PN148_4R_AD_DIV03__Series_11___1,../../examples/real_annotation_crops_loo/loo_AD/PN148_4R_AD_DIV03__Series_11___1__crop_0063.npz,f98e6daa408ccd7462114ccbf0a8372d0135090e09366d5e5a4b0613de3f8490,../../examples/real_annotation_crops_loo/loo_AD/PN148_4R_AD_DIV03__Series_11___1__crop_0063.json,b7b5fa3a95fec9cfa51ff503b07cdcb71105a092af381acd22830a8ea5de83c2,real_annotation_crop_0.1.0,real_crop_builder_0.1.0
PN148_4R_PSP_DIV5__Series_5___1__crop_0000,train,real,PN148_4R_PSP_DIV5__Series_5___1,../../examples/real_annotation_crops_loo/loo_AD/PN148_4R_PSP_DIV5__Series_5___1__crop_0000.npz,ba24bdc976fbe3c22228f6da44dd994f3d820bc5acec213db57f90374527610e,../../examples/real_annotation_crops_loo/loo_AD/PN148_4R_PSP_DIV5__Series_5___1__crop_0000.json,34029d85299f459093122cb3268094540afe04bff045affc3614e3963d7ad53c,real_annotation_crop_0.1.0,real_crop_builder_0.1.0
PN148_4R_PSP_DIV5__Series_5___1__crop_0001,train,real,PN148_4R_PSP_DIV5__Series_5___1,../../examples/real_annotation_crops_loo/loo_AD/PN148_4R_PSP_DIV5__Series_5___1__crop_0001.npz,fc43f0839be1dd7c6e02e5dcd6d589bb4ddb8c105401fa45cafdccd03cccf1a3,../../examples/real_annotation_crops_loo/loo_AD/PN148_4R_PSP_DIV5__Series_5___1__crop_0001.json,269a704a2e75d13c78fd2f8673436658160f3c451ea8b55a99a2cfbacb73356b,real_annotation_crop_0.1.0,real_crop_builder_0.1.0
PN148_4R_PSP_DIV5__Series_5___1__crop_0002,train,real,PN148_4R_PSP_DIV5__Series_5___1,../../examples/real_annotation_crops_loo/loo_AD/PN148_4R_PSP_DIV5__Series_5___1__crop_0002.npz,9286c8a1ac2b066976af6530b821c97e6ab9c459a7c321699b6b83a10e0d0b74,../../examples/real_annotation_crops_loo/loo_AD/PN148_4R_PSP_DIV5__Series_5___1__crop_0002.json,610bfdb108c03610002fa7b384d0f6002f65d04131787e4465a50f4deb060214,real_annotation_crop_0.1.0,real_crop_builder_0.1.0
PN148_4R_PSP_DIV5__Series_5___1__crop_0003,train,real,PN148_4R_PSP_DIV5__Series_5___1,../../examples/real_annotation_crops_loo/loo_AD/PN148_4R_PSP_DIV5__Series_5___1__crop_0003.npz,4791ed21304317cd5d7a9fd5ac2a7b691f1f0845e4df8ce4658af11827a3271a,../../examples/real_annotation_crops_loo/loo_AD/PN148_4R_PSP_DIV5__Series_5___1__crop_0003.json,a89595bdf3a8e960351fb77526233097646dd64621610e9bc9d8972b85bdc210,real_annotation_crop_0.1.0,real_crop_builder_0.1.0
PN148_4R_PSP_DIV5__Series_5___1__crop_0004,train,real,PN148_4R_PSP_DIV5__Series_5___1,../../examples/real_annotation_crops_loo/loo_AD/PN148_4R_PSP_DIV5__Series_5___1__crop_0004.npz,ad98c2d2d8bc4aee8a438b1ba1af20914594d97156fb7b0d9e869e123d8d992d,../../examples/real_annotation_crops_loo/loo_AD/PN148_4R_PSP_DIV5__Series_5___1__crop_0004.json,4edf249fbd156d4e19dff26655b80a2cec467ac9395c3f61d405e0e72b525fe9,real_annotation_crop_0.1.0,real_crop_builder_0.1.0
PN148_4R_PSP_DIV5__Series_5___1__crop_0005,train,real,PN148_4R_PSP_DIV5__Series_5___1,../../examples/real_annotation_crops_loo/loo_AD/PN148_4R_PSP_DIV5__Series_5___1__crop_0005.npz,b3e7f6e403c31845c3fa074717b904784bd948eefe429365bcb9cd53b86d505d,../../examples/real_annotation_crops_loo/loo_AD/PN148_4R_PSP_DIV5__Series_5___1__crop_0005.json,65e1057474ef8acb566e01a4a1925c0941036792a4608edcbea0d8728ef26480,real_annotation_crop_0.1.0,real_crop_builder_0.1.0
PN148_4R_PSP_DIV5__Series_5___1__crop_0006,train,real,PN148_4R_PSP_DIV5__Series_5___1,../../examples/real_annotation_crops_loo/loo_AD/PN148_4R_PSP_DIV5__Series_5___1__crop_0006.npz,4d3267ad041f5b3dbecab5c5fee701cef7900aa511a687eacf3c1411e85a4224,../../examples/real_annotation_crops_loo/loo_AD/PN148_4R_PSP_DIV5__Series_5___1__crop_0006.json,78a5ffbc15cf125ef9de395860d4e3ceea25599c27dc213b55bf92143f2ff3ba,real_annotation_crop_0.1.0,real_crop_builder_0.1.0
PN148_4R_PSP_DIV5__Series_5___1__crop_0007,train,real,PN148_4R_PSP_DIV5__Series_5___1,../../examples/real_annotation_crops_loo/loo_AD/PN148_4R_PSP_DIV5__Series_5___1__crop_0007.npz,faedc9ac186a4b66d1b05ea769148b868b399c90bfbe3c80d3cb954dfb24a91f,../../examples/real_annotation_crops_loo/loo_AD/PN148_4R_PSP_DIV5__Series_5___1__crop_0007.json,d899005efd9f0a8d59f2b7f00c93b5b5682119eaafc22ee97a59549bf76891ad,real_annotation_crop_0.1.0,real_crop_builder_0.1.0
PN148_4R_PSP_DIV5__Series_5___1__crop_0008,train,real,PN148_4R_PSP_DIV5__Series_5___1,../../examples/real_annotation_crops_loo/loo_AD/PN148_4R_PSP_DIV5__Series_5___1__crop_0008.npz,5ac3c96d6c28c278aef0071afd3f4c53f06a8f79ce4679d4ea4b4581bf400196,../../examples/real_annotation_crops_loo/loo_AD/PN148_4R_PSP_DIV5__Series_5___1__crop_0008.json,141688aa5104c164d42632617049c4be9e07f4ce2a48147aaf08f1497bf5a31d,real_annotation_crop_0.1.0,real_crop_builder_0.1.0
PN148_4R_PSP_DIV5__Series_5___1__crop_0009,train,real,PN148_4R_PSP_DIV5__Series_5___1,../../examples/real_annotation_crops_loo/loo_AD/PN148_4R_PSP_DIV5__Series_5___1__crop_0009.npz,00c1103ecadbf77aa216c5e420474e0884ad6df42d7007677588001360c6bc4a,../../examples/real_annotation_crops_loo/loo_AD/PN148_4R_PSP_DIV5__Series_5___1__crop_0009.json,516cd89a7e89ce44c944edfb0a181851080115dc00a5b607f176ff8a2c051d94,real_annotation_crop_0.1.0,real_crop_builder_0.1.0
PN148_4R_PSP_DIV5__Series_5___1__crop_0010,train,real,PN148_4R_PSP_DIV5__Series_5___1,../../examples/real_annotation_crops_loo/loo_AD/PN148_4R_PSP_DIV5__Series_5___1__crop_0010.npz,471613849fd13557e63592b828c96247170803d67bcf22946544aafd5a2896d6,../../examples/real_annotation_crops_loo/loo_AD/PN148_4R_PSP_DIV5__Series_5___1__crop_0010.json,adbc0a7801a23f2b6353c03269d4238442b80a0f72dec4266ea0c3b4591c49eb,real_annotation_crop_0.1.0,real_crop_builder_0.1.0
PN148_4R_PSP_DIV5__Series_5___1__crop_0011,train,real,PN148_4R_PSP_DIV5__Series_5___1,../../examples/real_annotation_crops_loo/loo_AD/PN148_4R_PSP_DIV5__Series_5___1__crop_0011.npz,a00f8151c5c95e19d620eb0155c6fa37d8571d6a046e29c94b13ec7f4fc33eba,../../examples/real_annotation_crops_loo/loo_AD/PN148_4R_PSP_DIV5__Series_5___1__crop_0011.json,0a29dc523b991722c2db2b2ee9a3768c5b5baf9fefb0c9df8fe32017b570bfef,real_annotation_crop_0.1.0,real_crop_builder_0.1.0
PN148_4R_PSP_DIV5__Series_5___1__crop_0012,train,real,PN148_4R_PSP_DIV5__Series_5___1,../../examples/real_annotation_crops_loo/loo_AD/PN148_4R_PSP_DIV5__Series_5___1__crop_0012.npz,5d557339d480be2dad5a931e59e5ba0e721b9d84ee30263cb941f500939bb883,../../examples/real_annotation_crops_loo/loo_AD/PN148_4R_PSP_DIV5__Series_5___1__crop_0012.json,19e4302c042b77358d86762b6b744d35b0248a47b1cb4020d7e5099f5604faa4,real_annotation_crop_0.1.0,real_crop_builder_0.1.0
PN148_4R_PSP_DIV5__Series_5___1__crop_0013,train,real,PN148_4R_PSP_DIV5__Series_5___1,../../examples/real_annotation_crops_loo/loo_AD/PN148_4R_PSP_DIV5__Series_5___1__crop_0013.npz,4c8fa617f81c7b080781e3a8d62098ac4407e80b67c3eb9b71ea9b0c3854444f,../../examples/real_annotation_crops_loo/loo_AD/PN148_4R_PSP_DIV5__Series_5___1__crop_0013.json,1617ed90aa75267385718da67d2f9f6eef8d249f5f69c2d8ba899a5d3e4dba83,real_annotation_crop_0.1.0,real_crop_builder_0.1.0
PN148_4R_PSP_DIV5__Series_5___1__crop_0014,train,real,PN148_4R_PSP_DIV5__Series_5___1,../../examples/real_annotation_crops_loo/loo_AD/PN148_4R_PSP_DIV5__Series_5___1__crop_0014.npz,813751eb648fc4369a89b5a7b4a4f152fc18e4efeb139f8b88c6a654266bddf0,../../examples/real_annotation_crops_loo/loo_AD/PN148_4R_PSP_DIV5__Series_5___1__crop_0014.json,f77c6738e9fad420e39092037712b7a6b32adf510ee2ede88eddc205a635935b,real_annotation_crop_0.1.0,real_crop_builder_0.1.0
PN148_4R_PSP_DIV5__Series_5___1__crop_0015,train,real,PN148_4R_PSP_DIV5__Series_5___1,../../examples/real_annotation_crops_loo/loo_AD/PN148_4R_PSP_DIV5__Series_5___1__crop_0015.npz,33ff66b81b6c92f6a12ab61aa1bc8adf77e810b837fbc7ce1ddab593951e035a,../../examples/real_annotation_crops_loo/loo_AD/PN148_4R_PSP_DIV5__Series_5___1__crop_0015.json,315d61cb13e3e5c1f2119bf278b9efc27bc8d61b229322395c507b7cb54551bd,real_annotation_crop_0.1.0,real_crop_builder_0.1.0
PN148_4R_PSP_DIV5__Series_5___1__crop_0016,train,real,PN148_4R_PSP_DIV5__Series_5___1,../../examples/real_annotation_crops_loo/loo_AD/PN148_4R_PSP_DIV5__Series_5___1__crop_0016.npz,4cee501b4127e26308af44cf8aa2666bb5c5dd80d9293295efcf1ef82b0f4030,../../examples/real_annotation_crops_loo/loo_AD/PN148_4R_PSP_DIV5__Series_5___1__crop_0016.json,23d5054f3a4c7009037b54df3864cd995b53c17082d50b4ba0163d58f85d9059,real_annotation_crop_0.1.0,real_crop_builder_0.1.0
PN148_4R_PSP_DIV5__Series_5___1__crop_0017,train,real,PN148_4R_PSP_DIV5__Series_5___1,../../examples/real_annotation_crops_loo/loo_AD/PN148_4R_PSP_DIV5__Series_5___1__crop_0017.npz,d2402e736e312d6421be18d33313e46c09081ce98c6a600bbc5eea7ddeddfd57,../../examples/real_annotation_crops_loo/loo_AD/PN148_4R_PSP_DIV5__Series_5___1__crop_0017.json,7de0b7e75c004113c62cdbff03e48a5d4b7d0b482a6e4d4f818a6283b1540bde,real_annotation_crop_0.1.0,real_crop_builder_0.1.0
PN148_4R_PSP_DIV5__Series_5___1__crop_0018,train,real,PN148_4R_PSP_DIV5__Series_5___1,../../examples/real_annotation_crops_loo/loo_AD/PN148_4R_PSP_DIV5__Series_5___1__crop_0018.npz,74e78a20df9960c6af2519f58bde800206888b7e76935572bb6594e6adc1750a,../../examples/real_annotation_crops_loo/loo_AD/PN148_4R_PSP_DIV5__Series_5___1__crop_0018.json,79fccab8f317377207c9eb80580a16eef08e8462da4a36cbf0932ccc81d1cb3e,real_annotation_crop_0.1.0,real_crop_builder_0.1.0
PN148_4R_PSP_DIV5__Series_5___1__crop_0019,train,real,PN148_4R_PSP_DIV5__Series_5___1,../../examples/real_annotation_crops_loo/loo_AD/PN148_4R_PSP_DIV5__Series_5___1__crop_0019.npz,3215388415b467b5aeb7545d75f5456a55c0fd60840fe22cce65de9a2da92ac1,../../examples/real_annotation_crops_loo/loo_AD/PN148_4R_PSP_DIV5__Series_5___1__crop_0019.json,a2063fdbd79c64f371650cdd8aa0523d1911cf7f60a69e76933114d2ba24bcb4,real_annotation_crop_0.1.0,real_crop_builder_0.1.0
PN148_4R_PSP_DIV5__Series_5___1__crop_0020,train,real,PN148_4R_PSP_DIV5__Series_5___1,../../examples/real_annotation_crops_loo/loo_AD/PN148_4R_PSP_DIV5__Series_5___1__crop_0020.npz,0e4849c1eab06603e04308e4b20aaa723f1dea3d709e334ce96d3d32ae7fbde0,../../examples/real_annotation_crops_loo/loo_AD/PN148_4R_PSP_DIV5__Series_5___1__crop_0020.json,93e1a65cbe2c3c1666f232058f64d42c48a5cae268e811f5791c75b6d0528208,real_annotation_crop_0.1.0,real_crop_builder_0.1.0
PN148_4R_PSP_DIV5__Series_5___1__crop_0021,train,real,PN148_4R_PSP_DIV5__Series_5___1,../../examples/real_annotation_crops_loo/loo_AD/PN148_4R_PSP_DIV5__Series_5___1__crop_0021.npz,0e97683c70a4a2a21b67d277ed19aad4ea0cd7292902957f557ed6a315862f80,../../examples/real_annotation_crops_loo/loo_AD/PN148_4R_PSP_DIV5__Series_5___1__crop_0021.json,30d43e3ec60bec610369e3251c3960c2164df4d4ca30df3fd8b38d8a97f0677f,real_annotation_crop_0.1.0,real_crop_builder_0.1.0
PN148_4R_PSP_DIV5__Series_5___1__crop_0022,train,real,PN148_4R_PSP_DIV5__Series_5___1,../../examples/real_annotation_crops_loo/loo_AD/PN148_4R_PSP_DIV5__Series_5___1__crop_0022.npz,7eeb58518d49c7a27663989c789427ba5012e178c02b3239e2f84b83c57cd19f,../../examples/real_annotation_crops_loo/loo_AD/PN148_4R_PSP_DIV5__Series_5___1__crop_0022.json,41d4917d17cd458bea04c9b7e93a309fe28049e6ef7821fcc512bc1a733fc8e1,real_annotation_crop_0.1.0,real_crop_builder_0.1.0
PN148_4R_PSP_DIV5__Series_5___1__crop_0023,train,real,PN148_4R_PSP_DIV5__Series_5___1,../../examples/real_annotation_crops_loo/loo_AD/PN148_4R_PSP_DIV5__Series_5___1__crop_0023.npz,98c310862458c01dd3fff1b8910edb460d66580b8836cc803ee91922755a080f,../../examples/real_annotation_crops_loo/loo_AD/PN148_4R_PSP_DIV5__Series_5___1__crop_0023.json,6ecb223d952decc48e6bba7a5ff71e1c36a265ac4afccfa7a3c0712866a34322,real_annotation_crop_0.1.0,real_crop_builder_0.1.0
PN148_4R_PSP_DIV5__Series_5___1__crop_0024,train,real,PN148_4R_PSP_DIV5__Series_5___1,../../examples/real_annotation_crops_loo/loo_AD/PN148_4R_PSP_DIV5__Series_5___1__crop_0024.npz,5ae45898b5e559e47790d6c1223046b5326917dfd9904c7fe6c9481e30614a16,../../examples/real_annotation_crops_loo/loo_AD/PN148_4R_PSP_DIV5__Series_5___1__crop_0024.json,b1158575eb520a901af9ab052312e052e6025f19d0e619ca64243fd7260af94c,real_annotation_crop_0.1.0,real_crop_builder_0.1.0
PN148_4R_PSP_DIV5__Series_5___1__crop_0025,train,real,PN148_4R_PSP_DIV5__Series_5___1,../../examples/real_annotation_crops_loo/loo_AD/PN148_4R_PSP_DIV5__Series_5___1__crop_0025.npz,e8f42add6e3851957a0a7018b0763e7685d6f6f96b01bf3c5630f861462d6f68,../../examples/real_annotation_crops_loo/loo_AD/PN148_4R_PSP_DIV5__Series_5___1__crop_0025.json,d43fa200753b117b01caa7ee3c220cd28c726fb17911f07e2471e4e91f3185ec,real_annotation_crop_0.1.0,real_crop_builder_0.1.0
PN148_4R_PSP_DIV5__Series_5___1__crop_0026,train,real,PN148_4R_PSP_DIV5__Series_5___1,../../examples/real_annotation_crops_loo/loo_AD/PN148_4R_PSP_DIV5__Series_5___1__crop_0026.npz,7b435d27dd820688de0a2a04ebfd5f911094de5d3574752c805f2a0c58d7ef0a,../../examples/real_annotation_crops_loo/loo_AD/PN148_4R_PSP_DIV5__Series_5___1__crop_0026.json,2f47c5a0674bc4b1dc44176fa36c81aa863eab95688961846b7b9dbfc5bfcb88,real_annotation_crop_0.1.0,real_crop_builder_0.1.0
PN148_4R_PSP_DIV5__Series_5___1__crop_0027,train,real,PN148_4R_PSP_DIV5__Series_5___1,../../examples/real_annotation_crops_loo/loo_AD/PN148_4R_PSP_DIV5__Series_5___1__crop_0027.npz,963ae64cb939933c9dfba4b62562b1326970c0d6c68c52c051e7dda9a975d6bf,../../examples/real_annotation_crops_loo/loo_AD/PN148_4R_PSP_DIV5__Series_5___1__crop_0027.json,b8ac2c16ee0876adda25e391246a3f82914c16c21ddcf78847e0c28b674cd495,real_annotation_crop_0.1.0,real_crop_builder_0.1.0
PN148_4R_PSP_DIV5__Series_5___1__crop_0028,train,real,PN148_4R_PSP_DIV5__Series_5___1,../../examples/real_annotation_crops_loo/loo_AD/PN148_4R_PSP_DIV5__Series_5___1__crop_0028.npz,1a43916fc427e71e79c8f86fc5054daf1f7efa3238405a5b41c27bef66577e7a,../../examples/real_annotation_crops_loo/loo_AD/PN148_4R_PSP_DIV5__Series_5___1__crop_0028.json,111421f238aadcde4a3f9a23780ae1b7597184c41dc6b2936d13ba071b47f044,real_annotation_crop_0.1.0,real_crop_builder_0.1.0
PN148_4R_PSP_DIV5__Series_5___1__crop_0029,train,real,PN148_4R_PSP_DIV5__Series_5___1,../../examples/real_annotation_crops_loo/loo_AD/PN148_4R_PSP_DIV5__Series_5___1__crop_0029.npz,606d1e859a4dd74a96db85b8ed86f2ceafc20228d6d4e8c95ad144b50f191870,../../examples/real_annotation_crops_loo/loo_AD/PN148_4R_PSP_DIV5__Series_5___1__crop_0029.json,bd1745e1903c2d4e2460596b2809af11ddaa6552503affe9bef855d0518ea895,real_annotation_crop_0.1.0,real_crop_builder_0.1.0
PN148_4R_PSP_DIV5__Series_5___1__crop_0030,train,real,PN148_4R_PSP_DIV5__Series_5___1,../../examples/real_annotation_crops_loo/loo_AD/PN148_4R_PSP_DIV5__Series_5___1__crop_0030.npz,84a600ae153def773836494c6ff7a6b2a4883fbde8b454ec68986d62c3693fdc,../../examples/real_annotation_crops_loo/loo_AD/PN148_4R_PSP_DIV5__Series_5___1__crop_0030.json,4faec4323049e16ae03a936f9c7e5b10758e740916b93711aa2aa3595644141e,real_annotation_crop_0.1.0,real_crop_builder_0.1.0
PN148_4R_PSP_DIV5__Series_5___1__crop_0031,train,real,PN148_4R_PSP_DIV5__Series_5___1,../../examples/real_annotation_crops_loo/loo_AD/PN148_4R_PSP_DIV5__Series_5___1__crop_0031.npz,3738eea3cc5c67e44e18254851354299f3ab9e52e537f2b99e1c247ea7fcca62,../../examples/real_annotation_crops_loo/loo_AD/PN148_4R_PSP_DIV5__Series_5___1__crop_0031.json,08518378d5a2b954425df908c21494105d46cb52303e2109ec5e4a7453470f38,real_annotation_crop_0.1.0,real_crop_builder_0.1.0
PN148_4R_PSP_DIV5__Series_5___1__crop_0032,train,real,PN148_4R_PSP_DIV5__Series_5___1,../../examples/real_annotation_crops_loo/loo_AD/PN148_4R_PSP_DIV5__Series_5___1__crop_0032.npz,62c230d5faff6b5fbbdf80cd0120013c3646180fefa42e3e3d2c76f30c0d2f7a,../../examples/real_annotation_crops_loo/loo_AD/PN148_4R_PSP_DIV5__Series_5___1__crop_0032.json,0a03aaf878d153238564e6415d40da419e09117fa9c502c5aa724f81b3945920,real_annotation_crop_0.1.0,real_crop_builder_0.1.0
PN148_4R_PSP_DIV5__Series_5___1__crop_0033,train,real,PN148_4R_PSP_DIV5__Series_5___1,../../examples/real_annotation_crops_loo/loo_AD/PN148_4R_PSP_DIV5__Series_5___1__crop_0033.npz,9edec5cd2efdaf76a21e6b23f8365f2cfb844f20d31aa6899056a3e4670eea98,../../examples/real_annotation_crops_loo/loo_AD/PN148_4R_PSP_DIV5__Series_5___1__crop_0033.json,191b126d7a98eaa1a11aac92d2bd125023295fceae5ab045441796df6205a692,real_annotation_crop_0.1.0,real_crop_builder_0.1.0
PN148_4R_PSP_DIV5__Series_5___1__crop_0034,train,real,PN148_4R_PSP_DIV5__Series_5___1,../../examples/real_annotation_crops_loo/loo_AD/PN148_4R_PSP_DIV5__Series_5___1__crop_0034.npz,c949875b6414f1b5499b7499032d1109326fdf369717b09f0d1c8e02dc33bd19,../../examples/real_annotation_crops_loo/loo_AD/PN148_4R_PSP_DIV5__Series_5___1__crop_0034.json,a196e950eeb901b78437b913ad9ee64c603ed8f17585fdb23b6dcfc68395661a,real_annotation_crop_0.1.0,real_crop_builder_0.1.0
PN148_4R_PSP_DIV5__Series_5___1__crop_0035,train,real,PN148_4R_PSP_DIV5__Series_5___1,../../examples/real_annotation_crops_loo/loo_AD/PN148_4R_PSP_DIV5__Series_5___1__crop_0035.npz,266be8746f3e0d27f3097d7b4f802d090946fab2a978d41739ba7d47c8f34d2f,../../examples/real_annotation_crops_loo/loo_AD/PN148_4R_PSP_DIV5__Series_5___1__crop_0035.json,acca80781689b0d7738c7230f6e549bda3614767866db4fcf39d4552983b0a60,real_annotation_crop_0.1.0,real_crop_builder_0.1.0
PN148_4R_PSP_DIV5__Series_5___1__crop_0036,train,real,PN148_4R_PSP_DIV5__Series_5___1,../../examples/real_annotation_crops_loo/loo_AD/PN148_4R_PSP_DIV5__Series_5___1__crop_0036.npz,0f8ae7796b83e5b53b7864376903259832e4a340a9e0a15eec4e3163b8a6a2fe,../../examples/real_annotation_crops_loo/loo_AD/PN148_4R_PSP_DIV5__Series_5___1__crop_0036.json,dfdd368f72131d0d725246a824dfb243cb6fbdd4235215fa82e04e894597dd07,real_annotation_crop_0.1.0,real_crop_builder_0.1.0
PN148_4R_PSP_DIV5__Series_5___1__crop_0037,train,real,PN148_4R_PSP_DIV5__Series_5___1,../../examples/real_annotation_crops_loo/loo_AD/PN148_4R_PSP_DIV5__Series_5___1__crop_0037.npz,1c5353ad6f839355b42b91d2caebe8e6b26180ccfd9daafe5cbe1e043fda41ac,../../examples/real_annotation_crops_loo/loo_AD/PN148_4R_PSP_DIV5__Series_5___1__crop_0037.json,1a50be8e37897c45a1b3ed1cafd83d9b75bd603d190cb108be4ab86d1ad1b6d6,real_annotation_crop_0.1.0,real_crop_builder_0.1.0
PN148_4R_PSP_DIV5__Series_5___1__crop_0038,train,real,PN148_4R_PSP_DIV5__Series_5___1,../../examples/real_annotation_crops_loo/loo_AD/PN148_4R_PSP_DIV5__Series_5___1__crop_0038.npz,5e22bc4b2af08d576bd5914417aa291e90ed003da25ea4046159207077d06b57,../../examples/real_annotation_crops_loo/loo_AD/PN148_4R_PSP_DIV5__Series_5___1__crop_0038.json,6b8c7eef2c44ad3417bc00521b8524f56706ad2e2dd3f62bf56d0e02d90fd62f,real_annotation_crop_0.1.0,real_crop_builder_0.1.0
PN148_4R_PSP_DIV5__Series_5___1__crop_0039,train,real,PN148_4R_PSP_DIV5__Series_5___1,../../examples/real_annotation_crops_loo/loo_AD/PN148_4R_PSP_DIV5__Series_5___1__crop_0039.npz,79e5d04f3e4793914f1b4723e22e08fdb749490bb5754c3e6139030d5d2541b4,../../examples/real_annotation_crops_loo/loo_AD/PN148_4R_PSP_DIV5__Series_5___1__crop_0039.json,b8555402d722b90b77f55f273e6e71e08b9f43e8895079ce4331a5d3bc535ff3,real_annotation_crop_0.1.0,real_crop_builder_0.1.0
PN148_4R_PSP_DIV5__Series_5___1__crop_0040,train,real,PN148_4R_PSP_DIV5__Series_5___1,../../examples/real_annotation_crops_loo/loo_AD/PN148_4R_PSP_DIV5__Series_5___1__crop_0040.npz,a81b9fc281c011cb45c2df35de6a96e510f0eff0370141157aeded35c8b945e7,../../examples/real_annotation_crops_loo/loo_AD/PN148_4R_PSP_DIV5__Series_5___1__crop_0040.json,d020517bae4566602a35f7230c061b307d050c727ee046801498fcd35e445a73,real_annotation_crop_0.1.0,real_crop_builder_0.1.0
PN148_4R_PSP_DIV5__Series_5___1__crop_0041,train,real,PN148_4R_PSP_DIV5__Series_5___1,../../examples/real_annotation_crops_loo/loo_AD/PN148_4R_PSP_DIV5__Series_5___1__crop_0041.npz,e94d77ac13779dd1772289c5fdd0e658762e5f719124e4e40a0d5829da0152c8,../../examples/real_annotation_crops_loo/loo_AD/PN148_4R_PSP_DIV5__Series_5___1__crop_0041.json,a56aacee3bcccd8bb3450d3f46d1583e86a354dc3828b8c970fca125e696bdd6,real_annotation_crop_0.1.0,real_crop_builder_0.1.0
PN148_4R_PSP_DIV5__Series_5___1__crop_0042,train,real,PN148_4R_PSP_DIV5__Series_5___1,../../examples/real_annotation_crops_loo/loo_AD/PN148_4R_PSP_DIV5__Series_5___1__crop_0042.npz,bc3e134152eca59541ce5c43ceca0c91c6c1fc0dda15a3ea810e060772705a5c,../../examples/real_annotation_crops_loo/loo_AD/PN148_4R_PSP_DIV5__Series_5___1__crop_0042.json,8ca5e35b84504118ea3a19cce1de0f75e1f051712f1a2583ce8a563f5518c8e5,real_annotation_crop_0.1.0,real_crop_builder_0.1.0
PN148_4R_PSP_DIV5__Series_5___1__crop_0043,train,real,PN148_4R_PSP_DIV5__Series_5___1,../../examples/real_annotation_crops_loo/loo_AD/PN148_4R_PSP_DIV5__Series_5___1__crop_0043.npz,c11b6840db1b4d67626fe59c720f206b7211226b554604640f422b17d33c48f9,../../examples/real_annotation_crops_loo/loo_AD/PN148_4R_PSP_DIV5__Series_5___1__crop_0043.json,7754c9b66141b04e57982660786a9d3a92145bad0fabd4b96d52f39330aaa74a,real_annotation_crop_0.1.0,real_crop_builder_0.1.0
PN148_4R_PSP_DIV5__Series_5___1__crop_0044,train,real,PN148_4R_PSP_DIV5__Series_5___1,../../examples/real_annotation_crops_loo/loo_AD/PN148_4R_PSP_DIV5__Series_5___1__crop_0044.npz,2abde9b1e149bc905371e6535b09490c2875c3845dffb7edc47206bfb1afd032,../../examples/real_annotation_crops_loo/loo_AD/PN148_4R_PSP_DIV5__Series_5___1__crop_0044.json,b73d91ce36d2800cefa481edd1185e797549905d5f6702c9176b386cbec9ada5,real_annotation_crop_0.1.0,real_crop_builder_0.1.0
PN148_4R_PSP_DIV5__Series_5___1__crop_0045,train,real,PN148_4R_PSP_DIV5__Series_5___1,../../examples/real_annotation_crops_loo/loo_AD/PN148_4R_PSP_DIV5__Series_5___1__crop_0045.npz,fe939fc5da6d6def7df14557f41d52290ea801e6250d443c40480fdf34875d61,../../examples/real_annotation_crops_loo/loo_AD/PN148_4R_PSP_DIV5__Series_5___1__crop_0045.json,cae8f670200ff74abc7a665d86e41dac9754c7e4f485d2ee227e9952a0cd7d07,real_annotation_crop_0.1.0,real_crop_builder_0.1.0
PN148_4R_PSP_DIV5__Series_5___1__crop_0046,train,real,PN148_4R_PSP_DIV5__Series_5___1,../../examples/real_annotation_crops_loo/loo_AD/PN148_4R_PSP_DIV5__Series_5___1__crop_0046.npz,e481eb528f715001662b3cdc9c519c7314de35b260ccafa9a3134ac1c5bca2eb,../../examples/real_annotation_crops_loo/loo_AD/PN148_4R_PSP_DIV5__Series_5___1__crop_0046.json,3f6273926c6ee1b9c99cb2fd123abfe1e4b6b089736e1fbe8664a93fac8a3617,real_annotation_crop_0.1.0,real_crop_builder_0.1.0
PN148_4R_PSP_DIV5__Series_5___1__crop_0047,train,real,PN148_4R_PSP_DIV5__Series_5___1,../../examples/real_annotation_crops_loo/loo_AD/PN148_4R_PSP_DIV5__Series_5___1__crop_0047.npz,468e04b5e81e354b3b543d7f0162f329543b67fb205c0cceafd6980f824f0632,../../examples/real_annotation_crops_loo/loo_AD/PN148_4R_PSP_DIV5__Series_5___1__crop_0047.json,cc1e3108dab33bf07afda3986aca5038ac9ed9f3338ec38ee10dfb06eff2ed6b,real_annotation_crop_0.1.0,real_crop_builder_0.1.0
PN148_4R_PSP_DIV5__Series_5___1__crop_0048,train,real,PN148_4R_PSP_DIV5__Series_5___1,../../examples/real_annotation_crops_loo/loo_AD/PN148_4R_PSP_DIV5__Series_5___1__crop_0048.npz,b1cc50361576950f4d99ccd19c1ee8ff32f4095dabc5f7df0c8b2cd1d3486149,../../examples/real_annotation_crops_loo/loo_AD/PN148_4R_PSP_DIV5__Series_5___1__crop_0048.json,1460932107084938a075308aca77624f7a5dcab1ed4ec0e7d2ecea988a14f5d2,real_annotation_crop_0.1.0,real_crop_builder_0.1.0
PN148_4R_PSP_DIV5__Series_5___1__crop_0049,train,real,PN148_4R_PSP_DIV5__Series_5___1,../../examples/real_annotation_crops_loo/loo_AD/PN148_4R_PSP_DIV5__Series_5___1__crop_0049.npz,c402863665c65c7306001f36de00cb5a4ff2b2362ab80a85b09cea4eb4766fce,../../examples/real_annotation_crops_loo/loo_AD/PN148_4R_PSP_DIV5__Series_5___1__crop_0049.json,1d9dd7cc719cd329cee285620a5165e4f7fb90da815db820b99df51ab8bc6c0e,real_annotation_crop_0.1.0,real_crop_builder_0.1.0
PN148_4R_PSP_DIV5__Series_5___1__crop_0050,train,real,PN148_4R_PSP_DIV5__Series_5___1,../../examples/real_annotation_crops_loo/loo_AD/PN148_4R_PSP_DIV5__Series_5___1__crop_0050.npz,1977a586bebf4b69dd0640756238e197439c3409fa7aacf4d0a391264ae4f5e9,../../examples/real_annotation_crops_loo/loo_AD/PN148_4R_PSP_DIV5__Series_5___1__crop_0050.json,64eab365ffc107d6b0298dd69a22a79720e43f8ce9f32e4ca3ba0126345a9b53,real_annotation_crop_0.1.0,real_crop_builder_0.1.0
PN148_4R_PSP_DIV5__Series_5___1__crop_0051,train,real,PN148_4R_PSP_DIV5__Series_5___1,../../examples/real_annotation_crops_loo/loo_AD/PN148_4R_PSP_DIV5__Series_5___1__crop_0051.npz,068a66e42c1fe1464867e8b86ed2b206bcb8acd9819b827b6d85533c37b9f59d,../../examples/real_annotation_crops_loo/loo_AD/PN148_4R_PSP_DIV5__Series_5___1__crop_0051.json,70c4a1bcfc6284881ba9d09063057fe958d1a40532938c8c8ded69a4289af9f3,real_annotation_crop_0.1.0,real_crop_builder_0.1.0
PN148_4R_PSP_DIV5__Series_5___1__crop_0052,train,real,PN148_4R_PSP_DIV5__Series_5___1,../../examples/real_annotation_crops_loo/loo_AD/PN148_4R_PSP_DIV5__Series_5___1__crop_0052.npz,90830e175e005d87e9a5d53e0745f225d87fb3128dbafac41cdc8025d474c5a1,../../examples/real_annotation_crops_loo/loo_AD/PN148_4R_PSP_DIV5__Series_5___1__crop_0052.json,3be9d108d4c4d174472a488ea81b9e92de4a1611a3ac4fddbe19cd49e1d014f5,real_annotation_crop_0.1.0,real_crop_builder_0.1.0
PN148_4R_PSP_DIV5__Series_5___1__crop_0053,train,real,PN148_4R_PSP_DIV5__Series_5___1,../../examples/real_annotation_crops_loo/loo_AD/PN148_4R_PSP_DIV5__Series_5___1__crop_0053.npz,a270923328bc1628962b0850de675a53b6927ce6d3e531b088287311f1c49f01,../../examples/real_annotation_crops_loo/loo_AD/PN148_4R_PSP_DIV5__Series_5___1__crop_0053.json,97ac583e02e7c4fcba8ca2ff9d6dcaec5cd47084eba56256b10dafe650fd7d1c,real_annotation_crop_0.1.0,real_crop_builder_0.1.0
PN148_4R_PSP_DIV5__Series_5___1__crop_0054,train,real,PN148_4R_PSP_DIV5__Series_5___1,../../examples/real_annotation_crops_loo/loo_AD/PN148_4R_PSP_DIV5__Series_5___1__crop_0054.npz,1dbfb28c066faf834074715d2b76908379bf32285ab72eb089ae83de23646c2e,../../examples/real_annotation_crops_loo/loo_AD/PN148_4R_PSP_DIV5__Series_5___1__crop_0054.json,178663e5551693a3a7e213e1eb5c723a4b2969b62012d2a6d7ed96c27405e5db,real_annotation_crop_0.1.0,real_crop_builder_0.1.0
PN148_4R_PSP_DIV5__Series_5___1__crop_0055,train,real,PN148_4R_PSP_DIV5__Series_5___1,../../examples/real_annotation_crops_loo/loo_AD/PN148_4R_PSP_DIV5__Series_5___1__crop_0055.npz,2abc454c36310748f29b104a1763712570d00c563a1a229b2b9d58cfb2de159f,../../examples/real_annotation_crops_loo/loo_AD/PN148_4R_PSP_DIV5__Series_5___1__crop_0055.json,03bad0b38f38f5b25be744ab44cdd401723c55cdd3eaeab10fbf7e44f1b70264,real_annotation_crop_0.1.0,real_crop_builder_0.1.0
PN148_4R_PSP_DIV5__Series_5___1__crop_0056,train,real,PN148_4R_PSP_DIV5__Series_5___1,../../examples/real_annotation_crops_loo/loo_AD/PN148_4R_PSP_DIV5__Series_5___1__crop_0056.npz,55a038e527e23c5789432e128a667ace9af738c06547df9059bda551e5830e72,../../examples/real_annotation_crops_loo/loo_AD/PN148_4R_PSP_DIV5__Series_5___1__crop_0056.json,4b5e852089bfe8dfbb7cc5f5a1a6976444fa48de682308e2ec9deef99c875532,real_annotation_crop_0.1.0,real_crop_builder_0.1.0
PN148_4R_PSP_DIV5__Series_5___1__crop_0057,train,real,PN148_4R_PSP_DIV5__Series_5___1,../../examples/real_annotation_crops_loo/loo_AD/PN148_4R_PSP_DIV5__Series_5___1__crop_0057.npz,c1aca701d7914d1d79e51ede0ec4e4f3acce2e1c1dfaa267e7f61d27aef9c558,../../examples/real_annotation_crops_loo/loo_AD/PN148_4R_PSP_DIV5__Series_5___1__crop_0057.json,b101b7a37d7ad2602e21447eaabf4bce203e2ea3388cd4e1c6031be953d69fd0,real_annotation_crop_0.1.0,real_crop_builder_0.1.0
PN148_4R_PSP_DIV5__Series_5___1__crop_0058,train,real,PN148_4R_PSP_DIV5__Series_5___1,../../examples/real_annotation_crops_loo/loo_AD/PN148_4R_PSP_DIV5__Series_5___1__crop_0058.npz,38dd53a252cd742899bbd0fd18f7a1fc3737d05432f94b6c623a54b6748b0f03,../../examples/real_annotation_crops_loo/loo_AD/PN148_4R_PSP_DIV5__Series_5___1__crop_0058.json,c9937aa26e937bad97e002344a767305e904ff9655d199176ad538787e539850,real_annotation_crop_0.1.0,real_crop_builder_0.1.0
PN148_4R_PSP_DIV5__Series_5___1__crop_0059,train,real,PN148_4R_PSP_DIV5__Series_5___1,../../examples/real_annotation_crops_loo/loo_AD/PN148_4R_PSP_DIV5__Series_5___1__crop_0059.npz,f2a310ed3e7cdbb9afbba3c3eef908ff407f77d44331915ac8fcacf26f1d9816,../../examples/real_annotation_crops_loo/loo_AD/PN148_4R_PSP_DIV5__Series_5___1__crop_0059.json,c3a9251c67ddfff3591fbea25853454796f670010db107d64045129aacf7345c,real_annotation_crop_0.1.0,real_crop_builder_0.1.0
PN148_4R_PSP_DIV5__Series_5___1__crop_0060,train,real,PN148_4R_PSP_DIV5__Series_5___1,../../examples/real_annotation_crops_loo/loo_AD/PN148_4R_PSP_DIV5__Series_5___1__crop_0060.npz,b252b44a3d674c9f34c68b3a9cfb046590f6842862315cdbe95baa2a4319e57f,../../examples/real_annotation_crops_loo/loo_AD/PN148_4R_PSP_DIV5__Series_5___1__crop_0060.json,6c431c8f8d42ed18d77d5f56b25ad5fc7e1e93e0ed5c680cb58af4efd48c744e,real_annotation_crop_0.1.0,real_crop_builder_0.1.0
PN148_4R_PSP_DIV5__Series_5___1__crop_0061,train,real,PN148_4R_PSP_DIV5__Series_5___1,../../examples/real_annotation_crops_loo/loo_AD/PN148_4R_PSP_DIV5__Series_5___1__crop_0061.npz,4d5f40189be97aab28b7b2216452075896a4175d801845d5b0b22a80383f834e,../../examples/real_annotation_crops_loo/loo_AD/PN148_4R_PSP_DIV5__Series_5___1__crop_0061.json,218ac61900b895667c463bd8257ea74286fc30c8bf75b5c4134af212c90f341a,real_annotation_crop_0.1.0,real_crop_builder_0.1.0
PN148_4R_PSP_DIV5__Series_5___1__crop_0062,train,real,PN148_4R_PSP_DIV5__Series_5___1,../../examples/real_annotation_crops_loo/loo_AD/PN148_4R_PSP_DIV5__Series_5___1__crop_0062.npz,5e01004bbe98910638e3e3c456000392005abc9e9e51f9dbc32c44650cc02410,../../examples/real_annotation_crops_loo/loo_AD/PN148_4R_PSP_DIV5__Series_5___1__crop_0062.json,da86bc76b91c2025f113c3160f796b638b5f16341c8fe191aa5caa8c211095f4,real_annotation_crop_0.1.0,real_crop_builder_0.1.0
PN148_4R_PSP_DIV5__Series_5___1__crop_0063,train,real,PN148_4R_PSP_DIV5__Series_5___1,../../examples/real_annotation_crops_loo/loo_AD/PN148_4R_PSP_DIV5__Series_5___1__crop_0063.npz,0102693c64194d97cadecb25056c306eea404a1d463c44973ec2160f8f67d0dc,../../examples/real_annotation_crops_loo/loo_AD/PN148_4R_PSP_DIV5__Series_5___1__crop_0063.json,cd54bb91f7384bb409a7a398e88dc2d250960a43e2cef3d7077a09da9ccf525c,real_annotation_crop_0.1.0,real_crop_builder_0.1.0
PN151_4R_CBD_DIV05__Series_3___1__crop_0000,train,real,PN151_4R_CBD_DIV05__Series_3___1,../../examples/real_annotation_crops_loo/loo_AD/PN151_4R_CBD_DIV05__Series_3___1__crop_0000.npz,c97407e9499c32b576774cdf3cbd6c6938272f9e28065551f1e243077d6150b4,../../examples/real_annotation_crops_loo/loo_AD/PN151_4R_CBD_DIV05__Series_3___1__crop_0000.json,b652791ca9c1bc380fab9ff57d58980a25f7f0d99248c00b3cdbfb358a094ae9,real_annotation_crop_0.1.0,real_crop_builder_0.1.0
PN151_4R_CBD_DIV05__Series_3___1__crop_0001,train,real,PN151_4R_CBD_DIV05__Series_3___1,../../examples/real_annotation_crops_loo/loo_AD/PN151_4R_CBD_DIV05__Series_3___1__crop_0001.npz,6825b9936ac267c89e3e445e48dfe950de1204fa7ec8b630493943437a39e782,../../examples/real_annotation_crops_loo/loo_AD/PN151_4R_CBD_DIV05__Series_3___1__crop_0001.json,63a26c98de9b6fb5b5349212cdc19733f8c2fdff7d66355c2d4314d6e8273c64,real_annotation_crop_0.1.0,real_crop_builder_0.1.0
PN151_4R_CBD_DIV05__Series_3___1__crop_0002,train,real,PN151_4R_CBD_DIV05__Series_3___1,../../examples/real_annotation_crops_loo/loo_AD/PN151_4R_CBD_DIV05__Series_3___1__crop_0002.npz,11d0d5c72feed13a4266843615bddf3071dd071f4ad9240d34d0234321bedbc8,../../examples/real_annotation_crops_loo/loo_AD/PN151_4R_CBD_DIV05__Series_3___1__crop_0002.json,16edb25c77253528263ced3fab7b9c39c55e64e91702d77386942d078ed41e4c,real_annotation_crop_0.1.0,real_crop_builder_0.1.0
PN151_4R_CBD_DIV05__Series_3___1__crop_0003,train,real,PN151_4R_CBD_DIV05__Series_3___1,../../examples/real_annotation_crops_loo/loo_AD/PN151_4R_CBD_DIV05__Series_3___1__crop_0003.npz,84bcfdf2ddde8d3cb968e2e8ff3e6c82b1b3a2ea3351b4ef845f6b90a7fcc49f,../../examples/real_annotation_crops_loo/loo_AD/PN151_4R_CBD_DIV05__Series_3___1__crop_0003.json,676f4ee6d0fffab0d44530e95910ecce78e70317f40470913caf26cfe68dfabc,real_annotation_crop_0.1.0,real_crop_builder_0.1.0
PN151_4R_CBD_DIV05__Series_3___1__crop_0004,train,real,PN151_4R_CBD_DIV05__Series_3___1,../../examples/real_annotation_crops_loo/loo_AD/PN151_4R_CBD_DIV05__Series_3___1__crop_0004.npz,0693249d5545d63914fa19b7dae8117468f2809542dec7dd20cf4adc9e905ae3,../../examples/real_annotation_crops_loo/loo_AD/PN151_4R_CBD_DIV05__Series_3___1__crop_0004.json,dfbbda4192633808ce29d6d488663208ae9ef1f47c630050b55f9f744015fbf3,real_annotation_crop_0.1.0,real_crop_builder_0.1.0
PN151_4R_CBD_DIV05__Series_3___1__crop_0005,train,real,PN151_4R_CBD_DIV05__Series_3___1,../../examples/real_annotation_crops_loo/loo_AD/PN151_4R_CBD_DIV05__Series_3___1__crop_0005.npz,e2f532ff9cfbaed013598208ce71d5f457e60922fb2e429af1b2fbd63d346ebd,../../examples/real_annotation_crops_loo/loo_AD/PN151_4R_CBD_DIV05__Series_3___1__crop_0005.json,7b5f55a9fedf2d5461b01203c49f1f91fa9b131baaab4e263982f6ef11e02c0d,real_annotation_crop_0.1.0,real_crop_builder_0.1.0
PN151_4R_CBD_DIV05__Series_3___1__crop_0006,train,real,PN151_4R_CBD_DIV05__Series_3___1,../../examples/real_annotation_crops_loo/loo_AD/PN151_4R_CBD_DIV05__Series_3___1__crop_0006.npz,89e66c8abf18ee27e5c0714f5191821505d5781f06805d46dfeff76c1b0708ab,../../examples/real_annotation_crops_loo/loo_AD/PN151_4R_CBD_DIV05__Series_3___1__crop_0006.json,86af06d644d5f0c657baac7460d1cce26e4d9d1569c7f0f661b9bd7d549dc9d3,real_annotation_crop_0.1.0,real_crop_builder_0.1.0
PN151_4R_CBD_DIV05__Series_3___1__crop_0007,train,real,PN151_4R_CBD_DIV05__Series_3___1,../../examples/real_annotation_crops_loo/loo_AD/PN151_4R_CBD_DIV05__Series_3___1__crop_0007.npz,080aadd37b3470f632d1180990e5d50a4c17d898a8dee64f9d99db6055e54277,../../examples/real_annotation_crops_loo/loo_AD/PN151_4R_CBD_DIV05__Series_3___1__crop_0007.json,43effbb77c2af4d5d2f354103d7fe9555ba06ba4503b6771c6772a353e9499f3,real_annotation_crop_0.1.0,real_crop_builder_0.1.0
PN151_4R_CBD_DIV05__Series_3___1__crop_0008,train,real,PN151_4R_CBD_DIV05__Series_3___1,../../examples/real_annotation_crops_loo/loo_AD/PN151_4R_CBD_DIV05__Series_3___1__crop_0008.npz,1fa569bc74eeefe8c19fc474d73fede779233802cdef4c5ae13d7dc08b6e8730,../../examples/real_annotation_crops_loo/loo_AD/PN151_4R_CBD_DIV05__Series_3___1__crop_0008.json,26ef70a7605daeef6d5072aed42b2e482158aa75006684c9146c9defa076d6c8,real_annotation_crop_0.1.0,real_crop_builder_0.1.0
PN151_4R_CBD_DIV05__Series_3___1__crop_0009,train,real,PN151_4R_CBD_DIV05__Series_3___1,../../examples/real_annotation_crops_loo/loo_AD/PN151_4R_CBD_DIV05__Series_3___1__crop_0009.npz,bb7e19e16d9641c3b0d59e4837dace6a3d3784be2f6ab35533f8a4e5dcc6cdcd,../../examples/real_annotation_crops_loo/loo_AD/PN151_4R_CBD_DIV05__Series_3___1__crop_0009.json,02c93408ee71164b7c6d4733e185b25772ee5388adbfa242e26460598de2f02d,real_annotation_crop_0.1.0,real_crop_builder_0.1.0
PN151_4R_CBD_DIV05__Series_3___1__crop_0010,train,real,PN151_4R_CBD_DIV05__Series_3___1,../../examples/real_annotation_crops_loo/loo_AD/PN151_4R_CBD_DIV05__Series_3___1__crop_0010.npz,52d818b328f55f0d8ba714770850b8b0489983399026e74b0cc09a367cdc8914,../../examples/real_annotation_crops_loo/loo_AD/PN151_4R_CBD_DIV05__Series_3___1__crop_0010.json,d3c23107d100dee9a0365f07a13926b6e5f641564701c88ad941469fc3ce5da9,real_annotation_crop_0.1.0,real_crop_builder_0.1.0
PN151_4R_CBD_DIV05__Series_3___1__crop_0011,train,real,PN151_4R_CBD_DIV05__Series_3___1,../../examples/real_annotation_crops_loo/loo_AD/PN151_4R_CBD_DIV05__Series_3___1__crop_0011.npz,e84e69b79bff51aaaee60e011cc6f6bd4ca88cce487a81777c21e20ce1edeae7,../../examples/real_annotation_crops_loo/loo_AD/PN151_4R_CBD_DIV05__Series_3___1__crop_0011.json,978291f8a5ec7cdf41f103aa2c2ba3f733115ae9d06f277cff586e0506cedd55,real_annotation_crop_0.1.0,real_crop_builder_0.1.0
PN151_4R_CBD_DIV05__Series_3___1__crop_0012,train,real,PN151_4R_CBD_DIV05__Series_3___1,../../examples/real_annotation_crops_loo/loo_AD/PN151_4R_CBD_DIV05__Series_3___1__crop_0012.npz,78624c8e14504fc6819241209444e178166400a7b3676c26a0829af1aed5544b,../../examples/real_annotation_crops_loo/loo_AD/PN151_4R_CBD_DIV05__Series_3___1__crop_0012.json,a9cb373870bed0bc7035a6e39689e409149566a98ac430dc2b8bf7f3cf8d3c8f,real_annotation_crop_0.1.0,real_crop_builder_0.1.0
PN151_4R_CBD_DIV05__Series_3___1__crop_0013,train,real,PN151_4R_CBD_DIV05__Series_3___1,../../examples/real_annotation_crops_loo/loo_AD/PN151_4R_CBD_DIV05__Series_3___1__crop_0013.npz,78f2aaecae8c54a650820063487c6744f2af32f6a8d0f515ce877935fa3eac16,../../examples/real_annotation_crops_loo/loo_AD/PN151_4R_CBD_DIV05__Series_3___1__crop_0013.json,f6f62611505d64bbcafd03626c59bdb9f43a29b5b88df71502dceb03ed9af7f9,real_annotation_crop_0.1.0,real_crop_builder_0.1.0
PN151_4R_CBD_DIV05__Series_3___1__crop_0014,train,real,PN151_4R_CBD_DIV05__Series_3___1,../../examples/real_annotation_crops_loo/loo_AD/PN151_4R_CBD_DIV05__Series_3___1__crop_0014.npz,424f255415df8ef2802881d18bd8edbc4cb4f078d074b25d36ed2ce5c83aa9da,../../examples/real_annotation_crops_loo/loo_AD/PN151_4R_CBD_DIV05__Series_3___1__crop_0014.json,ea868fa8bd6acd70d5825dca389e670ad43ac71177ff57e116aa062a8abd9130,real_annotation_crop_0.1.0,real_crop_builder_0.1.0
PN151_4R_CBD_DIV05__Series_3___1__crop_0015,train,real,PN151_4R_CBD_DIV05__Series_3___1,../../examples/real_annotation_crops_loo/loo_AD/PN151_4R_CBD_DIV05__Series_3___1__crop_0015.npz,36920159ad8ce17d8ad07d91fec700301bc3cce0b0baffa1ddb67a5fd190244b,../../examples/real_annotation_crops_loo/loo_AD/PN151_4R_CBD_DIV05__Series_3___1__crop_0015.json,6ec2099e76a4fa56b6aa4593ff4c361050eeb90c461a5df2dd0dca8d04857ef9,real_annotation_crop_0.1.0,real_crop_builder_0.1.0
PN151_4R_CBD_DIV05__Series_3___1__crop_0016,train,real,PN151_4R_CBD_DIV05__Series_3___1,../../examples/real_annotation_crops_loo/loo_AD/PN151_4R_CBD_DIV05__Series_3___1__crop_0016.npz,5044e5b9d25ff086884c44d36e8af44f96260f41ea63d32e2d62209ec193979b,../../examples/real_annotation_crops_loo/loo_AD/PN151_4R_CBD_DIV05__Series_3___1__crop_0016.json,524c0aaee5eb22d4069c6d9a6426f755321757a662430e7c2887a0efd2303b3b,real_annotation_crop_0.1.0,real_crop_builder_0.1.0
PN151_4R_CBD_DIV05__Series_3___1__crop_0017,train,real,PN151_4R_CBD_DIV05__Series_3___1,../../examples/real_annotation_crops_loo/loo_AD/PN151_4R_CBD_DIV05__Series_3___1__crop_0017.npz,8af4ce1da08651fe56df023ac673054e7d2a8c1536e2b97338b5ae7a593e6c1d,../../examples/real_annotation_crops_loo/loo_AD/PN151_4R_CBD_DIV05__Series_3___1__crop_0017.json,ba1fc6e0d4f7fd8b93b247e4b182fd173cbd9b35bd12ab0d4d1c6ffb06ae0bfa,real_annotation_crop_0.1.0,real_crop_builder_0.1.0
PN151_4R_CBD_DIV05__Series_3___1__crop_0018,train,real,PN151_4R_CBD_DIV05__Series_3___1,../../examples/real_annotation_crops_loo/loo_AD/PN151_4R_CBD_DIV05__Series_3___1__crop_0018.npz,fbd474e0df90aaa20be27973d52eb632264ae0b896dc4846bb1500d90d339b68,../../examples/real_annotation_crops_loo/loo_AD/PN151_4R_CBD_DIV05__Series_3___1__crop_0018.json,6a8d22fbd80d0ea7e6dd1ef16ef4273c624d7121ebe6976c8a664306a7f728cd,real_annotation_crop_0.1.0,real_crop_builder_0.1.0
PN151_4R_CBD_DIV05__Series_3___1__crop_0019,train,real,PN151_4R_CBD_DIV05__Series_3___1,../../examples/real_annotation_crops_loo/loo_AD/PN151_4R_CBD_DIV05__Series_3___1__crop_0019.npz,9e8704a7e93604fac12bf26703fcfbacf0cbd4f500c7e3046fa3f9ae92c9f202,../../examples/real_annotation_crops_loo/loo_AD/PN151_4R_CBD_DIV05__Series_3___1__crop_0019.json,26e37e1d15b8769bcddd48b6f95201f10b6e7be6078016dabbb8870bdccb6088,real_annotation_crop_0.1.0,real_crop_builder_0.1.0
PN151_4R_CBD_DIV05__Series_3___1__crop_0020,train,real,PN151_4R_CBD_DIV05__Series_3___1,../../examples/real_annotation_crops_loo/loo_AD/PN151_4R_CBD_DIV05__Series_3___1__crop_0020.npz,58c1935a5c903005a1ef813d42b8bff75696bf0627bd7d77fccf915da6147f1a,../../examples/real_annotation_crops_loo/loo_AD/PN151_4R_CBD_DIV05__Series_3___1__crop_0020.json,8d7a5ceaf118b9a6a3be531fccacffa9aa2b0479621463d33923ab32faf1abbc,real_annotation_crop_0.1.0,real_crop_builder_0.1.0
PN151_4R_CBD_DIV05__Series_3___1__crop_0021,train,real,PN151_4R_CBD_DIV05__Series_3___1,../../examples/real_annotation_crops_loo/loo_AD/PN151_4R_CBD_DIV05__Series_3___1__crop_0021.npz,4357138622197404ff9c9899486f3e4332ee2544cf42bb9d5b0201815c0998eb,../../examples/real_annotation_crops_loo/loo_AD/PN151_4R_CBD_DIV05__Series_3___1__crop_0021.json,c3f849f9add218f6cfdbf3296d25b4f2a86b039c02c54bd3f9e62d8d850f6bb2,real_annotation_crop_0.1.0,real_crop_builder_0.1.0
PN151_4R_CBD_DIV05__Series_3___1__crop_0022,train,real,PN151_4R_CBD_DIV05__Series_3___1,../../examples/real_annotation_crops_loo/loo_AD/PN151_4R_CBD_DIV05__Series_3___1__crop_0022.npz,8a3b833067322f97b4d8593cadbb25e3844bd4767b3c5b58436023b1dbd4169b,../../examples/real_annotation_crops_loo/loo_AD/PN151_4R_CBD_DIV05__Series_3___1__crop_0022.json,0ceeed262970fdab4c4a9a1ba873f742517c9f3f25c06ef3b80ce092b64e16ef,real_annotation_crop_0.1.0,real_crop_builder_0.1.0
PN151_4R_CBD_DIV05__Series_3___1__crop_0023,train,real,PN151_4R_CBD_DIV05__Series_3___1,../../examples/real_annotation_crops_loo/loo_AD/PN151_4R_CBD_DIV05__Series_3___1__crop_0023.npz,4f3043a2208599bd20c68755b48436179d44748f3989dfce1a93b96a2d40d79c,../../examples/real_annotation_crops_loo/loo_AD/PN151_4R_CBD_DIV05__Series_3___1__crop_0023.json,a8597f84dc4ef6f8f3cd9a3d1f3c850eb601f7c38c43f63cc37b40d97090dd80,real_annotation_crop_0.1.0,real_crop_builder_0.1.0
PN151_4R_CBD_DIV05__Series_3___1__crop_0024,train,real,PN151_4R_CBD_DIV05__Series_3___1,../../examples/real_annotation_crops_loo/loo_AD/PN151_4R_CBD_DIV05__Series_3___1__crop_0024.npz,1b80b89cc90c6bf28a4a7b0e6de672e915d13634c9b21065c13a60aa2f2797fe,../../examples/real_annotation_crops_loo/loo_AD/PN151_4R_CBD_DIV05__Series_3___1__crop_0024.json,c0646bd859c7a684c7d6597a53b0c35f1869bd759725ef558376da26ca67b73e,real_annotation_crop_0.1.0,real_crop_builder_0.1.0
PN151_4R_CBD_DIV05__Series_3___1__crop_0025,train,real,PN151_4R_CBD_DIV05__Series_3___1,../../examples/real_annotation_crops_loo/loo_AD/PN151_4R_CBD_DIV05__Series_3___1__crop_0025.npz,d8bd99dd5ac9ce3d4a6f25792ed1d73652cac6fc496ddbb4e253a7a5a6388bc7,../../examples/real_annotation_crops_loo/loo_AD/PN151_4R_CBD_DIV05__Series_3___1__crop_0025.json,f4afd0d26cd6aaaa54f7d4a183eeb7f3e9418a5af8021e129b92b8b561d4bc25,real_annotation_crop_0.1.0,real_crop_builder_0.1.0
PN151_4R_CBD_DIV05__Series_3___1__crop_0026,train,real,PN151_4R_CBD_DIV05__Series_3___1,../../examples/real_annotation_crops_loo/loo_AD/PN151_4R_CBD_DIV05__Series_3___1__crop_0026.npz,13d28fcaec8ab88ac4e4a0318267857f7684b3d7e6153cdecbb5ceb41e1093cb,../../examples/real_annotation_crops_loo/loo_AD/PN151_4R_CBD_DIV05__Series_3___1__crop_0026.json,70e0287f06e3bea723d289a9ac7695fda69f7f75502168565e64b8a4d7c5f88d,real_annotation_crop_0.1.0,real_crop_builder_0.1.0
PN151_4R_CBD_DIV05__Series_3___1__crop_0027,train,real,PN151_4R_CBD_DIV05__Series_3___1,../../examples/real_annotation_crops_loo/loo_AD/PN151_4R_CBD_DIV05__Series_3___1__crop_0027.npz,927f3ed1595866411e1992d07bf13f628b1725046968e94db0faeae6c3fb3fd7,../../examples/real_annotation_crops_loo/loo_AD/PN151_4R_CBD_DIV05__Series_3___1__crop_0027.json,0df94fc2a785ca6f5ae0f34ff2cc0d66137f9a86c752248d36dd15ce832b1f78,real_annotation_crop_0.1.0,real_crop_builder_0.1.0
PN151_4R_CBD_DIV05__Series_3___1__crop_0028,train,real,PN151_4R_CBD_DIV05__Series_3___1,../../examples/real_annotation_crops_loo/loo_AD/PN151_4R_CBD_DIV05__Series_3___1__crop_0028.npz,1be05e32d0782250811a1daf32f46b3bf137ea3acb2735a58ff552e9bb00674f,../../examples/real_annotation_crops_loo/loo_AD/PN151_4R_CBD_DIV05__Series_3___1__crop_0028.json,65c4787f15034b46948a7c706f4e1339f2bba3188fc5576b8550d27d3a72d30b,real_annotation_crop_0.1.0,real_crop_builder_0.1.0
PN151_4R_CBD_DIV05__Series_3___1__crop_0029,train,real,PN151_4R_CBD_DIV05__Series_3___1,../../examples/real_annotation_crops_loo/loo_AD/PN151_4R_CBD_DIV05__Series_3___1__crop_0029.npz,1e7179d7acf991bd169c7f7578fd336c6bba04dc551df498eb644792bf4351b7,../../examples/real_annotation_crops_loo/loo_AD/PN151_4R_CBD_DIV05__Series_3___1__crop_0029.json,3d0d9dd33f7779e96126984bf276edf4cdbae522f313e835b2a1ee4941444f5a,real_annotation_crop_0.1.0,real_crop_builder_0.1.0
PN151_4R_CBD_DIV05__Series_3___1__crop_0030,train,real,PN151_4R_CBD_DIV05__Series_3___1,../../examples/real_annotation_crops_loo/loo_AD/PN151_4R_CBD_DIV05__Series_3___1__crop_0030.npz,9ea31f2fbe958d9bfafa009f462553692a090e0db047c943cf70549f78433a4e,../../examples/real_annotation_crops_loo/loo_AD/PN151_4R_CBD_DIV05__Series_3___1__crop_0030.json,72610fdcd15a11fcfb6ced81c93da0207be4bffa3d9f29931dfd30be20cfbdd9,real_annotation_crop_0.1.0,real_crop_builder_0.1.0
PN151_4R_CBD_DIV05__Series_3___1__crop_0031,train,real,PN151_4R_CBD_DIV05__Series_3___1,../../examples/real_annotation_crops_loo/loo_AD/PN151_4R_CBD_DIV05__Series_3___1__crop_0031.npz,9016ffc0ad31aebb2e97bd5b73f28b12a57fee8faa2d00d1a3f7915a90b1aa95,../../examples/real_annotation_crops_loo/loo_AD/PN151_4R_CBD_DIV05__Series_3___1__crop_0031.json,a245b2c7f7668e146adcc0ac396d8ad4fc5617ea8c0c5cf841e5f02ffa162846,real_annotation_crop_0.1.0,real_crop_builder_0.1.0
PN151_4R_CBD_DIV05__Series_3___1__crop_0032,train,real,PN151_4R_CBD_DIV05__Series_3___1,../../examples/real_annotation_crops_loo/loo_AD/PN151_4R_CBD_DIV05__Series_3___1__crop_0032.npz,cf0957c6f75f874b87044afb8ac25a1a60bcc301a1c415cb309e062e7eb632de,../../examples/real_annotation_crops_loo/loo_AD/PN151_4R_CBD_DIV05__Series_3___1__crop_0032.json,7c92532d8f3e01719603a35ce40d16a5645d7878798b49cce05dc930c61a1746,real_annotation_crop_0.1.0,real_crop_builder_0.1.0
PN151_4R_CBD_DIV05__Series_3___1__crop_0033,train,real,PN151_4R_CBD_DIV05__Series_3___1,../../examples/real_annotation_crops_loo/loo_AD/PN151_4R_CBD_DIV05__Series_3___1__crop_0033.npz,5b15eb6180a0d73364fd8fbcd03a1d9cba2293c0cb7847a730b1d1fb70481e8f,../../examples/real_annotation_crops_loo/loo_AD/PN151_4R_CBD_DIV05__Series_3___1__crop_0033.json,7c49ea401852709b05d3c6d9b30ff9b982dd17e27640609e7122213e280f07bc,real_annotation_crop_0.1.0,real_crop_builder_0.1.0
PN151_4R_CBD_DIV05__Series_3___1__crop_0034,train,real,PN151_4R_CBD_DIV05__Series_3___1,../../examples/real_annotation_crops_loo/loo_AD/PN151_4R_CBD_DIV05__Series_3___1__crop_0034.npz,fa4da43a8b2e0c8eec26cc86ad025c7d9a1192731e5d1f231ebd6c50509b6f53,../../examples/real_annotation_crops_loo/loo_AD/PN151_4R_CBD_DIV05__Series_3___1__crop_0034.json,eedf0b04408ca3352b116b2aaa76ff690b08dc27bdbcf95755b75bcca91871ae,real_annotation_crop_0.1.0,real_crop_builder_0.1.0
PN151_4R_CBD_DIV05__Series_3___1__crop_0035,train,real,PN151_4R_CBD_DIV05__Series_3___1,../../examples/real_annotation_crops_loo/loo_AD/PN151_4R_CBD_DIV05__Series_3___1__crop_0035.npz,12eefa06f88e9b06b95c4bbe5cea423a23ecd562cb4a2de599f16e490eaf7b08,../../examples/real_annotation_crops_loo/loo_AD/PN151_4R_CBD_DIV05__Series_3___1__crop_0035.json,c14ac332d20f442a484faa0dd210f7f0d996bf671bca130acf4dddff4ff0102b,real_annotation_crop_0.1.0,real_crop_builder_0.1.0
PN151_4R_CBD_DIV05__Series_3___1__crop_0036,train,real,PN151_4R_CBD_DIV05__Series_3___1,../../examples/real_annotation_crops_loo/loo_AD/PN151_4R_CBD_DIV05__Series_3___1__crop_0036.npz,223923945e1a415a42cb23e471a885b8c6b825977934479b252e1e8402011975,../../examples/real_annotation_crops_loo/loo_AD/PN151_4R_CBD_DIV05__Series_3___1__crop_0036.json,bd4ee425dbd6660e7c7ca3e22f977e54caf351ca2349935ebd4d8c5142d0f6ed,real_annotation_crop_0.1.0,real_crop_builder_0.1.0
PN151_4R_CBD_DIV05__Series_3___1__crop_0037,train,real,PN151_4R_CBD_DIV05__Series_3___1,../../examples/real_annotation_crops_loo/loo_AD/PN151_4R_CBD_DIV05__Series_3___1__crop_0037.npz,203fba0535e9c58f10da8dcddc506f26d40f26ee0a5f8275fbc8d4076df6cf7a,../../examples/real_annotation_crops_loo/loo_AD/PN151_4R_CBD_DIV05__Series_3___1__crop_0037.json,00661758d24befd6ed8423976e8f6d2c3b1bf128c07725f358199398275b0379,real_annotation_crop_0.1.0,real_crop_builder_0.1.0
PN151_4R_CBD_DIV05__Series_3___1__crop_0038,train,real,PN151_4R_CBD_DIV05__Series_3___1,../../examples/real_annotation_crops_loo/loo_AD/PN151_4R_CBD_DIV05__Series_3___1__crop_0038.npz,ee9a7ee982953eadf56affc03aaf7f5d1ecb9c9436c1851860ad15718573d62b,../../examples/real_annotation_crops_loo/loo_AD/PN151_4R_CBD_DIV05__Series_3___1__crop_0038.json,4b6067ad522a242aa438c605ba3dd5e1f417764561a1b7222ee585c788a3d539,real_annotation_crop_0.1.0,real_crop_builder_0.1.0
PN151_4R_CBD_DIV05__Series_3___1__crop_0039,train,real,PN151_4R_CBD_DIV05__Series_3___1,../../examples/real_annotation_crops_loo/loo_AD/PN151_4R_CBD_DIV05__Series_3___1__crop_0039.npz,be3b5a5b0d5aa8d9719dff8dcf7c48ba5a38a73a8b723709978b998f9232529a,../../examples/real_annotation_crops_loo/loo_AD/PN151_4R_CBD_DIV05__Series_3___1__crop_0039.json,76d8654b01fb6e35f8114c51a6b5bce1ab9494ce489e70a5db9c3a3bc1a710f1,real_annotation_crop_0.1.0,real_crop_builder_0.1.0
PN151_4R_CBD_DIV05__Series_3___1__crop_0040,train,real,PN151_4R_CBD_DIV05__Series_3___1,../../examples/real_annotation_crops_loo/loo_AD/PN151_4R_CBD_DIV05__Series_3___1__crop_0040.npz,df9635d98d56103f28a94a31ab9542e23619403831410241345d79b758684d30,../../examples/real_annotation_crops_loo/loo_AD/PN151_4R_CBD_DIV05__Series_3___1__crop_0040.json,c94c72d212824240150dbbaf8642b22e5795aa5195f565e314d387e42bdafd13,real_annotation_crop_0.1.0,real_crop_builder_0.1.0
PN151_4R_CBD_DIV05__Series_3___1__crop_0041,train,real,PN151_4R_CBD_DIV05__Series_3___1,../../examples/real_annotation_crops_loo/loo_AD/PN151_4R_CBD_DIV05__Series_3___1__crop_0041.npz,ca4fca1faba5bb5df799f9adc3880877ade684b42f18009dbc5d8e52f1f8339c,../../examples/real_annotation_crops_loo/loo_AD/PN151_4R_CBD_DIV05__Series_3___1__crop_0041.json,eb8960516f4f3d6a54871135725ce3277d2e9e0897db82f0a3d9f011015d9001,real_annotation_crop_0.1.0,real_crop_builder_0.1.0
PN151_4R_CBD_DIV05__Series_3___1__crop_0042,train,real,PN151_4R_CBD_DIV05__Series_3___1,../../examples/real_annotation_crops_loo/loo_AD/PN151_4R_CBD_DIV05__Series_3___1__crop_0042.npz,8e4441bcd370b8e2624dc627392cf4d4dccc10e8c9b4b3c4746ffa4de927dd80,../../examples/real_annotation_crops_loo/loo_AD/PN151_4R_CBD_DIV05__Series_3___1__crop_0042.json,d85ab8e87d3d9663453b4fe799b1661fcb602648c8f2ca01af6c4beb39edec98,real_annotation_crop_0.1.0,real_crop_builder_0.1.0
PN151_4R_CBD_DIV05__Series_3___1__crop_0043,train,real,PN151_4R_CBD_DIV05__Series_3___1,../../examples/real_annotation_crops_loo/loo_AD/PN151_4R_CBD_DIV05__Series_3___1__crop_0043.npz,67c3d40a2f2f5489ef67ce7e6275fe5b729878deff60bfae8ad5f4f7192e6abe,../../examples/real_annotation_crops_loo/loo_AD/PN151_4R_CBD_DIV05__Series_3___1__crop_0043.json,790863569f3bc0a9c7c0026c42e55a59916710ebcfa2e29872ef750da021305e,real_annotation_crop_0.1.0,real_crop_builder_0.1.0
PN151_4R_CBD_DIV05__Series_3___1__crop_0044,train,real,PN151_4R_CBD_DIV05__Series_3___1,../../examples/real_annotation_crops_loo/loo_AD/PN151_4R_CBD_DIV05__Series_3___1__crop_0044.npz,33b399f34a011f739e894c814a8f97ca6bc28a4dd3dd0498f516d9e12adf36fe,../../examples/real_annotation_crops_loo/loo_AD/PN151_4R_CBD_DIV05__Series_3___1__crop_0044.json,3d9668b31ba3212ad3be8bffefc3216d4c5b21dca46422f68fa4740649ef2059,real_annotation_crop_0.1.0,real_crop_builder_0.1.0
PN151_4R_CBD_DIV05__Series_3___1__crop_0045,train,real,PN151_4R_CBD_DIV05__Series_3___1,../../examples/real_annotation_crops_loo/loo_AD/PN151_4R_CBD_DIV05__Series_3___1__crop_0045.npz,e7ddb84d1aa0c910a81562f996672c3afecde70e08b06ba1593f1db85716fd66,../../examples/real_annotation_crops_loo/loo_AD/PN151_4R_CBD_DIV05__Series_3___1__crop_0045.json,2f5f8853d32fe2dfdda86792104ee36429ed80b8be30025ca0942135bb49f9a4,real_annotation_crop_0.1.0,real_crop_builder_0.1.0
PN151_4R_CBD_DIV05__Series_3___1__crop_0046,train,real,PN151_4R_CBD_DIV05__Series_3___1,../../examples/real_annotation_crops_loo/loo_AD/PN151_4R_CBD_DIV05__Series_3___1__crop_0046.npz,6f220b520e91c15939d83913b4c6687526a0116246dbd1cdbac0a637e4147c75,../../examples/real_annotation_crops_loo/loo_AD/PN151_4R_CBD_DIV05__Series_3___1__crop_0046.json,575721d9330596ea0650d7b72390c9a37ca4643b2280f322841defd0a85e13f6,real_annotation_crop_0.1.0,real_crop_builder_0.1.0
PN151_4R_CBD_DIV05__Series_3___1__crop_0047,train,real,PN151_4R_CBD_DIV05__Series_3___1,../../examples/real_annotation_crops_loo/loo_AD/PN151_4R_CBD_DIV05__Series_3___1__crop_0047.npz,42af2bf10aae53e397ae68d3f29633eedf8666ecbbd8250baef1b77eda575aad,../../examples/real_annotation_crops_loo/loo_AD/PN151_4R_CBD_DIV05__Series_3___1__crop_0047.json,14c7a00f51a23048b748fe1f079e2830e07f2e3491d425074e41e0c356012e0e,real_annotation_crop_0.1.0,real_crop_builder_0.1.0
PN151_4R_CBD_DIV05__Series_3___1__crop_0048,train,real,PN151_4R_CBD_DIV05__Series_3___1,../../examples/real_annotation_crops_loo/loo_AD/PN151_4R_CBD_DIV05__Series_3___1__crop_0048.npz,e797286bb824321af9586b67078ece8755c7cb340029fa37069da2e7fb3056d1,../../examples/real_annotation_crops_loo/loo_AD/PN151_4R_CBD_DIV05__Series_3___1__crop_0048.json,8bd9820560efaebc03589db1649386d9e8661e0c342ea1e4a44b718328eb2b18,real_annotation_crop_0.1.0,real_crop_builder_0.1.0
PN151_4R_CBD_DIV05__Series_3___1__crop_0049,train,real,PN151_4R_CBD_DIV05__Series_3___1,../../examples/real_annotation_crops_loo/loo_AD/PN151_4R_CBD_DIV05__Series_3___1__crop_0049.npz,6e6938ad3b6109b4f526d8c22722afb7952ad500b2fce0ca1ae69b9876c48696,../../examples/real_annotation_crops_loo/loo_AD/PN151_4R_CBD_DIV05__Series_3___1__crop_0049.json,0ff452a96ae1d697a34291c3cdcae046e28ceb0d608be23f8e885d0ea89a100b,real_annotation_crop_0.1.0,real_crop_builder_0.1.0
PN151_4R_CBD_DIV05__Series_3___1__crop_0050,train,real,PN151_4R_CBD_DIV05__Series_3___1,../../examples/real_annotation_crops_loo/loo_AD/PN151_4R_CBD_DIV05__Series_3___1__crop_0050.npz,08e10a8b5ffbb04eeac7f4befa1a7af0a87ba9757861c1e32dee2ca2457c02a2,../../examples/real_annotation_crops_loo/loo_AD/PN151_4R_CBD_DIV05__Series_3___1__crop_0050.json,1d15b2e4556028dcc733d48f5e2ce028db9137587ecf6f78822b0bde6fefd738,real_annotation_crop_0.1.0,real_crop_builder_0.1.0
PN151_4R_CBD_DIV05__Series_3___1__crop_0051,train,real,PN151_4R_CBD_DIV05__Series_3___1,../../examples/real_annotation_crops_loo/loo_AD/PN151_4R_CBD_DIV05__Series_3___1__crop_0051.npz,b963c52af36f8b2a29e825a6600d053e9cdc91f1dcf09bc72e39710ab42d7270,../../examples/real_annotation_crops_loo/loo_AD/PN151_4R_CBD_DIV05__Series_3___1__crop_0051.json,edbf80dc2d22c6a8bcb50f4d415f9c4c61bc1c365df599d31951f42afc4252b3,real_annotation_crop_0.1.0,real_crop_builder_0.1.0
PN151_4R_CBD_DIV05__Series_3___1__crop_0052,train,real,PN151_4R_CBD_DIV05__Series_3___1,../../examples/real_annotation_crops_loo/loo_AD/PN151_4R_CBD_DIV05__Series_3___1__crop_0052.npz,d421a08af4348484fc40c15a257b435ee1c8cf006555e52a01a18afec52a7c78,../../examples/real_annotation_crops_loo/loo_AD/PN151_4R_CBD_DIV05__Series_3___1__crop_0052.json,ccd7189f0673f616f139d2c05d3fc230f86ef1f871e1cf37e0198a21bc231c2f,real_annotation_crop_0.1.0,real_crop_builder_0.1.0
PN151_4R_CBD_DIV05__Series_3___1__crop_0053,train,real,PN151_4R_CBD_DIV05__Series_3___1,../../examples/real_annotation_crops_loo/loo_AD/PN151_4R_CBD_DIV05__Series_3___1__crop_0053.npz,083b23f68aa5225b928d5c36dabb98d4c2d3a34388d4187fe55eb857792f15de,../../examples/real_annotation_crops_loo/loo_AD/PN151_4R_CBD_DIV05__Series_3___1__crop_0053.json,4f193f6e02583eceb952c85da6e8a1ffb1ca0099a20d161f3eb05ac3d8725fc0,real_annotation_crop_0.1.0,real_crop_builder_0.1.0
PN151_4R_CBD_DIV05__Series_3___1__crop_0054,train,real,PN151_4R_CBD_DIV05__Series_3___1,../../examples/real_annotation_crops_loo/loo_AD/PN151_4R_CBD_DIV05__Series_3___1__crop_0054.npz,4f9cb65791da7480137a8661d2abea88a4e9d0d5d3edb18e1b9acd85f3b130b5,../../examples/real_annotation_crops_loo/loo_AD/PN151_4R_CBD_DIV05__Series_3___1__crop_0054.json,8e4c1d65e0316cf1966f6a90c067a1d33e2f2512ca12d0d884d760acbf5e4ffc,real_annotation_crop_0.1.0,real_crop_builder_0.1.0
PN151_4R_CBD_DIV05__Series_3___1__crop_0055,train,real,PN151_4R_CBD_DIV05__Series_3___1,../../examples/real_annotation_crops_loo/loo_AD/PN151_4R_CBD_DIV05__Series_3___1__crop_0055.npz,1d7c523dc016ab737a62344d18071f6792aaed9d5d5f8d2c9639910e5fd80f9e,../../examples/real_annotation_crops_loo/loo_AD/PN151_4R_CBD_DIV05__Series_3___1__crop_0055.json,9ddddb33c21857753939f8b00bc7c5a6cb3abea7859b87b0292caf4dc21dab31,real_annotation_crop_0.1.0,real_crop_builder_0.1.0
PN151_4R_CBD_DIV05__Series_3___1__crop_0056,train,real,PN151_4R_CBD_DIV05__Series_3___1,../../examples/real_annotation_crops_loo/loo_AD/PN151_4R_CBD_DIV05__Series_3___1__crop_0056.npz,f44007c6bd52f8675cdb492f771c3f05a7096657e7ee8d5ac4cf665a3582ccae,../../examples/real_annotation_crops_loo/loo_AD/PN151_4R_CBD_DIV05__Series_3___1__crop_0056.json,08744ebfbb8bbf7f1ad4d1d9f5e93e4f6164cd55dd9c8de599136c918481117d,real_annotation_crop_0.1.0,real_crop_builder_0.1.0
PN151_4R_CBD_DIV05__Series_3___1__crop_0057,train,real,PN151_4R_CBD_DIV05__Series_3___1,../../examples/real_annotation_crops_loo/loo_AD/PN151_4R_CBD_DIV05__Series_3___1__crop_0057.npz,30cc4534e9087bd97556a22655599bd29f8d7f2bcfb11b3045eae4f115ad5693,../../examples/real_annotation_crops_loo/loo_AD/PN151_4R_CBD_DIV05__Series_3___1__crop_0057.json,f1cbe1827693c8c5d2e68789de07f2f6f7b60efbf82980762efa665f633c65a2,real_annotation_crop_0.1.0,real_crop_builder_0.1.0
PN151_4R_CBD_DIV05__Series_3___1__crop_0058,train,real,PN151_4R_CBD_DIV05__Series_3___1,../../examples/real_annotation_crops_loo/loo_AD/PN151_4R_CBD_DIV05__Series_3___1__crop_0058.npz,95b78651ae6df9fee244b69d820c44bfb1a37c5332431d9e06796c1d392bae43,../../examples/real_annotation_crops_loo/loo_AD/PN151_4R_CBD_DIV05__Series_3___1__crop_0058.json,82de6bd301bda044a0532d7a02591332abc57433e0d11a2fb4cd8b5cdaafa228,real_annotation_crop_0.1.0,real_crop_builder_0.1.0
PN151_4R_CBD_DIV05__Series_3___1__crop_0059,train,real,PN151_4R_CBD_DIV05__Series_3___1,../../examples/real_annotation_crops_loo/loo_AD/PN151_4R_CBD_DIV05__Series_3___1__crop_0059.npz,22af05ff7c92f5145751683781a2158f8a5adc4652aa9ee44c6f4fd2470f4027,../../examples/real_annotation_crops_loo/loo_AD/PN151_4R_CBD_DIV05__Series_3___1__crop_0059.json,57a498f11506feb43330de3256b06076e4921d52da615f6aa61a97fcbfc2206a,real_annotation_crop_0.1.0,real_crop_builder_0.1.0
PN151_4R_CBD_DIV05__Series_3___1__crop_0060,train,real,PN151_4R_CBD_DIV05__Series_3___1,../../examples/real_annotation_crops_loo/loo_AD/PN151_4R_CBD_DIV05__Series_3___1__crop_0060.npz,2db2075f6d2a96cc4a202a37627960dda348cc4f72a19282802372791cd7caf4,../../examples/real_annotation_crops_loo/loo_AD/PN151_4R_CBD_DIV05__Series_3___1__crop_0060.json,f73ae699322a0415dfea9459c44927ea1c4bdd17dcc69f884e9d52de373139ca,real_annotation_crop_0.1.0,real_crop_builder_0.1.0
PN151_4R_CBD_DIV05__Series_3___1__crop_0061,train,real,PN151_4R_CBD_DIV05__Series_3___1,../../examples/real_annotation_crops_loo/loo_AD/PN151_4R_CBD_DIV05__Series_3___1__crop_0061.npz,ba31d0105f521444d1b43a9ce644d0577dfe0328aaea10680605b4211e4d20ec,../../examples/real_annotation_crops_loo/loo_AD/PN151_4R_CBD_DIV05__Series_3___1__crop_0061.json,adee5ca567fe20e4a0d9662bd6afac414b368a177d7a9cfd2cb2c1bbfe295af3,real_annotation_crop_0.1.0,real_crop_builder_0.1.0
PN151_4R_CBD_DIV05__Series_3___1__crop_0062,train,real,PN151_4R_CBD_DIV05__Series_3___1,../../examples/real_annotation_crops_loo/loo_AD/PN151_4R_CBD_DIV05__Series_3___1__crop_0062.npz,6f72fbda1b48eb3480fdbe1894d40b7395eb08708e2a72c81abbbe4629ba53d6,../../examples/real_annotation_crops_loo/loo_AD/PN151_4R_CBD_DIV05__Series_3___1__crop_0062.json,1572aa719cda2f1cd2063caa1e47b67275043912cb489610bb1341da8f771805,real_annotation_crop_0.1.0,real_crop_builder_0.1.0
PN151_4R_CBD_DIV05__Series_3___1__crop_0063,train,real,PN151_4R_CBD_DIV05__Series_3___1,../../examples/real_annotation_crops_loo/loo_AD/PN151_4R_CBD_DIV05__Series_3___1__crop_0063.npz,49e8941a6335052929d880be6da9039b28dc702e3c2749a27fc55857939acaa6,../../examples/real_annotation_crops_loo/loo_AD/PN151_4R_CBD_DIV05__Series_3___1__crop_0063.json,4e5d36528d53e48f97fcfbd81a4cf8e0c42add376defc3c6a0b516e59db674b2,real_annotation_crop_0.1.0,real_crop_builder_0.1.0
