crop_id,parent_image_id,source_image_id,split_group_id,split,crop_origin_y,crop_origin_x,crop_height,crop_width,fibrous_tau_pixels,clump_pixels,uncertain_ignore_pixels,skeleton_pixels,skeleton_annotation_available
img_05ef13116918fe81f04f__crop_0000,img_05ef13116918fe81f04f,img_05ef13116918fe81f04f,PN148_AD_3R_DIV05,validation,0,0,128,128,0,0,0,0,true
img_05ef13116918fe81f04f__crop_0001,img_05ef13116918fe81f04f,img_05ef13116918fe81f04f,PN148_AD_3R_DIV05,validation,0,128,128,128,0,0,0,0,true
img_05ef13116918fe81f04f__crop_0002,img_05ef13116918fe81f04f,img_05ef13116918fe81f04f,PN148_AD_3R_DIV05,validation,0,256,128,128,0,0,0,0,true
img_05ef13116918fe81f04f__crop_0003,img_05ef13116918fe81f04f,img_05ef13116918fe81f04f,PN148_AD_3R_DIV05,validation,0,384,128,128,0,0,0,0,true
img_05ef13116918fe81f04f__crop_0004,img_05ef13116918fe81f04f,img_05ef13116918fe81f04f,PN148_AD_3R_DIV05,validation,0,512,128,128,0,0,0,0,true
img_05ef13116918fe81f04f__crop_0005,img_05ef13116918fe81f04f,img_05ef13116918fe81f04f,PN148_AD_3R_DIV05,validation,0,640,128,128,0,0,0,0,true
img_05ef13116918fe81f04f__crop_0006,img_05ef13116918fe81f04f,img_05ef13116918fe81f04f,PN148_AD_3R_DIV05,validation,0,768,128,128,0,0,0,0,true
img_05ef13116918fe81f04f__crop_0007,img_05ef13116918fe81f04f,img_05ef13116918fe81f04f,PN148_AD_3R_DIV05,validation,0,896,128,128,0,0,0,0,true
img_05ef13116918fe81f04f__crop_0008,img_05ef13116918fe81f04f,img_05ef13116918fe81f04f,PN148_AD_3R_DIV05,validation,128,0,128,128,33,0,0,12,true
img_05ef13116918fe81f04f__crop_0009,img_05ef13116918fe81f04f,img_05ef13116918fe81f04f,PN148_AD_3R_DIV05,validation,128,128,128,128,0,1933,546,0,true
img_05ef13116918fe81f04f__crop_0010,img_05ef13116918fe81f04f,img_05ef13116918fe81f04f,PN148_AD_3R_DIV05,validation,128,256,128,128,339,94,573,99,true
img_05ef13116918fe81f04f__crop_0011,img_05ef13116918fe81f04f,img_05ef13116918fe81f04f,PN148_AD_3R_DIV05,validation,128,384,128,128,556,717,1346,129,true
img_05ef13116918fe81f04f__crop_0012,img_05ef13116918fe81f04f,img_05ef13116918fe81f04f,PN148_AD_3R_DIV05,validation,128,512,128,128,420,401,1220,130,true
img_05ef13116918fe81f04f__crop_0013,img_05ef13116918fe81f04f,img_05ef13116918fe81f04f,PN148_AD_3R_DIV05,validation,128,640,128,128,133,0,947,25,true
img_05ef13116918fe81f04f__crop_0014,img_05ef13116918fe81f04f,img_05ef13116918fe81f04f,PN148_AD_3R_DIV05,validation,128,768,128,128,503,0,10,144,true
img_05ef13116918fe81f04f__crop_0015,img_05ef13116918fe81f04f,img_05ef13116918fe81f04f,PN148_AD_3R_DIV05,validation,128,896,128,128,19,0,0,0,true
img_05ef13116918fe81f04f__crop_0016,img_05ef13116918fe81f04f,img_05ef13116918fe81f04f,PN148_AD_3R_DIV05,validation,256,0,128,128,2095,0,0,512,true
img_05ef13116918fe81f04f__crop_0017,img_05ef13116918fe81f04f,img_05ef13116918fe81f04f,PN148_AD_3R_DIV05,validation,256,128,128,128,1589,678,495,474,true
img_05ef13116918fe81f04f__crop_0018,img_05ef13116918fe81f04f,img_05ef13116918fe81f04f,PN148_AD_3R_DIV05,validation,256,256,128,128,551,2898,374,150,true
img_05ef13116918fe81f04f__crop_0019,img_05ef13116918fe81f04f,img_05ef13116918fe81f04f,PN148_AD_3R_DIV05,validation,256,384,128,128,1254,0,657,367,true
img_05ef13116918fe81f04f__crop_0020,img_05ef13116918fe81f04f,img_05ef13116918fe81f04f,PN148_AD_3R_DIV05,validation,256,512,128,128,867,0,2917,253,true
img_05ef13116918fe81f04f__crop_0021,img_05ef13116918fe81f04f,img_05ef13116918fe81f04f,PN148_AD_3R_DIV05,validation,256,640,128,128,2013,0,3498,490,true
img_05ef13116918fe81f04f__crop_0022,img_05ef13116918fe81f04f,img_05ef13116918fe81f04f,PN148_AD_3R_DIV05,validation,256,768,128,128,562,0,1938,126,true
img_05ef13116918fe81f04f__crop_0023,img_05ef13116918fe81f04f,img_05ef13116918fe81f04f,PN148_AD_3R_DIV05,validation,256,896,128,128,89,0,0,30,true
img_05ef13116918fe81f04f__crop_0024,img_05ef13116918fe81f04f,img_05ef13116918fe81f04f,PN148_AD_3R_DIV05,validation,384,0,128,128,0,0,0,0,true
img_05ef13116918fe81f04f__crop_0025,img_05ef13116918fe81f04f,img_05ef13116918fe81f04f,PN148_AD_3R_DIV05,validation,384,128,128,128,288,0,1844,67,true
img_05ef13116918fe81f04f__crop_0026,img_05ef13116918fe81f04f,img_05ef13116918fe81f04f,PN148_AD_3R_DIV05,validation,384,256,128,128,1476,704,2235,382,true
img_05ef13116918fe81f04f__crop_0027,img_05ef13116918fe81f04f,img_05ef13116918fe81f04f,PN148_AD_3R_DIV05,validation,384,384,128,128,606,0,832,133,true
img_05ef13116918fe81f04f__crop_0028,img_05ef13116918fe81f04f,img_05ef13116918fe81f04f,PN148_AD_3R_DIV05,validation,384,512,128,128,1665,0,1496,372,true
img_05ef13116918fe81f04f__crop_0029,img_05ef13116918fe81f04f,img_05ef13116918fe81f04f,PN148_AD_3R_DIV05,validation,384,640,128,128,959,0,2024,279,true
img_05ef13116918fe81f04f__crop_0030,img_05ef13116918fe81f04f,img_05ef13116918fe81f04f,PN148_AD_3R_DIV05,validation,384,768,128,128,0,1655,2257,0,true
img_05ef13116918fe81f04f__crop_0031,img_05ef13116918fe81f04f,img_05ef13116918fe81f04f,PN148_AD_3R_DIV05,validation,384,896,128,128,0,0,430,0,true
img_05ef13116918fe81f04f__crop_0032,img_05ef13116918fe81f04f,img_05ef13116918fe81f04f,PN148_AD_3R_DIV05,validation,512,0,128,128,600,0,597,154,true
img_05ef13116918fe81f04f__crop_0033,img_05ef13116918fe81f04f,img_05ef13116918fe81f04f,PN148_AD_3R_DIV05,validation,512,128,128,128,1701,0,1369,490,true
img_05ef13116918fe81f04f__crop_0034,img_05ef13116918fe81f04f,img_05ef13116918fe81f04f,PN148_AD_3R_DIV05,validation,512,256,128,128,1909,511,3101,287,true
img_05ef13116918fe81f04f__crop_0035,img_05ef13116918fe81f04f,img_05ef13116918fe81f04f,PN148_AD_3R_DIV05,validation,512,384,128,128,380,4022,3535,101,true
img_05ef13116918fe81f04f__crop_0036,img_05ef13116918fe81f04f,img_05ef13116918fe81f04f,PN148_AD_3R_DIV05,validation,512,512,128,128,1151,0,1408,317,true
img_05ef13116918fe81f04f__crop_0037,img_05ef13116918fe81f04f,img_05ef13116918fe81f04f,PN148_AD_3R_DIV05,validation,512,640,128,128,1683,0,1963,347,true
img_05ef13116918fe81f04f__crop_0038,img_05ef13116918fe81f04f,img_05ef13116918fe81f04f,PN148_AD_3R_DIV05,validation,512,768,128,128,1051,621,970,317,true
img_05ef13116918fe81f04f__crop_0039,img_05ef13116918fe81f04f,img_05ef13116918fe81f04f,PN148_AD_3R_DIV05,validation,512,896,128,128,0,0,1557,0,true
img_05ef13116918fe81f04f__crop_0040,img_05ef13116918fe81f04f,img_05ef13116918fe81f04f,PN148_AD_3R_DIV05,validation,640,0,128,128,446,0,973,129,true
img_05ef13116918fe81f04f__crop_0041,img_05ef13116918fe81f04f,img_05ef13116918fe81f04f,PN148_AD_3R_DIV05,validation,640,128,128,128,999,698,417,303,true
img_05ef13116918fe81f04f__crop_0042,img_05ef13116918fe81f04f,img_05ef13116918fe81f04f,PN148_AD_3R_DIV05,validation,640,256,128,128,1482,2779,1207,194,true
img_05ef13116918fe81f04f__crop_0043,img_05ef13116918fe81f04f,img_05ef13116918fe81f04f,PN148_AD_3R_DIV05,validation,640,384,128,128,1386,1482,1484,194,true
img_05ef13116918fe81f04f__crop_0044,img_05ef13116918fe81f04f,img_05ef13116918fe81f04f,PN148_AD_3R_DIV05,validation,640,512,128,128,1048,80,1646,277,true
img_05ef13116918fe81f04f__crop_0045,img_05ef13116918fe81f04f,img_05ef13116918fe81f04f,PN148_AD_3R_DIV05,validation,640,640,128,128,951,2930,2269,180,true
img_05ef13116918fe81f04f__crop_0046,img_05ef13116918fe81f04f,img_05ef13116918fe81f04f,PN148_AD_3R_DIV05,validation,640,768,128,128,551,0,1545,136,true
img_05ef13116918fe81f04f__crop_0047,img_05ef13116918fe81f04f,img_05ef13116918fe81f04f,PN148_AD_3R_DIV05,validation,640,896,128,128,0,0,659,0,true
img_05ef13116918fe81f04f__crop_0048,img_05ef13116918fe81f04f,img_05ef13116918fe81f04f,PN148_AD_3R_DIV05,validation,768,0,128,128,0,0,49,0,true
img_05ef13116918fe81f04f__crop_0049,img_05ef13116918fe81f04f,img_05ef13116918fe81f04f,PN148_AD_3R_DIV05,validation,768,128,128,128,0,0,200,0,true
img_05ef13116918fe81f04f__crop_0050,img_05ef13116918fe81f04f,img_05ef13116918fe81f04f,PN148_AD_3R_DIV05,validation,768,256,128,128,346,0,65,108,true
img_05ef13116918fe81f04f__crop_0051,img_05ef13116918fe81f04f,img_05ef13116918fe81f04f,PN148_AD_3R_DIV05,validation,768,384,128,128,266,0,743,69,true
img_05ef13116918fe81f04f__crop_0052,img_05ef13116918fe81f04f,img_05ef13116918fe81f04f,PN148_AD_3R_DIV05,validation,768,512,128,128,29,0,671,14,true
img_05ef13116918fe81f04f__crop_0053,img_05ef13116918fe81f04f,img_05ef13116918fe81f04f,PN148_AD_3R_DIV05,validation,768,640,128,128,12,0,10,2,true
img_05ef13116918fe81f04f__crop_0054,img_05ef13116918fe81f04f,img_05ef13116918fe81f04f,PN148_AD_3R_DIV05,validation,768,768,128,128,0,1141,0,0,true
img_05ef13116918fe81f04f__crop_0055,img_05ef13116918fe81f04f,img_05ef13116918fe81f04f,PN148_AD_3R_DIV05,validation,768,896,128,128,0,438,1971,0,true
img_05ef13116918fe81f04f__crop_0056,img_05ef13116918fe81f04f,img_05ef13116918fe81f04f,PN148_AD_3R_DIV05,validation,896,0,128,128,0,0,2251,0,true
img_05ef13116918fe81f04f__crop_0057,img_05ef13116918fe81f04f,img_05ef13116918fe81f04f,PN148_AD_3R_DIV05,validation,896,128,128,128,0,0,961,0,true
img_05ef13116918fe81f04f__crop_0058,img_05ef13116918fe81f04f,img_05ef13116918fe81f04f,PN148_AD_3R_DIV05,validation,896,256,128,128,0,0,0,0,true
img_05ef13116918fe81f04f__crop_0059,img_05ef13116918fe81f04f,img_05ef13116918fe81f04f,PN148_AD_3R_DIV05,validation,896,384,128,128,0,0,0,0,true
img_05ef13116918fe81f04f__crop_0060,img_05ef13116918fe81f04f,img_05ef13116918fe81f04f,PN148_AD_3R_DIV05,validation,896,512,128,128,0,0,0,0,true
img_05ef13116918fe81f04f__crop_0061,img_05ef13116918fe81f04f,img_05ef13116918fe81f04f,PN148_AD_3R_DIV05,validation,896,640,128,128,0,0,0,0,true
img_05ef13116918fe81f04f__crop_0062,img_05ef13116918fe81f04f,img_05ef13116918fe81f04f,PN148_AD_3R_DIV05,validation,896,768,128,128,0,1335,225,0,true
img_05ef13116918fe81f04f__crop_0063,img_05ef13116918fe81f04f,img_05ef13116918fe81f04f,PN148_AD_3R_DIV05,validation,896,896,128,128,0,1938,802,0,true
img_6c2ecbaaa6ef986d7a8a__crop_0000,img_6c2ecbaaa6ef986d7a8a,img_6c2ecbaaa6ef986d7a8a,PN148_AD_3R_DIV05,validation,0,0,128,128,373,0,0,110,true
img_6c2ecbaaa6ef986d7a8a__crop_0001,img_6c2ecbaaa6ef986d7a8a,img_6c2ecbaaa6ef986d7a8a,PN148_AD_3R_DIV05,validation,0,128,128,128,171,0,0,31,true
img_6c2ecbaaa6ef986d7a8a__crop_0002,img_6c2ecbaaa6ef986d7a8a,img_6c2ecbaaa6ef986d7a8a,PN148_AD_3R_DIV05,validation,0,256,128,128,441,0,0,145,true
img_6c2ecbaaa6ef986d7a8a__crop_0003,img_6c2ecbaaa6ef986d7a8a,img_6c2ecbaaa6ef986d7a8a,PN148_AD_3R_DIV05,validation,0,384,128,128,0,0,0,0,true
img_6c2ecbaaa6ef986d7a8a__crop_0004,img_6c2ecbaaa6ef986d7a8a,img_6c2ecbaaa6ef986d7a8a,PN148_AD_3R_DIV05,validation,0,512,128,128,0,0,0,0,true
img_6c2ecbaaa6ef986d7a8a__crop_0005,img_6c2ecbaaa6ef986d7a8a,img_6c2ecbaaa6ef986d7a8a,PN148_AD_3R_DIV05,validation,0,640,128,128,0,0,590,0,true
img_6c2ecbaaa6ef986d7a8a__crop_0006,img_6c2ecbaaa6ef986d7a8a,img_6c2ecbaaa6ef986d7a8a,PN148_AD_3R_DIV05,validation,0,768,128,128,205,0,853,0,true
img_6c2ecbaaa6ef986d7a8a__crop_0007,img_6c2ecbaaa6ef986d7a8a,img_6c2ecbaaa6ef986d7a8a,PN148_AD_3R_DIV05,validation,0,896,128,128,272,0,127,0,true
img_6c2ecbaaa6ef986d7a8a__crop_0008,img_6c2ecbaaa6ef986d7a8a,img_6c2ecbaaa6ef986d7a8a,PN148_AD_3R_DIV05,validation,128,0,128,128,1466,0,1615,409,true
img_6c2ecbaaa6ef986d7a8a__crop_0009,img_6c2ecbaaa6ef986d7a8a,img_6c2ecbaaa6ef986d7a8a,PN148_AD_3R_DIV05,validation,128,128,128,128,1118,0,458,316,true
img_6c2ecbaaa6ef986d7a8a__crop_0010,img_6c2ecbaaa6ef986d7a8a,img_6c2ecbaaa6ef986d7a8a,PN148_AD_3R_DIV05,validation,128,256,128,128,735,0,545,199,true
img_6c2ecbaaa6ef986d7a8a__crop_0011,img_6c2ecbaaa6ef986d7a8a,img_6c2ecbaaa6ef986d7a8a,PN148_AD_3R_DIV05,validation,128,384,128,128,694,0,1211,197,true
img_6c2ecbaaa6ef986d7a8a__crop_0012,img_6c2ecbaaa6ef986d7a8a,img_6c2ecbaaa6ef986d7a8a,PN148_AD_3R_DIV05,validation,128,512,128,128,241,0,1755,60,true
img_6c2ecbaaa6ef986d7a8a__crop_0013,img_6c2ecbaaa6ef986d7a8a,img_6c2ecbaaa6ef986d7a8a,PN148_AD_3R_DIV05,validation,128,640,128,128,758,0,1725,228,true
img_6c2ecbaaa6ef986d7a8a__crop_0014,img_6c2ecbaaa6ef986d7a8a,img_6c2ecbaaa6ef986d7a8a,PN148_AD_3R_DIV05,validation,128,768,128,128,693,0,1217,197,true
img_6c2ecbaaa6ef986d7a8a__crop_0015,img_6c2ecbaaa6ef986d7a8a,img_6c2ecbaaa6ef986d7a8a,PN148_AD_3R_DIV05,validation,128,896,128,128,173,0,2117,42,true
img_6c2ecbaaa6ef986d7a8a__crop_0016,img_6c2ecbaaa6ef986d7a8a,img_6c2ecbaaa6ef986d7a8a,PN148_AD_3R_DIV05,validation,256,0,128,128,381,0,2886,109,true
img_6c2ecbaaa6ef986d7a8a__crop_0017,img_6c2ecbaaa6ef986d7a8a,img_6c2ecbaaa6ef986d7a8a,PN148_AD_3R_DIV05,validation,256,128,128,128,337,1532,1233,91,true
img_6c2ecbaaa6ef986d7a8a__crop_0018,img_6c2ecbaaa6ef986d7a8a,img_6c2ecbaaa6ef986d7a8a,PN148_AD_3R_DIV05,validation,256,256,128,128,1042,1456,1091,316,true
img_6c2ecbaaa6ef986d7a8a__crop_0019,img_6c2ecbaaa6ef986d7a8a,img_6c2ecbaaa6ef986d7a8a,PN148_AD_3R_DIV05,validation,256,384,128,128,365,0,1503,108,true
img_6c2ecbaaa6ef986d7a8a__crop_0020,img_6c2ecbaaa6ef986d7a8a,img_6c2ecbaaa6ef986d7a8a,PN148_AD_3R_DIV05,validation,256,512,128,128,717,0,729,199,true
img_6c2ecbaaa6ef986d7a8a__crop_0021,img_6c2ecbaaa6ef986d7a8a,img_6c2ecbaaa6ef986d7a8a,PN148_AD_3R_DIV05,validation,256,640,128,128,432,0,1577,126,true
img_6c2ecbaaa6ef986d7a8a__crop_0022,img_6c2ecbaaa6ef986d7a8a,img_6c2ecbaaa6ef986d7a8a,PN148_AD_3R_DIV05,validation,256,768,128,128,57,0,1484,14,true
img_6c2ecbaaa6ef986d7a8a__crop_0023,img_6c2ecbaaa6ef986d7a8a,img_6c2ecbaaa6ef986d7a8a,PN148_AD_3R_DIV05,validation,256,896,128,128,321,0,2520,83,true
img_6c2ecbaaa6ef986d7a8a__crop_0024,img_6c2ecbaaa6ef986d7a8a,img_6c2ecbaaa6ef986d7a8a,PN148_AD_3R_DIV05,validation,384,0,128,128,764,0,440,192,true
img_6c2ecbaaa6ef986d7a8a__crop_0025,img_6c2ecbaaa6ef986d7a8a,img_6c2ecbaaa6ef986d7a8a,PN148_AD_3R_DIV05,validation,384,128,128,128,148,4678,1509,33,true
img_6c2ecbaaa6ef986d7a8a__crop_0026,img_6c2ecbaaa6ef986d7a8a,img_6c2ecbaaa6ef986d7a8a,PN148_AD_3R_DIV05,validation,384,256,128,128,65,2989,4620,17,true
img_6c2ecbaaa6ef986d7a8a__crop_0027,img_6c2ecbaaa6ef986d7a8a,img_6c2ecbaaa6ef986d7a8a,PN148_AD_3R_DIV05,validation,384,384,128,128,405,838,1041,100,true
img_6c2ecbaaa6ef986d7a8a__crop_0028,img_6c2ecbaaa6ef986d7a8a,img_6c2ecbaaa6ef986d7a8a,PN148_AD_3R_DIV05,validation,384,512,128,128,759,0,450,123,true
img_6c2ecbaaa6ef986d7a8a__crop_0029,img_6c2ecbaaa6ef986d7a8a,img_6c2ecbaaa6ef986d7a8a,PN148_AD_3R_DIV05,validation,384,640,128,128,917,0,1008,250,true
img_6c2ecbaaa6ef986d7a8a__crop_0030,img_6c2ecbaaa6ef986d7a8a,img_6c2ecbaaa6ef986d7a8a,PN148_AD_3R_DIV05,validation,384,768,128,128,1103,0,2122,238,true
img_6c2ecbaaa6ef986d7a8a__crop_0031,img_6c2ecbaaa6ef986d7a8a,img_6c2ecbaaa6ef986d7a8a,PN148_AD_3R_DIV05,validation,384,896,128,128,45,0,1329,0,true
img_6c2ecbaaa6ef986d7a8a__crop_0032,img_6c2ecbaaa6ef986d7a8a,img_6c2ecbaaa6ef986d7a8a,PN148_AD_3R_DIV05,validation,512,0,128,128,261,0,0,69,true
img_6c2ecbaaa6ef986d7a8a__crop_0033,img_6c2ecbaaa6ef986d7a8a,img_6c2ecbaaa6ef986d7a8a,PN148_AD_3R_DIV05,validation,512,128,128,128,268,549,826,42,true
img_6c2ecbaaa6ef986d7a8a__crop_0034,img_6c2ecbaaa6ef986d7a8a,img_6c2ecbaaa6ef986d7a8a,PN148_AD_3R_DIV05,validation,512,256,128,128,91,4673,2248,31,true
img_6c2ecbaaa6ef986d7a8a__crop_0035,img_6c2ecbaaa6ef986d7a8a,img_6c2ecbaaa6ef986d7a8a,PN148_AD_3R_DIV05,validation,512,384,128,128,637,0,1620,96,true
img_6c2ecbaaa6ef986d7a8a__crop_0036,img_6c2ecbaaa6ef986d7a8a,img_6c2ecbaaa6ef986d7a8a,PN148_AD_3R_DIV05,validation,512,512,128,128,371,628,1148,85,true
img_6c2ecbaaa6ef986d7a8a__crop_0037,img_6c2ecbaaa6ef986d7a8a,img_6c2ecbaaa6ef986d7a8a,PN148_AD_3R_DIV05,validation,512,640,128,128,103,439,2705,29,true
img_6c2ecbaaa6ef986d7a8a__crop_0038,img_6c2ecbaaa6ef986d7a8a,img_6c2ecbaaa6ef986d7a8a,PN148_AD_3R_DIV05,validation,512,768,128,128,636,0,1343,184,true
img_6c2ecbaaa6ef986d7a8a__crop_0039,img_6c2ecbaaa6ef986d7a8a,img_6c2ecbaaa6ef986d7a8a,PN148_AD_3R_DIV05,validation,512,896,128,128,0,0,2942,0,true
img_6c2ecbaaa6ef986d7a8a__crop_0040,img_6c2ecbaaa6ef986d7a8a,img_6c2ecbaaa6ef986d7a8a,PN148_AD_3R_DIV05,validation,640,0,128,128,0,0,0,0,true
img_6c2ecbaaa6ef986d7a8a__crop_0041,img_6c2ecbaaa6ef986d7a8a,img_6c2ecbaaa6ef986d7a8a,PN148_AD_3R_DIV05,validation,640,128,128,128,366,0,85,114,true
img_6c2ecbaaa6ef986d7a8a__crop_0042,img_6c2ecbaaa6ef986d7a8a,img_6c2ecbaaa6ef986d7a8a,PN148_AD_3R_DIV05,validation,640,256,128,128,779,0,181,176,true
img_6c2ecbaaa6ef986d7a8a__crop_0043,img_6c2ecbaaa6ef986d7a8a,img_6c2ecbaaa6ef986d7a8a,PN148_AD_3R_DIV05,validation,640,384,128,128,468,0,1896,47,true
img_6c2ecbaaa6ef986d7a8a__crop_0044,img_6c2ecbaaa6ef986d7a8a,img_6c2ecbaaa6ef986d7a8a,PN148_AD_3R_DIV05,validation,640,512,128,128,147,272,5429,12,true
img_6c2ecbaaa6ef986d7a8a__crop_0045,img_6c2ecbaaa6ef986d7a8a,img_6c2ecbaaa6ef986d7a8a,PN148_AD_3R_DIV05,validation,640,640,128,128,1143,41,1969,307,true
img_6c2ecbaaa6ef986d7a8a__crop_0046,img_6c2ecbaaa6ef986d7a8a,img_6c2ecbaaa6ef986d7a8a,PN148_AD_3R_DIV05,validation,640,768,128,128,455,0,1517,137,true
img_6c2ecbaaa6ef986d7a8a__crop_0047,img_6c2ecbaaa6ef986d7a8a,img_6c2ecbaaa6ef986d7a8a,PN148_AD_3R_DIV05,validation,640,896,128,128,0,0,256,0,true
img_6c2ecbaaa6ef986d7a8a__crop_0048,img_6c2ecbaaa6ef986d7a8a,img_6c2ecbaaa6ef986d7a8a,PN148_AD_3R_DIV05,validation,768,0,128,128,0,0,0,0,true
img_6c2ecbaaa6ef986d7a8a__crop_0049,img_6c2ecbaaa6ef986d7a8a,img_6c2ecbaaa6ef986d7a8a,PN148_AD_3R_DIV05,validation,768,128,128,128,0,0,0,0,true
img_6c2ecbaaa6ef986d7a8a__crop_0050,img_6c2ecbaaa6ef986d7a8a,img_6c2ecbaaa6ef986d7a8a,PN148_AD_3R_DIV05,validation,768,256,128,128,0,0,0,0,true
img_6c2ecbaaa6ef986d7a8a__crop_0051,img_6c2ecbaaa6ef986d7a8a,img_6c2ecbaaa6ef986d7a8a,PN148_AD_3R_DIV05,validation,768,384,128,128,620,0,420,176,true
img_6c2ecbaaa6ef986d7a8a__crop_0052,img_6c2ecbaaa6ef986d7a8a,img_6c2ecbaaa6ef986d7a8a,PN148_AD_3R_DIV05,validation,768,512,128,128,609,0,3702,185,true
img_6c2ecbaaa6ef986d7a8a__crop_0053,img_6c2ecbaaa6ef986d7a8a,img_6c2ecbaaa6ef986d7a8a,PN148_AD_3R_DIV05,validation,768,640,128,128,907,0,1968,265,true
img_6c2ecbaaa6ef986d7a8a__crop_0054,img_6c2ecbaaa6ef986d7a8a,img_6c2ecbaaa6ef986d7a8a,PN148_AD_3R_DIV05,validation,768,768,128,128,671,0,2526,148,true
img_6c2ecbaaa6ef986d7a8a__crop_0055,img_6c2ecbaaa6ef986d7a8a,img_6c2ecbaaa6ef986d7a8a,PN148_AD_3R_DIV05,validation,768,896,128,128,340,0,114,88,true
img_6c2ecbaaa6ef986d7a8a__crop_0056,img_6c2ecbaaa6ef986d7a8a,img_6c2ecbaaa6ef986d7a8a,PN148_AD_3R_DIV05,validation,896,0,128,128,0,0,0,0,true
img_6c2ecbaaa6ef986d7a8a__crop_0057,img_6c2ecbaaa6ef986d7a8a,img_6c2ecbaaa6ef986d7a8a,PN148_AD_3R_DIV05,validation,896,128,128,128,0,0,0,0,true
img_6c2ecbaaa6ef986d7a8a__crop_0058,img_6c2ecbaaa6ef986d7a8a,img_6c2ecbaaa6ef986d7a8a,PN148_AD_3R_DIV05,validation,896,256,128,128,0,0,0,0,true
img_6c2ecbaaa6ef986d7a8a__crop_0059,img_6c2ecbaaa6ef986d7a8a,img_6c2ecbaaa6ef986d7a8a,PN148_AD_3R_DIV05,validation,896,384,128,128,0,0,120,0,true
img_6c2ecbaaa6ef986d7a8a__crop_0060,img_6c2ecbaaa6ef986d7a8a,img_6c2ecbaaa6ef986d7a8a,PN148_AD_3R_DIV05,validation,896,512,128,128,187,0,530,57,true
img_6c2ecbaaa6ef986d7a8a__crop_0061,img_6c2ecbaaa6ef986d7a8a,img_6c2ecbaaa6ef986d7a8a,PN148_AD_3R_DIV05,validation,896,640,128,128,96,0,1607,32,true
img_6c2ecbaaa6ef986d7a8a__crop_0062,img_6c2ecbaaa6ef986d7a8a,img_6c2ecbaaa6ef986d7a8a,PN148_AD_3R_DIV05,validation,896,768,128,128,220,0,2013,73,true
img_6c2ecbaaa6ef986d7a8a__crop_0063,img_6c2ecbaaa6ef986d7a8a,img_6c2ecbaaa6ef986d7a8a,PN148_AD_3R_DIV05,validation,896,896,128,128,0,0,502,0,true
img_af6313c152e9bc38a66c__crop_0000,img_af6313c152e9bc38a66c,img_af6313c152e9bc38a66c,PN148_AD_3R_DIV07,test,0,0,128,128,0,0,0,0,true
img_af6313c152e9bc38a66c__crop_0001,img_af6313c152e9bc38a66c,img_af6313c152e9bc38a66c,PN148_AD_3R_DIV07,test,0,128,128,128,0,0,0,0,true
img_af6313c152e9bc38a66c__crop_0002,img_af6313c152e9bc38a66c,img_af6313c152e9bc38a66c,PN148_AD_3R_DIV07,test,0,256,128,128,0,0,0,0,true
img_af6313c152e9bc38a66c__crop_0003,img_af6313c152e9bc38a66c,img_af6313c152e9bc38a66c,PN148_AD_3R_DIV07,test,0,384,128,128,0,0,580,0,true
img_af6313c152e9bc38a66c__crop_0004,img_af6313c152e9bc38a66c,img_af6313c152e9bc38a66c,PN148_AD_3R_DIV07,test,0,512,128,128,334,0,377,95,true
img_af6313c152e9bc38a66c__crop_0005,img_af6313c152e9bc38a66c,img_af6313c152e9bc38a66c,PN148_AD_3R_DIV07,test,0,640,128,128,160,0,1002,43,true
img_af6313c152e9bc38a66c__crop_0006,img_af6313c152e9bc38a66c,img_af6313c152e9bc38a66c,PN148_AD_3R_DIV07,test,0,768,128,128,0,0,146,0,true
img_af6313c152e9bc38a66c__crop_0007,img_af6313c152e9bc38a66c,img_af6313c152e9bc38a66c,PN148_AD_3R_DIV07,test,0,896,128,128,0,0,0,0,true
img_af6313c152e9bc38a66c__crop_0008,img_af6313c152e9bc38a66c,img_af6313c152e9bc38a66c,PN148_AD_3R_DIV07,test,128,0,128,128,0,0,0,0,true
img_af6313c152e9bc38a66c__crop_0009,img_af6313c152e9bc38a66c,img_af6313c152e9bc38a66c,PN148_AD_3R_DIV07,test,128,128,128,128,0,0,0,0,true
img_af6313c152e9bc38a66c__crop_0010,img_af6313c152e9bc38a66c,img_af6313c152e9bc38a66c,PN148_AD_3R_DIV07,test,128,256,128,128,0,0,586,0,true
img_af6313c152e9bc38a66c__crop_0011,img_af6313c152e9bc38a66c,img_af6313c152e9bc38a66c,PN148_AD_3R_DIV07,test,128,384,128,128,0,0,1419,0,true
img_af6313c152e9bc38a66c__crop_0012,img_af6313c152e9bc38a66c,img_af6313c152e9bc38a66c,PN148_AD_3R_DIV07,test,128,512,128,128,0,0,0,0,true
img_af6313c152e9bc38a66c__crop_0013,img_af6313c152e9bc38a66c,img_af6313c152e9bc38a66c,PN148_AD_3R_DIV07,test,128,640,128,128,410,0,324,112,true
img_af6313c152e9bc38a66c__crop_0014,img_af6313c152e9bc38a66c,img_af6313c152e9bc38a66c,PN148_AD_3R_DIV07,test,128,768,128,128,336,0,661,90,true
img_af6313c152e9bc38a66c__crop_0015,img_af6313c152e9bc38a66c,img_af6313c152e9bc38a66c,PN148_AD_3R_DIV07,test,128,896,128,128,0,0,0,0,true
img_af6313c152e9bc38a66c__crop_0016,img_af6313c152e9bc38a66c,img_af6313c152e9bc38a66c,PN148_AD_3R_DIV07,test,256,0,128,128,0,0,0,0,true
img_af6313c152e9bc38a66c__crop_0017,img_af6313c152e9bc38a66c,img_af6313c152e9bc38a66c,PN148_AD_3R_DIV07,test,256,128,128,128,0,0,0,0,true
img_af6313c152e9bc38a66c__crop_0018,img_af6313c152e9bc38a66c,img_af6313c152e9bc38a66c,PN148_AD_3R_DIV07,test,256,256,128,128,661,0,692,131,true
img_af6313c152e9bc38a66c__crop_0019,img_af6313c152e9bc38a66c,img_af6313c152e9bc38a66c,PN148_AD_3R_DIV07,test,256,384,128,128,0,0,0,0,true
img_af6313c152e9bc38a66c__crop_0020,img_af6313c152e9bc38a66c,img_af6313c152e9bc38a66c,PN148_AD_3R_DIV07,test,256,512,128,128,0,0,0,0,true
img_af6313c152e9bc38a66c__crop_0021,img_af6313c152e9bc38a66c,img_af6313c152e9bc38a66c,PN148_AD_3R_DIV07,test,256,640,128,128,262,0,1355,64,true
img_af6313c152e9bc38a66c__crop_0022,img_af6313c152e9bc38a66c,img_af6313c152e9bc38a66c,PN148_AD_3R_DIV07,test,256,768,128,128,142,0,1989,37,true
img_af6313c152e9bc38a66c__crop_0023,img_af6313c152e9bc38a66c,img_af6313c152e9bc38a66c,PN148_AD_3R_DIV07,test,256,896,128,128,0,0,0,0,true
img_af6313c152e9bc38a66c__crop_0024,img_af6313c152e9bc38a66c,img_af6313c152e9bc38a66c,PN148_AD_3R_DIV07,test,384,0,128,128,0,0,0,0,true
img_af6313c152e9bc38a66c__crop_0025,img_af6313c152e9bc38a66c,img_af6313c152e9bc38a66c,PN148_AD_3R_DIV07,test,384,128,128,128,0,0,0,0,true
img_af6313c152e9bc38a66c__crop_0026,img_af6313c152e9bc38a66c,img_af6313c152e9bc38a66c,PN148_AD_3R_DIV07,test,384,256,128,128,495,0,704,148,true
img_af6313c152e9bc38a66c__crop_0027,img_af6313c152e9bc38a66c,img_af6313c152e9bc38a66c,PN148_AD_3R_DIV07,test,384,384,128,128,432,0,278,123,true
img_af6313c152e9bc38a66c__crop_0028,img_af6313c152e9bc38a66c,img_af6313c152e9bc38a66c,PN148_AD_3R_DIV07,test,384,512,128,128,76,0,754,25,true
img_af6313c152e9bc38a66c__crop_0029,img_af6313c152e9bc38a66c,img_af6313c152e9bc38a66c,PN148_AD_3R_DIV07,test,384,640,128,128,1010,807,1220,290,true
img_af6313c152e9bc38a66c__crop_0030,img_af6313c152e9bc38a66c,img_af6313c152e9bc38a66c,PN148_AD_3R_DIV07,test,384,768,128,128,561,0,3039,155,true
img_af6313c152e9bc38a66c__crop_0031,img_af6313c152e9bc38a66c,img_af6313c152e9bc38a66c,PN148_AD_3R_DIV07,test,384,896,128,128,0,0,0,0,true
img_af6313c152e9bc38a66c__crop_0032,img_af6313c152e9bc38a66c,img_af6313c152e9bc38a66c,PN148_AD_3R_DIV07,test,512,0,128,128,0,0,0,0,true
img_af6313c152e9bc38a66c__crop_0033,img_af6313c152e9bc38a66c,img_af6313c152e9bc38a66c,PN148_AD_3R_DIV07,test,512,128,128,128,0,0,0,0,true
img_af6313c152e9bc38a66c__crop_0034,img_af6313c152e9bc38a66c,img_af6313c152e9bc38a66c,PN148_AD_3R_DIV07,test,512,256,128,128,0,0,3066,0,true
img_af6313c152e9bc38a66c__crop_0035,img_af6313c152e9bc38a66c,img_af6313c152e9bc38a66c,PN148_AD_3R_DIV07,test,512,384,128,128,557,0,1610,151,true
img_af6313c152e9bc38a66c__crop_0036,img_af6313c152e9bc38a66c,img_af6313c152e9bc38a66c,PN148_AD_3R_DIV07,test,512,512,128,128,172,0,2233,36,true
img_af6313c152e9bc38a66c__crop_0037,img_af6313c152e9bc38a66c,img_af6313c152e9bc38a66c,PN148_AD_3R_DIV07,test,512,640,128,128,156,3261,3232,49,true
img_af6313c152e9bc38a66c__crop_0038,img_af6313c152e9bc38a66c,img_af6313c152e9bc38a66c,PN148_AD_3R_DIV07,test,512,768,128,128,0,0,506,0,true
img_af6313c152e9bc38a66c__crop_0039,img_af6313c152e9bc38a66c,img_af6313c152e9bc38a66c,PN148_AD_3R_DIV07,test,512,896,128,128,0,0,736,0,true
img_af6313c152e9bc38a66c__crop_0040,img_af6313c152e9bc38a66c,img_af6313c152e9bc38a66c,PN148_AD_3R_DIV07,test,640,0,128,128,0,0,0,0,true
img_af6313c152e9bc38a66c__crop_0041,img_af6313c152e9bc38a66c,img_af6313c152e9bc38a66c,PN148_AD_3R_DIV07,test,640,128,128,128,0,0,101,0,true
img_af6313c152e9bc38a66c__crop_0042,img_af6313c152e9bc38a66c,img_af6313c152e9bc38a66c,PN148_AD_3R_DIV07,test,640,256,128,128,446,0,2786,129,true
img_af6313c152e9bc38a66c__crop_0043,img_af6313c152e9bc38a66c,img_af6313c152e9bc38a66c,PN148_AD_3R_DIV07,test,640,384,128,128,80,1441,3389,26,true
img_af6313c152e9bc38a66c__crop_0044,img_af6313c152e9bc38a66c,img_af6313c152e9bc38a66c,PN148_AD_3R_DIV07,test,640,512,128,128,0,6385,2163,0,true
img_af6313c152e9bc38a66c__crop_0045,img_af6313c152e9bc38a66c,img_af6313c152e9bc38a66c,PN148_AD_3R_DIV07,test,640,640,128,128,0,0,420,0,true
img_af6313c152e9bc38a66c__crop_0046,img_af6313c152e9bc38a66c,img_af6313c152e9bc38a66c,PN148_AD_3R_DIV07,test,640,768,128,128,0,0,0,0,true
img_af6313c152e9bc38a66c__crop_0047,img_af6313c152e9bc38a66c,img_af6313c152e9bc38a66c,PN148_AD_3R_DIV07,test,640,896,128,128,0,0,575,0,true
img_af6313c152e9bc38a66c__crop_0048,img_af6313c152e9bc38a66c,img_af6313c152e9bc38a66c,PN148_AD_3R_DIV07,test,768,0,128,128,0,0,0,0,true
img_af6313c152e9bc38a66c__crop_0049,img_af6313c152e9bc38a66c,img_af6313c152e9bc38a66c,PN148_AD_3R_DIV07,test,768,128,128,128,0,0,53,0,true
img_af6313c152e9bc38a66c__crop_0050,img_af6313c152e9bc38a66c,img_af6313c152e9bc38a66c,PN148_AD_3R_DIV07,test,768,256,128,128,261,0,3644,81,true
img_af6313c152e9bc38a66c__crop_0051,img_af6313c152e9bc38a66c,img_af6313c152e9bc38a66c,PN148_AD_3R_DIV07,test,768,384,128,128,357,2575,1322,115,true
img_af6313c152e9bc38a66c__crop_0052,img_af6313c152e9bc38a66c,img_af6313c152e9bc38a66c,PN148_AD_3R_DIV07,test,768,512,128,128,0,0,129,0,true
img_af6313c152e9bc38a66c__crop_0053,img_af6313c152e9bc38a66c,img_af6313c152e9bc38a66c,PN148_AD_3R_DIV07,test,768,640,128,128,0,0,0,0,true
img_af6313c152e9bc38a66c__crop_0054,img_af6313c152e9bc38a66c,img_af6313c152e9bc38a66c,PN148_AD_3R_DIV07,test,768,768,128,128,0,0,0,0,true
img_af6313c152e9bc38a66c__crop_0055,img_af6313c152e9bc38a66c,img_af6313c152e9bc38a66c,PN148_AD_3R_DIV07,test,768,896,128,128,0,0,0,0,true
img_af6313c152e9bc38a66c__crop_0056,img_af6313c152e9bc38a66c,img_af6313c152e9bc38a66c,PN148_AD_3R_DIV07,test,896,0,128,128,0,0,0,0,true
img_af6313c152e9bc38a66c__crop_0057,img_af6313c152e9bc38a66c,img_af6313c152e9bc38a66c,PN148_AD_3R_DIV07,test,896,128,128,128,0,0,405,0,true
img_af6313c152e9bc38a66c__crop_0058,img_af6313c152e9bc38a66c,img_af6313c152e9bc38a66c,PN148_AD_3R_DIV07,test,896,256,128,128,0,0,4273,0,true
img_af6313c152e9bc38a66c__crop_0059,img_af6313c152e9bc38a66c,img_af6313c152e9bc38a66c,PN148_AD_3R_DIV07,test,896,384,128,128,0,0,1,0,true
img_af6313c152e9bc38a66c__crop_0060,img_af6313c152e9bc38a66c,img_af6313c152e9bc38a66c,PN148_AD_3R_DIV07,test,896,512,128,128,0,0,0,0,true
img_af6313c152e9bc38a66c__crop_0061,img_af6313c152e9bc38a66c,img_af6313c152e9bc38a66c,PN148_AD_3R_DIV07,test,896,640,128,128,0,0,0,0,true
img_af6313c152e9bc38a66c__crop_0062,img_af6313c152e9bc38a66c,img_af6313c152e9bc38a66c,PN148_AD_3R_DIV07,test,896,768,128,128,0,0,0,0,true
img_af6313c152e9bc38a66c__crop_0063,img_af6313c152e9bc38a66c,img_af6313c152e9bc38a66c,PN148_AD_3R_DIV07,test,896,896,128,128,0,0,0,0,true
img_2a83cf27e86fd0275008__crop_0000,img_2a83cf27e86fd0275008,img_2a83cf27e86fd0275008,PN148_AD_3R_DIV10,calibration,0,0,128,128,276,1088,2237,62,true
img_2a83cf27e86fd0275008__crop_0001,img_2a83cf27e86fd0275008,img_2a83cf27e86fd0275008,PN148_AD_3R_DIV10,calibration,0,128,128,128,0,2469,2460,0,true
img_2a83cf27e86fd0275008__crop_0002,img_2a83cf27e86fd0275008,img_2a83cf27e86fd0275008,PN148_AD_3R_DIV10,calibration,0,256,128,128,0,3150,1031,0,true
img_2a83cf27e86fd0275008__crop_0003,img_2a83cf27e86fd0275008,img_2a83cf27e86fd0275008,PN148_AD_3R_DIV10,calibration,0,384,128,128,411,1171,912,113,true
img_2a83cf27e86fd0275008__crop_0004,img_2a83cf27e86fd0275008,img_2a83cf27e86fd0275008,PN148_AD_3R_DIV10,calibration,0,512,128,128,0,0,2981,0,true
img_2a83cf27e86fd0275008__crop_0005,img_2a83cf27e86fd0275008,img_2a83cf27e86fd0275008,PN148_AD_3R_DIV10,calibration,0,640,128,128,0,6566,2484,0,true
img_2a83cf27e86fd0275008__crop_0006,img_2a83cf27e86fd0275008,img_2a83cf27e86fd0275008,PN148_AD_3R_DIV10,calibration,0,768,128,128,0,0,873,0,true
img_2a83cf27e86fd0275008__crop_0007,img_2a83cf27e86fd0275008,img_2a83cf27e86fd0275008,PN148_AD_3R_DIV10,calibration,0,896,128,128,0,0,265,0,true
img_2a83cf27e86fd0275008__crop_0008,img_2a83cf27e86fd0275008,img_2a83cf27e86fd0275008,PN148_AD_3R_DIV10,calibration,128,0,128,128,0,3247,2830,0,true
img_2a83cf27e86fd0275008__crop_0009,img_2a83cf27e86fd0275008,img_2a83cf27e86fd0275008,PN148_AD_3R_DIV10,calibration,128,128,128,128,0,2427,3363,0,true
img_2a83cf27e86fd0275008__crop_0010,img_2a83cf27e86fd0275008,img_2a83cf27e86fd0275008,PN148_AD_3R_DIV10,calibration,128,256,128,128,133,37,2154,28,true
img_2a83cf27e86fd0275008__crop_0011,img_2a83cf27e86fd0275008,img_2a83cf27e86fd0275008,PN148_AD_3R_DIV10,calibration,128,384,128,128,228,0,1922,55,true
img_2a83cf27e86fd0275008__crop_0012,img_2a83cf27e86fd0275008,img_2a83cf27e86fd0275008,PN148_AD_3R_DIV10,calibration,128,512,128,128,727,0,1851,185,true
img_2a83cf27e86fd0275008__crop_0013,img_2a83cf27e86fd0275008,img_2a83cf27e86fd0275008,PN148_AD_3R_DIV10,calibration,128,640,128,128,0,2326,3393,0,true
img_2a83cf27e86fd0275008__crop_0014,img_2a83cf27e86fd0275008,img_2a83cf27e86fd0275008,PN148_AD_3R_DIV10,calibration,128,768,128,128,248,1036,2996,70,true
img_2a83cf27e86fd0275008__crop_0015,img_2a83cf27e86fd0275008,img_2a83cf27e86fd0275008,PN148_AD_3R_DIV10,calibration,128,896,128,128,0,4,448,0,true
img_2a83cf27e86fd0275008__crop_0016,img_2a83cf27e86fd0275008,img_2a83cf27e86fd0275008,PN148_AD_3R_DIV10,calibration,256,0,128,128,357,441,1766,54,true
img_2a83cf27e86fd0275008__crop_0017,img_2a83cf27e86fd0275008,img_2a83cf27e86fd0275008,PN148_AD_3R_DIV10,calibration,256,128,128,128,0,873,5465,0,true
img_2a83cf27e86fd0275008__crop_0018,img_2a83cf27e86fd0275008,img_2a83cf27e86fd0275008,PN148_AD_3R_DIV10,calibration,256,256,128,128,163,0,3539,44,true
img_2a83cf27e86fd0275008__crop_0019,img_2a83cf27e86fd0275008,img_2a83cf27e86fd0275008,PN148_AD_3R_DIV10,calibration,256,384,128,128,357,0,1663,88,true
img_2a83cf27e86fd0275008__crop_0020,img_2a83cf27e86fd0275008,img_2a83cf27e86fd0275008,PN148_AD_3R_DIV10,calibration,256,512,128,128,283,0,2287,72,true
img_2a83cf27e86fd0275008__crop_0021,img_2a83cf27e86fd0275008,img_2a83cf27e86fd0275008,PN148_AD_3R_DIV10,calibration,256,640,128,128,17,0,3078,0,true
img_2a83cf27e86fd0275008__crop_0022,img_2a83cf27e86fd0275008,img_2a83cf27e86fd0275008,PN148_AD_3R_DIV10,calibration,256,768,128,128,1072,4,847,231,true
img_2a83cf27e86fd0275008__crop_0023,img_2a83cf27e86fd0275008,img_2a83cf27e86fd0275008,PN148_AD_3R_DIV10,calibration,256,896,128,128,0,0,199,0,true
img_2a83cf27e86fd0275008__crop_0024,img_2a83cf27e86fd0275008,img_2a83cf27e86fd0275008,PN148_AD_3R_DIV10,calibration,384,0,128,128,0,1796,4130,0,true
img_2a83cf27e86fd0275008__crop_0025,img_2a83cf27e86fd0275008,img_2a83cf27e86fd0275008,PN148_AD_3R_DIV10,calibration,384,128,128,128,116,652,2443,25,true
img_2a83cf27e86fd0275008__crop_0026,img_2a83cf27e86fd0275008,img_2a83cf27e86fd0275008,PN148_AD_3R_DIV10,calibration,384,256,128,128,0,1840,1787,0,true
img_2a83cf27e86fd0275008__crop_0027,img_2a83cf27e86fd0275008,img_2a83cf27e86fd0275008,PN148_AD_3R_DIV10,calibration,384,384,128,128,12,0,1457,3,true
img_2a83cf27e86fd0275008__crop_0028,img_2a83cf27e86fd0275008,img_2a83cf27e86fd0275008,PN148_AD_3R_DIV10,calibration,384,512,128,128,107,0,1073,24,true
img_2a83cf27e86fd0275008__crop_0029,img_2a83cf27e86fd0275008,img_2a83cf27e86fd0275008,PN148_AD_3R_DIV10,calibration,384,640,128,128,331,117,3090,87,true
img_2a83cf27e86fd0275008__crop_0030,img_2a83cf27e86fd0275008,img_2a83cf27e86fd0275008,PN148_AD_3R_DIV10,calibration,384,768,128,128,672,2053,980,126,true
img_2a83cf27e86fd0275008__crop_0031,img_2a83cf27e86fd0275008,img_2a83cf27e86fd0275008,PN148_AD_3R_DIV10,calibration,384,896,128,128,0,0,2097,0,true
img_2a83cf27e86fd0275008__crop_0032,img_2a83cf27e86fd0275008,img_2a83cf27e86fd0275008,PN148_AD_3R_DIV10,calibration,512,0,128,128,418,0,876,86,true
img_2a83cf27e86fd0275008__crop_0033,img_2a83cf27e86fd0275008,img_2a83cf27e86fd0275008,PN148_AD_3R_DIV10,calibration,512,128,128,128,670,812,796,177,true
img_2a83cf27e86fd0275008__crop_0034,img_2a83cf27e86fd0275008,img_2a83cf27e86fd0275008,PN148_AD_3R_DIV10,calibration,512,256,128,128,14,3911,1230,0,true
img_2a83cf27e86fd0275008__crop_0035,img_2a83cf27e86fd0275008,img_2a83cf27e86fd0275008,PN148_AD_3R_DIV10,calibration,512,384,128,128,205,0,1109,52,true
img_2a83cf27e86fd0275008__crop_0036,img_2a83cf27e86fd0275008,img_2a83cf27e86fd0275008,PN148_AD_3R_DIV10,calibration,512,512,128,128,0,0,250,0,true
img_2a83cf27e86fd0275008__crop_0037,img_2a83cf27e86fd0275008,img_2a83cf27e86fd0275008,PN148_AD_3R_DIV10,calibration,512,640,128,128,0,0,1411,0,true
img_2a83cf27e86fd0275008__crop_0038,img_2a83cf27e86fd0275008,img_2a83cf27e86fd0275008,PN148_AD_3R_DIV10,calibration,512,768,128,128,0,0,775,0,true
img_2a83cf27e86fd0275008__crop_0039,img_2a83cf27e86fd0275008,img_2a83cf27e86fd0275008,PN148_AD_3R_DIV10,calibration,512,896,128,128,0,358,4412,0,true
img_2a83cf27e86fd0275008__crop_0040,img_2a83cf27e86fd0275008,img_2a83cf27e86fd0275008,PN148_AD_3R_DIV10,calibration,640,0,128,128,393,360,1087,79,true
img_2a83cf27e86fd0275008__crop_0041,img_2a83cf27e86fd0275008,img_2a83cf27e86fd0275008,PN148_AD_3R_DIV10,calibration,640,128,128,128,0,0,589,0,true
img_2a83cf27e86fd0275008__crop_0042,img_2a83cf27e86fd0275008,img_2a83cf27e86fd0275008,PN148_AD_3R_DIV10,calibration,640,256,128,128,140,603,1233,31,true
img_2a83cf27e86fd0275008__crop_0043,img_2a83cf27e86fd0275008,img_2a83cf27e86fd0275008,PN148_AD_3R_DIV10,calibration,640,384,128,128,0,0,1940,0,true
img_2a83cf27e86fd0275008__crop_0044,img_2a83cf27e86fd0275008,img_2a83cf27e86fd0275008,PN148_AD_3R_DIV10,calibration,640,512,128,128,146,0,1607,28,true
img_2a83cf27e86fd0275008__crop_0045,img_2a83cf27e86fd0275008,img_2a83cf27e86fd0275008,PN148_AD_3R_DIV10,calibration,640,640,128,128,538,0,1639,133,true
img_2a83cf27e86fd0275008__crop_0046,img_2a83cf27e86fd0275008,img_2a83cf27e86fd0275008,PN148_AD_3R_DIV10,calibration,640,768,128,128,0,0,1157,0,true
img_2a83cf27e86fd0275008__crop_0047,img_2a83cf27e86fd0275008,img_2a83cf27e86fd0275008,PN148_AD_3R_DIV10,calibration,640,896,128,128,135,1896,2170,19,true
img_2a83cf27e86fd0275008__crop_0048,img_2a83cf27e86fd0275008,img_2a83cf27e86fd0275008,PN148_AD_3R_DIV10,calibration,768,0,128,128,548,1322,1277,133,true
img_2a83cf27e86fd0275008__crop_0049,img_2a83cf27e86fd0275008,img_2a83cf27e86fd0275008,PN148_AD_3R_DIV10,calibration,768,128,128,128,0,2726,1313,0,true
img_2a83cf27e86fd0275008__crop_0050,img_2a83cf27e86fd0275008,img_2a83cf27e86fd0275008,PN148_AD_3R_DIV10,calibration,768,256,128,128,334,242,969,76,true
img_2a83cf27e86fd0275008__crop_0051,img_2a83cf27e86fd0275008,img_2a83cf27e86fd0275008,PN148_AD_3R_DIV10,calibration,768,384,128,128,78,0,788,21,true
img_2a83cf27e86fd0275008__crop_0052,img_2a83cf27e86fd0275008,img_2a83cf27e86fd0275008,PN148_AD_3R_DIV10,calibration,768,512,128,128,468,0,846,94,true
img_2a83cf27e86fd0275008__crop_0053,img_2a83cf27e86fd0275008,img_2a83cf27e86fd0275008,PN148_AD_3R_DIV10,calibration,768,640,128,128,527,0,1359,110,true
img_2a83cf27e86fd0275008__crop_0054,img_2a83cf27e86fd0275008,img_2a83cf27e86fd0275008,PN148_AD_3R_DIV10,calibration,768,768,128,128,2693,0,2262,239,true
img_2a83cf27e86fd0275008__crop_0055,img_2a83cf27e86fd0275008,img_2a83cf27e86fd0275008,PN148_AD_3R_DIV10,calibration,768,896,128,128,1161,0,1473,124,true
img_2a83cf27e86fd0275008__crop_0056,img_2a83cf27e86fd0275008,img_2a83cf27e86fd0275008,PN148_AD_3R_DIV10,calibration,896,0,128,128,595,0,766,144,true
img_2a83cf27e86fd0275008__crop_0057,img_2a83cf27e86fd0275008,img_2a83cf27e86fd0275008,PN148_AD_3R_DIV10,calibration,896,128,128,128,253,1425,1080,60,true
img_2a83cf27e86fd0275008__crop_0058,img_2a83cf27e86fd0275008,img_2a83cf27e86fd0275008,PN148_AD_3R_DIV10,calibration,896,256,128,128,265,0,1071,68,true
img_2a83cf27e86fd0275008__crop_0059,img_2a83cf27e86fd0275008,img_2a83cf27e86fd0275008,PN148_AD_3R_DIV10,calibration,896,384,128,128,331,588,1035,87,true
img_2a83cf27e86fd0275008__crop_0060,img_2a83cf27e86fd0275008,img_2a83cf27e86fd0275008,PN148_AD_3R_DIV10,calibration,896,512,128,128,195,1695,2685,47,true
img_2a83cf27e86fd0275008__crop_0061,img_2a83cf27e86fd0275008,img_2a83cf27e86fd0275008,PN148_AD_3R_DIV10,calibration,896,640,128,128,3340,0,1048,164,true
img_2a83cf27e86fd0275008__crop_0062,img_2a83cf27e86fd0275008,img_2a83cf27e86fd0275008,PN148_AD_3R_DIV10,calibration,896,768,128,128,2734,0,500,197,true
img_2a83cf27e86fd0275008__crop_0063,img_2a83cf27e86fd0275008,img_2a83cf27e86fd0275008,PN148_AD_3R_DIV10,calibration,896,896,128,128,0,0,0,0,true
img_0040227f2d45f5a55970__crop_0000,img_0040227f2d45f5a55970,img_0040227f2d45f5a55970,PN148_PID_3R_DIV05,validation,0,0,128,128,0,0,0,0,true
img_0040227f2d45f5a55970__crop_0001,img_0040227f2d45f5a55970,img_0040227f2d45f5a55970,PN148_PID_3R_DIV05,validation,0,128,128,128,0,0,0,0,true
img_0040227f2d45f5a55970__crop_0002,img_0040227f2d45f5a55970,img_0040227f2d45f5a55970,PN148_PID_3R_DIV05,validation,0,256,128,128,0,0,0,0,true
img_0040227f2d45f5a55970__crop_0003,img_0040227f2d45f5a55970,img_0040227f2d45f5a55970,PN148_PID_3R_DIV05,validation,0,384,128,128,0,0,0,0,true
img_0040227f2d45f5a55970__crop_0004,img_0040227f2d45f5a55970,img_0040227f2d45f5a55970,PN148_PID_3R_DIV05,validation,0,512,128,128,0,0,0,0,true
img_0040227f2d45f5a55970__crop_0005,img_0040227f2d45f5a55970,img_0040227f2d45f5a55970,PN148_PID_3R_DIV05,validation,0,640,128,128,0,0,0,0,true
img_0040227f2d45f5a55970__crop_0006,img_0040227f2d45f5a55970,img_0040227f2d45f5a55970,PN148_PID_3R_DIV05,validation,0,768,128,128,0,0,0,0,true
img_0040227f2d45f5a55970__crop_0007,img_0040227f2d45f5a55970,img_0040227f2d45f5a55970,PN148_PID_3R_DIV05,validation,0,896,128,128,0,0,0,0,true
img_0040227f2d45f5a55970__crop_0008,img_0040227f2d45f5a55970,img_0040227f2d45f5a55970,PN148_PID_3R_DIV05,validation,128,0,128,128,0,0,0,0,true
img_0040227f2d45f5a55970__crop_0009,img_0040227f2d45f5a55970,img_0040227f2d45f5a55970,PN148_PID_3R_DIV05,validation,128,128,128,128,0,0,0,0,true
img_0040227f2d45f5a55970__crop_0010,img_0040227f2d45f5a55970,img_0040227f2d45f5a55970,PN148_PID_3R_DIV05,validation,128,256,128,128,152,0,182,31,true
img_0040227f2d45f5a55970__crop_0011,img_0040227f2d45f5a55970,img_0040227f2d45f5a55970,PN148_PID_3R_DIV05,validation,128,384,128,128,0,0,797,0,true
img_0040227f2d45f5a55970__crop_0012,img_0040227f2d45f5a55970,img_0040227f2d45f5a55970,PN148_PID_3R_DIV05,validation,128,512,128,128,1265,0,121,345,true
img_0040227f2d45f5a55970__crop_0013,img_0040227f2d45f5a55970,img_0040227f2d45f5a55970,PN148_PID_3R_DIV05,validation,128,640,128,128,1347,0,0,378,true
img_0040227f2d45f5a55970__crop_0014,img_0040227f2d45f5a55970,img_0040227f2d45f5a55970,PN148_PID_3R_DIV05,validation,128,768,128,128,819,0,168,236,true
img_0040227f2d45f5a55970__crop_0015,img_0040227f2d45f5a55970,img_0040227f2d45f5a55970,PN148_PID_3R_DIV05,validation,128,896,128,128,692,0,0,192,true
img_0040227f2d45f5a55970__crop_0016,img_0040227f2d45f5a55970,img_0040227f2d45f5a55970,PN148_PID_3R_DIV05,validation,256,0,128,128,4,0,461,1,true
img_0040227f2d45f5a55970__crop_0017,img_0040227f2d45f5a55970,img_0040227f2d45f5a55970,PN148_PID_3R_DIV05,validation,256,128,128,128,2678,0,0,514,true
img_0040227f2d45f5a55970__crop_0018,img_0040227f2d45f5a55970,img_0040227f2d45f5a55970,PN148_PID_3R_DIV05,validation,256,256,128,128,2659,0,606,613,true
img_0040227f2d45f5a55970__crop_0019,img_0040227f2d45f5a55970,img_0040227f2d45f5a55970,PN148_PID_3R_DIV05,validation,256,384,128,128,2400,0,447,523,true
img_0040227f2d45f5a55970__crop_0020,img_0040227f2d45f5a55970,img_0040227f2d45f5a55970,PN148_PID_3R_DIV05,validation,256,512,128,128,1783,0,199,262,true
img_0040227f2d45f5a55970__crop_0021,img_0040227f2d45f5a55970,img_0040227f2d45f5a55970,PN148_PID_3R_DIV05,validation,256,640,128,128,895,0,581,185,true
img_0040227f2d45f5a55970__crop_0022,img_0040227f2d45f5a55970,img_0040227f2d45f5a55970,PN148_PID_3R_DIV05,validation,256,768,128,128,511,0,166,145,true
img_0040227f2d45f5a55970__crop_0023,img_0040227f2d45f5a55970,img_0040227f2d45f5a55970,PN148_PID_3R_DIV05,validation,256,896,128,128,1741,0,0,505,true
img_0040227f2d45f5a55970__crop_0024,img_0040227f2d45f5a55970,img_0040227f2d45f5a55970,PN148_PID_3R_DIV05,validation,384,0,128,128,798,0,1809,166,true
img_0040227f2d45f5a55970__crop_0025,img_0040227f2d45f5a55970,img_0040227f2d45f5a55970,PN148_PID_3R_DIV05,validation,384,128,128,128,3552,0,1742,662,true
img_0040227f2d45f5a55970__crop_0026,img_0040227f2d45f5a55970,img_0040227f2d45f5a55970,PN148_PID_3R_DIV05,validation,384,256,128,128,3057,0,453,629,true
img_0040227f2d45f5a55970__crop_0027,img_0040227f2d45f5a55970,img_0040227f2d45f5a55970,PN148_PID_3R_DIV05,validation,384,384,128,128,4705,0,1269,841,true
img_0040227f2d45f5a55970__crop_0028,img_0040227f2d45f5a55970,img_0040227f2d45f5a55970,PN148_PID_3R_DIV05,validation,384,512,128,128,4524,0,2060,595,true
img_0040227f2d45f5a55970__crop_0029,img_0040227f2d45f5a55970,img_0040227f2d45f5a55970,PN148_PID_3R_DIV05,validation,384,640,128,128,2401,0,397,246,true
img_0040227f2d45f5a55970__crop_0030,img_0040227f2d45f5a55970,img_0040227f2d45f5a55970,PN148_PID_3R_DIV05,validation,384,768,128,128,3551,0,437,404,true
img_0040227f2d45f5a55970__crop_0031,img_0040227f2d45f5a55970,img_0040227f2d45f5a55970,PN148_PID_3R_DIV05,validation,384,896,128,128,1417,0,560,223,true
img_0040227f2d45f5a55970__crop_0032,img_0040227f2d45f5a55970,img_0040227f2d45f5a55970,PN148_PID_3R_DIV05,validation,512,0,128,128,362,0,0,99,true
img_0040227f2d45f5a55970__crop_0033,img_0040227f2d45f5a55970,img_0040227f2d45f5a55970,PN148_PID_3R_DIV05,validation,512,128,128,128,4691,73,2889,692,true
img_0040227f2d45f5a55970__crop_0034,img_0040227f2d45f5a55970,img_0040227f2d45f5a55970,PN148_PID_3R_DIV05,validation,512,256,128,128,3081,0,230,540,true
img_0040227f2d45f5a55970__crop_0035,img_0040227f2d45f5a55970,img_0040227f2d45f5a55970,PN148_PID_3R_DIV05,validation,512,384,128,128,5902,0,1620,1077,true
img_0040227f2d45f5a55970__crop_0036,img_0040227f2d45f5a55970,img_0040227f2d45f5a55970,PN148_PID_3R_DIV05,validation,512,512,128,128,2643,0,3964,427,true
img_0040227f2d45f5a55970__crop_0037,img_0040227f2d45f5a55970,img_0040227f2d45f5a55970,PN148_PID_3R_DIV05,validation,512,640,128,128,0,0,167,0,true
img_0040227f2d45f5a55970__crop_0038,img_0040227f2d45f5a55970,img_0040227f2d45f5a55970,PN148_PID_3R_DIV05,validation,512,768,128,128,0,0,0,0,true
img_0040227f2d45f5a55970__crop_0039,img_0040227f2d45f5a55970,img_0040227f2d45f5a55970,PN148_PID_3R_DIV05,validation,512,896,128,128,0,0,0,0,true
img_0040227f2d45f5a55970__crop_0040,img_0040227f2d45f5a55970,img_0040227f2d45f5a55970,PN148_PID_3R_DIV05,validation,640,0,128,128,0,0,151,0,true
img_0040227f2d45f5a55970__crop_0041,img_0040227f2d45f5a55970,img_0040227f2d45f5a55970,PN148_PID_3R_DIV05,validation,640,128,128,128,1367,4062,1462,363,true
img_0040227f2d45f5a55970__crop_0042,img_0040227f2d45f5a55970,img_0040227f2d45f5a55970,PN148_PID_3R_DIV05,validation,640,256,128,128,2437,0,2080,439,true
img_0040227f2d45f5a55970__crop_0043,img_0040227f2d45f5a55970,img_0040227f2d45f5a55970,PN148_PID_3R_DIV05,validation,640,384,128,128,234,0,1149,10,true
img_0040227f2d45f5a55970__crop_0044,img_0040227f2d45f5a55970,img_0040227f2d45f5a55970,PN148_PID_3R_DIV05,validation,640,512,128,128,21,0,0,0,true
img_0040227f2d45f5a55970__crop_0045,img_0040227f2d45f5a55970,img_0040227f2d45f5a55970,PN148_PID_3R_DIV05,validation,640,640,128,128,0,0,0,0,true
img_0040227f2d45f5a55970__crop_0046,img_0040227f2d45f5a55970,img_0040227f2d45f5a55970,PN148_PID_3R_DIV05,validation,640,768,128,128,0,0,0,0,true
img_0040227f2d45f5a55970__crop_0047,img_0040227f2d45f5a55970,img_0040227f2d45f5a55970,PN148_PID_3R_DIV05,validation,640,896,128,128,0,0,0,0,true
img_0040227f2d45f5a55970__crop_0048,img_0040227f2d45f5a55970,img_0040227f2d45f5a55970,PN148_PID_3R_DIV05,validation,768,0,128,128,0,0,141,0,true
img_0040227f2d45f5a55970__crop_0049,img_0040227f2d45f5a55970,img_0040227f2d45f5a55970,PN148_PID_3R_DIV05,validation,768,128,128,128,48,0,235,14,true
img_0040227f2d45f5a55970__crop_0050,img_0040227f2d45f5a55970,img_0040227f2d45f5a55970,PN148_PID_3R_DIV05,validation,768,256,128,128,0,0,0,0,true
img_0040227f2d45f5a55970__crop_0051,img_0040227f2d45f5a55970,img_0040227f2d45f5a55970,PN148_PID_3R_DIV05,validation,768,384,128,128,0,0,0,0,true
img_0040227f2d45f5a55970__crop_0052,img_0040227f2d45f5a55970,img_0040227f2d45f5a55970,PN148_PID_3R_DIV05,validation,768,512,128,128,0,0,0,0,true
img_0040227f2d45f5a55970__crop_0053,img_0040227f2d45f5a55970,img_0040227f2d45f5a55970,PN148_PID_3R_DIV05,validation,768,640,128,128,0,0,0,0,true
img_0040227f2d45f5a55970__crop_0054,img_0040227f2d45f5a55970,img_0040227f2d45f5a55970,PN148_PID_3R_DIV05,validation,768,768,128,128,0,0,0,0,true
img_0040227f2d45f5a55970__crop_0055,img_0040227f2d45f5a55970,img_0040227f2d45f5a55970,PN148_PID_3R_DIV05,validation,768,896,128,128,0,0,0,0,true
img_0040227f2d45f5a55970__crop_0056,img_0040227f2d45f5a55970,img_0040227f2d45f5a55970,PN148_PID_3R_DIV05,validation,896,0,128,128,0,0,845,0,true
img_0040227f2d45f5a55970__crop_0057,img_0040227f2d45f5a55970,img_0040227f2d45f5a55970,PN148_PID_3R_DIV05,validation,896,128,128,128,0,0,0,0,true
img_0040227f2d45f5a55970__crop_0058,img_0040227f2d45f5a55970,img_0040227f2d45f5a55970,PN148_PID_3R_DIV05,validation,896,256,128,128,0,0,0,0,true
img_0040227f2d45f5a55970__crop_0059,img_0040227f2d45f5a55970,img_0040227f2d45f5a55970,PN148_PID_3R_DIV05,validation,896,384,128,128,0,0,0,0,true
img_0040227f2d45f5a55970__crop_0060,img_0040227f2d45f5a55970,img_0040227f2d45f5a55970,PN148_PID_3R_DIV05,validation,896,512,128,128,0,0,0,0,true
img_0040227f2d45f5a55970__crop_0061,img_0040227f2d45f5a55970,img_0040227f2d45f5a55970,PN148_PID_3R_DIV05,validation,896,640,128,128,0,0,0,0,true
img_0040227f2d45f5a55970__crop_0062,img_0040227f2d45f5a55970,img_0040227f2d45f5a55970,PN148_PID_3R_DIV05,validation,896,768,128,128,0,0,0,0,true
img_0040227f2d45f5a55970__crop_0063,img_0040227f2d45f5a55970,img_0040227f2d45f5a55970,PN148_PID_3R_DIV05,validation,896,896,128,128,0,0,0,0,true
img_467a144c1914e7179f96__crop_0000,img_467a144c1914e7179f96,img_467a144c1914e7179f96,PN148_PID_3R_DIV05,validation,0,0,128,128,0,0,0,0,true
img_467a144c1914e7179f96__crop_0001,img_467a144c1914e7179f96,img_467a144c1914e7179f96,PN148_PID_3R_DIV05,validation,0,128,128,128,0,0,0,0,true
img_467a144c1914e7179f96__crop_0002,img_467a144c1914e7179f96,img_467a144c1914e7179f96,PN148_PID_3R_DIV05,validation,0,256,128,128,1120,0,1451,302,true
img_467a144c1914e7179f96__crop_0003,img_467a144c1914e7179f96,img_467a144c1914e7179f96,PN148_PID_3R_DIV05,validation,0,384,128,128,582,0,1887,129,true
img_467a144c1914e7179f96__crop_0004,img_467a144c1914e7179f96,img_467a144c1914e7179f96,PN148_PID_3R_DIV05,validation,0,512,128,128,105,0,101,28,true
img_467a144c1914e7179f96__crop_0005,img_467a144c1914e7179f96,img_467a144c1914e7179f96,PN148_PID_3R_DIV05,validation,0,640,128,128,620,0,1028,118,true
img_467a144c1914e7179f96__crop_0006,img_467a144c1914e7179f96,img_467a144c1914e7179f96,PN148_PID_3R_DIV05,validation,0,768,128,128,2026,0,1393,394,true
img_467a144c1914e7179f96__crop_0007,img_467a144c1914e7179f96,img_467a144c1914e7179f96,PN148_PID_3R_DIV05,validation,0,896,128,128,1513,0,220,334,true
img_467a144c1914e7179f96__crop_0008,img_467a144c1914e7179f96,img_467a144c1914e7179f96,PN148_PID_3R_DIV05,validation,128,0,128,128,0,0,0,0,true
img_467a144c1914e7179f96__crop_0009,img_467a144c1914e7179f96,img_467a144c1914e7179f96,PN148_PID_3R_DIV05,validation,128,128,128,128,0,0,0,0,true
img_467a144c1914e7179f96__crop_0010,img_467a144c1914e7179f96,img_467a144c1914e7179f96,PN148_PID_3R_DIV05,validation,128,256,128,128,3262,0,3083,619,true
img_467a144c1914e7179f96__crop_0011,img_467a144c1914e7179f96,img_467a144c1914e7179f96,PN148_PID_3R_DIV05,validation,128,384,128,128,1719,0,1812,319,true
img_467a144c1914e7179f96__crop_0012,img_467a144c1914e7179f96,img_467a144c1914e7179f96,PN148_PID_3R_DIV05,validation,128,512,128,128,2773,0,0,757,true
img_467a144c1914e7179f96__crop_0013,img_467a144c1914e7179f96,img_467a144c1914e7179f96,PN148_PID_3R_DIV05,validation,128,640,128,128,2668,0,508,688,true
img_467a144c1914e7179f96__crop_0014,img_467a144c1914e7179f96,img_467a144c1914e7179f96,PN148_PID_3R_DIV05,validation,128,768,128,128,2190,0,294,589,true
img_467a144c1914e7179f96__crop_0015,img_467a144c1914e7179f96,img_467a144c1914e7179f96,PN148_PID_3R_DIV05,validation,128,896,128,128,6,0,0,0,true
img_467a144c1914e7179f96__crop_0016,img_467a144c1914e7179f96,img_467a144c1914e7179f96,PN148_PID_3R_DIV05,validation,256,0,128,128,0,0,0,0,true
img_467a144c1914e7179f96__crop_0017,img_467a144c1914e7179f96,img_467a144c1914e7179f96,PN148_PID_3R_DIV05,validation,256,128,128,128,1542,0,485,405,true
img_467a144c1914e7179f96__crop_0018,img_467a144c1914e7179f96,img_467a144c1914e7179f96,PN148_PID_3R_DIV05,validation,256,256,128,128,4149,0,1916,876,true
img_467a144c1914e7179f96__crop_0019,img_467a144c1914e7179f96,img_467a144c1914e7179f96,PN148_PID_3R_DIV05,validation,256,384,128,128,3014,0,1579,839,true
img_467a144c1914e7179f96__crop_0020,img_467a144c1914e7179f96,img_467a144c1914e7179f96,PN148_PID_3R_DIV05,validation,256,512,128,128,1163,0,0,343,true
img_467a144c1914e7179f96__crop_0021,img_467a144c1914e7179f96,img_467a144c1914e7179f96,PN148_PID_3R_DIV05,validation,256,640,128,128,2185,0,0,659,true
img_467a144c1914e7179f96__crop_0022,img_467a144c1914e7179f96,img_467a144c1914e7179f96,PN148_PID_3R_DIV05,validation,256,768,128,128,972,0,360,299,true
img_467a144c1914e7179f96__crop_0023,img_467a144c1914e7179f96,img_467a144c1914e7179f96,PN148_PID_3R_DIV05,validation,256,896,128,128,258,0,335,82,true
img_467a144c1914e7179f96__crop_0024,img_467a144c1914e7179f96,img_467a144c1914e7179f96,PN148_PID_3R_DIV05,validation,384,0,128,128,0,0,0,0,true
img_467a144c1914e7179f96__crop_0025,img_467a144c1914e7179f96,img_467a144c1914e7179f96,PN148_PID_3R_DIV05,validation,384,128,128,128,2290,0,1089,575,true
img_467a144c1914e7179f96__crop_0026,img_467a144c1914e7179f96,img_467a144c1914e7179f96,PN148_PID_3R_DIV05,validation,384,256,128,128,1925,0,437,443,true
img_467a144c1914e7179f96__crop_0027,img_467a144c1914e7179f96,img_467a144c1914e7179f96,PN148_PID_3R_DIV05,validation,384,384,128,128,1882,0,1406,492,true
img_467a144c1914e7179f96__crop_0028,img_467a144c1914e7179f96,img_467a144c1914e7179f96,PN148_PID_3R_DIV05,validation,384,512,128,128,709,0,27,197,true
img_467a144c1914e7179f96__crop_0029,img_467a144c1914e7179f96,img_467a144c1914e7179f96,PN148_PID_3R_DIV05,validation,384,640,128,128,2022,0,0,592,true
img_467a144c1914e7179f96__crop_0030,img_467a144c1914e7179f96,img_467a144c1914e7179f96,PN148_PID_3R_DIV05,validation,384,768,128,128,2068,0,0,579,true
img_467a144c1914e7179f96__crop_0031,img_467a144c1914e7179f96,img_467a144c1914e7179f96,PN148_PID_3R_DIV05,validation,384,896,128,128,883,0,596,266,true
img_467a144c1914e7179f96__crop_0032,img_467a144c1914e7179f96,img_467a144c1914e7179f96,PN148_PID_3R_DIV05,validation,512,0,128,128,0,0,0,0,true
img_467a144c1914e7179f96__crop_0033,img_467a144c1914e7179f96,img_467a144c1914e7179f96,PN148_PID_3R_DIV05,validation,512,128,128,128,2769,0,776,673,true
img_467a144c1914e7179f96__crop_0034,img_467a144c1914e7179f96,img_467a144c1914e7179f96,PN148_PID_3R_DIV05,validation,512,256,128,128,1298,0,744,307,true
img_467a144c1914e7179f96__crop_0035,img_467a144c1914e7179f96,img_467a144c1914e7179f96,PN148_PID_3R_DIV05,validation,512,384,128,128,1157,0,0,338,true
img_467a144c1914e7179f96__crop_0036,img_467a144c1914e7179f96,img_467a144c1914e7179f96,PN148_PID_3R_DIV05,validation,512,512,128,128,2362,0,120,625,true
img_467a144c1914e7179f96__crop_0037,img_467a144c1914e7179f96,img_467a144c1914e7179f96,PN148_PID_3R_DIV05,validation,512,640,128,128,2375,0,101,580,true
img_467a144c1914e7179f96__crop_0038,img_467a144c1914e7179f96,img_467a144c1914e7179f96,PN148_PID_3R_DIV05,validation,512,768,128,128,1747,0,0,442,true
img_467a144c1914e7179f96__crop_0039,img_467a144c1914e7179f96,img_467a144c1914e7179f96,PN148_PID_3R_DIV05,validation,512,896,128,128,720,0,0,203,true
img_467a144c1914e7179f96__crop_0040,img_467a144c1914e7179f96,img_467a144c1914e7179f96,PN148_PID_3R_DIV05,validation,640,0,128,128,0,0,0,0,true
img_467a144c1914e7179f96__crop_0041,img_467a144c1914e7179f96,img_467a144c1914e7179f96,PN148_PID_3R_DIV05,validation,640,128,128,128,742,0,728,207,true
img_467a144c1914e7179f96__crop_0042,img_467a144c1914e7179f96,img_467a144c1914e7179f96,PN148_PID_3R_DIV05,validation,640,256,128,128,756,0,477,227,true
img_467a144c1914e7179f96__crop_0043,img_467a144c1914e7179f96,img_467a144c1914e7179f96,PN148_PID_3R_DIV05,validation,640,384,128,128,745,0,0,207,true
img_467a144c1914e7179f96__crop_0044,img_467a144c1914e7179f96,img_467a144c1914e7179f96,PN148_PID_3R_DIV05,validation,640,512,128,128,196,0,804,48,true
img_467a144c1914e7179f96__crop_0045,img_467a144c1914e7179f96,img_467a144c1914e7179f96,PN148_PID_3R_DIV05,validation,640,640,128,128,2439,0,0,672,true
img_467a144c1914e7179f96__crop_0046,img_467a144c1914e7179f96,img_467a144c1914e7179f96,PN148_PID_3R_DIV05,validation,640,768,128,128,2147,0,249,580,true
img_467a144c1914e7179f96__crop_0047,img_467a144c1914e7179f96,img_467a144c1914e7179f96,PN148_PID_3R_DIV05,validation,640,896,128,128,92,0,0,27,true
img_467a144c1914e7179f96__crop_0048,img_467a144c1914e7179f96,img_467a144c1914e7179f96,PN148_PID_3R_DIV05,validation,768,0,128,128,1192,0,476,362,true
img_467a144c1914e7179f96__crop_0049,img_467a144c1914e7179f96,img_467a144c1914e7179f96,PN148_PID_3R_DIV05,validation,768,128,128,128,0,0,0,0,true
img_467a144c1914e7179f96__crop_0050,img_467a144c1914e7179f96,img_467a144c1914e7179f96,PN148_PID_3R_DIV05,validation,768,256,128,128,25,0,0,13,true
img_467a144c1914e7179f96__crop_0051,img_467a144c1914e7179f96,img_467a144c1914e7179f96,PN148_PID_3R_DIV05,validation,768,384,128,128,1125,0,0,288,true
img_467a144c1914e7179f96__crop_0052,img_467a144c1914e7179f96,img_467a144c1914e7179f96,PN148_PID_3R_DIV05,validation,768,512,128,128,194,0,0,62,true
img_467a144c1914e7179f96__crop_0053,img_467a144c1914e7179f96,img_467a144c1914e7179f96,PN148_PID_3R_DIV05,validation,768,640,128,128,593,0,144,170,true
img_467a144c1914e7179f96__crop_0054,img_467a144c1914e7179f96,img_467a144c1914e7179f96,PN148_PID_3R_DIV05,validation,768,768,128,128,182,0,483,57,true
img_467a144c1914e7179f96__crop_0055,img_467a144c1914e7179f96,img_467a144c1914e7179f96,PN148_PID_3R_DIV05,validation,768,896,128,128,0,0,0,0,true
img_467a144c1914e7179f96__crop_0056,img_467a144c1914e7179f96,img_467a144c1914e7179f96,PN148_PID_3R_DIV05,validation,896,0,128,128,227,0,65,48,true
img_467a144c1914e7179f96__crop_0057,img_467a144c1914e7179f96,img_467a144c1914e7179f96,PN148_PID_3R_DIV05,validation,896,128,128,128,0,0,0,0,true
img_467a144c1914e7179f96__crop_0058,img_467a144c1914e7179f96,img_467a144c1914e7179f96,PN148_PID_3R_DIV05,validation,896,256,128,128,0,0,283,0,true
img_467a144c1914e7179f96__crop_0059,img_467a144c1914e7179f96,img_467a144c1914e7179f96,PN148_PID_3R_DIV05,validation,896,384,128,128,0,0,0,0,true
img_467a144c1914e7179f96__crop_0060,img_467a144c1914e7179f96,img_467a144c1914e7179f96,PN148_PID_3R_DIV05,validation,896,512,128,128,0,0,0,0,true
img_467a144c1914e7179f96__crop_0061,img_467a144c1914e7179f96,img_467a144c1914e7179f96,PN148_PID_3R_DIV05,validation,896,640,128,128,0,0,0,0,true
img_467a144c1914e7179f96__crop_0062,img_467a144c1914e7179f96,img_467a144c1914e7179f96,PN148_PID_3R_DIV05,validation,896,768,128,128,0,0,0,0,true
img_467a144c1914e7179f96__crop_0063,img_467a144c1914e7179f96,img_467a144c1914e7179f96,PN148_PID_3R_DIV05,validation,896,896,128,128,0,0,0,0,true
img_2682051c7397e1b12852__crop_0000,img_2682051c7397e1b12852,img_2682051c7397e1b12852,PN148_PID_3R_DIV05,validation,0,0,128,128,0,0,0,0,true
img_2682051c7397e1b12852__crop_0001,img_2682051c7397e1b12852,img_2682051c7397e1b12852,PN148_PID_3R_DIV05,validation,0,128,128,128,0,0,0,0,true
img_2682051c7397e1b12852__crop_0002,img_2682051c7397e1b12852,img_2682051c7397e1b12852,PN148_PID_3R_DIV05,validation,0,256,128,128,0,0,0,0,true
img_2682051c7397e1b12852__crop_0003,img_2682051c7397e1b12852,img_2682051c7397e1b12852,PN148_PID_3R_DIV05,validation,0,384,128,128,0,0,0,0,true
img_2682051c7397e1b12852__crop_0004,img_2682051c7397e1b12852,img_2682051c7397e1b12852,PN148_PID_3R_DIV05,validation,0,512,128,128,58,0,0,0,true
img_2682051c7397e1b12852__crop_0005,img_2682051c7397e1b12852,img_2682051c7397e1b12852,PN148_PID_3R_DIV05,validation,0,640,128,128,126,0,0,2,true
img_2682051c7397e1b12852__crop_0006,img_2682051c7397e1b12852,img_2682051c7397e1b12852,PN148_PID_3R_DIV05,validation,0,768,128,128,0,0,0,0,true
img_2682051c7397e1b12852__crop_0007,img_2682051c7397e1b12852,img_2682051c7397e1b12852,PN148_PID_3R_DIV05,validation,0,896,128,128,0,0,0,0,true
img_2682051c7397e1b12852__crop_0008,img_2682051c7397e1b12852,img_2682051c7397e1b12852,PN148_PID_3R_DIV05,validation,128,0,128,128,2875,0,44,767,true
img_2682051c7397e1b12852__crop_0009,img_2682051c7397e1b12852,img_2682051c7397e1b12852,PN148_PID_3R_DIV05,validation,128,128,128,128,2888,0,51,673,true
img_2682051c7397e1b12852__crop_0010,img_2682051c7397e1b12852,img_2682051c7397e1b12852,PN148_PID_3R_DIV05,validation,128,256,128,128,2169,0,0,520,true
img_2682051c7397e1b12852__crop_0011,img_2682051c7397e1b12852,img_2682051c7397e1b12852,PN148_PID_3R_DIV05,validation,128,384,128,128,1923,0,0,585,true
img_2682051c7397e1b12852__crop_0012,img_2682051c7397e1b12852,img_2682051c7397e1b12852,PN148_PID_3R_DIV05,validation,128,512,128,128,2783,0,0,644,true
img_2682051c7397e1b12852__crop_0013,img_2682051c7397e1b12852,img_2682051c7397e1b12852,PN148_PID_3R_DIV05,validation,128,640,128,128,836,0,53,284,true
img_2682051c7397e1b12852__crop_0014,img_2682051c7397e1b12852,img_2682051c7397e1b12852,PN148_PID_3R_DIV05,validation,128,768,128,128,236,0,164,54,true
img_2682051c7397e1b12852__crop_0015,img_2682051c7397e1b12852,img_2682051c7397e1b12852,PN148_PID_3R_DIV05,validation,128,896,128,128,0,0,0,0,true
img_2682051c7397e1b12852__crop_0016,img_2682051c7397e1b12852,img_2682051c7397e1b12852,PN148_PID_3R_DIV05,validation,256,0,128,128,667,0,0,215,true
img_2682051c7397e1b12852__crop_0017,img_2682051c7397e1b12852,img_2682051c7397e1b12852,PN148_PID_3R_DIV05,validation,256,128,128,128,495,0,0,95,true
img_2682051c7397e1b12852__crop_0018,img_2682051c7397e1b12852,img_2682051c7397e1b12852,PN148_PID_3R_DIV05,validation,256,256,128,128,2452,0,0,665,true
img_2682051c7397e1b12852__crop_0019,img_2682051c7397e1b12852,img_2682051c7397e1b12852,PN148_PID_3R_DIV05,validation,256,384,128,128,540,0,0,188,true
img_2682051c7397e1b12852__crop_0020,img_2682051c7397e1b12852,img_2682051c7397e1b12852,PN148_PID_3R_DIV05,validation,256,512,128,128,0,0,0,0,true
img_2682051c7397e1b12852__crop_0021,img_2682051c7397e1b12852,img_2682051c7397e1b12852,PN148_PID_3R_DIV05,validation,256,640,128,128,0,0,70,0,true
img_2682051c7397e1b12852__crop_0022,img_2682051c7397e1b12852,img_2682051c7397e1b12852,PN148_PID_3R_DIV05,validation,256,768,128,128,1560,0,0,384,true
img_2682051c7397e1b12852__crop_0023,img_2682051c7397e1b12852,img_2682051c7397e1b12852,PN148_PID_3R_DIV05,validation,256,896,128,128,399,0,0,91,true
img_2682051c7397e1b12852__crop_0024,img_2682051c7397e1b12852,img_2682051c7397e1b12852,PN148_PID_3R_DIV05,validation,384,0,128,128,1081,0,0,247,true
img_2682051c7397e1b12852__crop_0025,img_2682051c7397e1b12852,img_2682051c7397e1b12852,PN148_PID_3R_DIV05,validation,384,128,128,128,2630,0,0,797,true
img_2682051c7397e1b12852__crop_0026,img_2682051c7397e1b12852,img_2682051c7397e1b12852,PN148_PID_3R_DIV05,validation,384,256,128,128,2281,0,0,600,true
img_2682051c7397e1b12852__crop_0027,img_2682051c7397e1b12852,img_2682051c7397e1b12852,PN148_PID_3R_DIV05,validation,384,384,128,128,17,0,0,11,true
img_2682051c7397e1b12852__crop_0028,img_2682051c7397e1b12852,img_2682051c7397e1b12852,PN148_PID_3R_DIV05,validation,384,512,128,128,0,0,0,0,true
img_2682051c7397e1b12852__crop_0029,img_2682051c7397e1b12852,img_2682051c7397e1b12852,PN148_PID_3R_DIV05,validation,384,640,128,128,0,0,0,0,true
img_2682051c7397e1b12852__crop_0030,img_2682051c7397e1b12852,img_2682051c7397e1b12852,PN148_PID_3R_DIV05,validation,384,768,128,128,0,0,0,0,true
img_2682051c7397e1b12852__crop_0031,img_2682051c7397e1b12852,img_2682051c7397e1b12852,PN148_PID_3R_DIV05,validation,384,896,128,128,758,0,0,297,true
img_2682051c7397e1b12852__crop_0032,img_2682051c7397e1b12852,img_2682051c7397e1b12852,PN148_PID_3R_DIV05,validation,512,0,128,128,0,0,0,0,true
img_2682051c7397e1b12852__crop_0033,img_2682051c7397e1b12852,img_2682051c7397e1b12852,PN148_PID_3R_DIV05,validation,512,128,128,128,2928,0,0,958,true
img_2682051c7397e1b12852__crop_0034,img_2682051c7397e1b12852,img_2682051c7397e1b12852,PN148_PID_3R_DIV05,validation,512,256,128,128,1930,0,0,596,true
img_2682051c7397e1b12852__crop_0035,img_2682051c7397e1b12852,img_2682051c7397e1b12852,PN148_PID_3R_DIV05,validation,512,384,128,128,0,0,0,0,true
img_2682051c7397e1b12852__crop_0036,img_2682051c7397e1b12852,img_2682051c7397e1b12852,PN148_PID_3R_DIV05,validation,512,512,128,128,0,0,0,0,true
img_2682051c7397e1b12852__crop_0037,img_2682051c7397e1b12852,img_2682051c7397e1b12852,PN148_PID_3R_DIV05,validation,512,640,128,128,0,0,0,0,true
img_2682051c7397e1b12852__crop_0038,img_2682051c7397e1b12852,img_2682051c7397e1b12852,PN148_PID_3R_DIV05,validation,512,768,128,128,0,0,0,0,true
img_2682051c7397e1b12852__crop_0039,img_2682051c7397e1b12852,img_2682051c7397e1b12852,PN148_PID_3R_DIV05,validation,512,896,128,128,215,0,172,90,true
img_2682051c7397e1b12852__crop_0040,img_2682051c7397e1b12852,img_2682051c7397e1b12852,PN148_PID_3R_DIV05,validation,640,0,128,128,0,0,0,0,true
img_2682051c7397e1b12852__crop_0041,img_2682051c7397e1b12852,img_2682051c7397e1b12852,PN148_PID_3R_DIV05,validation,640,128,128,128,267,0,0,91,true
img_2682051c7397e1b12852__crop_0042,img_2682051c7397e1b12852,img_2682051c7397e1b12852,PN148_PID_3R_DIV05,validation,640,256,128,128,979,0,0,235,true
img_2682051c7397e1b12852__crop_0043,img_2682051c7397e1b12852,img_2682051c7397e1b12852,PN148_PID_3R_DIV05,validation,640,384,128,128,0,0,0,0,true
img_2682051c7397e1b12852__crop_0044,img_2682051c7397e1b12852,img_2682051c7397e1b12852,PN148_PID_3R_DIV05,validation,640,512,128,128,0,0,0,0,true
img_2682051c7397e1b12852__crop_0045,img_2682051c7397e1b12852,img_2682051c7397e1b12852,PN148_PID_3R_DIV05,validation,640,640,128,128,0,0,0,0,true
img_2682051c7397e1b12852__crop_0046,img_2682051c7397e1b12852,img_2682051c7397e1b12852,PN148_PID_3R_DIV05,validation,640,768,128,128,0,0,0,0,true
img_2682051c7397e1b12852__crop_0047,img_2682051c7397e1b12852,img_2682051c7397e1b12852,PN148_PID_3R_DIV05,validation,640,896,128,128,866,0,0,332,true
img_2682051c7397e1b12852__crop_0048,img_2682051c7397e1b12852,img_2682051c7397e1b12852,PN148_PID_3R_DIV05,validation,768,0,128,128,0,0,0,0,true
img_2682051c7397e1b12852__crop_0049,img_2682051c7397e1b12852,img_2682051c7397e1b12852,PN148_PID_3R_DIV05,validation,768,128,128,128,0,0,0,0,true
img_2682051c7397e1b12852__crop_0050,img_2682051c7397e1b12852,img_2682051c7397e1b12852,PN148_PID_3R_DIV05,validation,768,256,128,128,98,0,0,23,true
img_2682051c7397e1b12852__crop_0051,img_2682051c7397e1b12852,img_2682051c7397e1b12852,PN148_PID_3R_DIV05,validation,768,384,128,128,260,0,0,84,true
img_2682051c7397e1b12852__crop_0052,img_2682051c7397e1b12852,img_2682051c7397e1b12852,PN148_PID_3R_DIV05,validation,768,512,128,128,0,0,0,0,true
img_2682051c7397e1b12852__crop_0053,img_2682051c7397e1b12852,img_2682051c7397e1b12852,PN148_PID_3R_DIV05,validation,768,640,128,128,0,0,0,0,true
img_2682051c7397e1b12852__crop_0054,img_2682051c7397e1b12852,img_2682051c7397e1b12852,PN148_PID_3R_DIV05,validation,768,768,128,128,94,0,0,35,true
img_2682051c7397e1b12852__crop_0055,img_2682051c7397e1b12852,img_2682051c7397e1b12852,PN148_PID_3R_DIV05,validation,768,896,128,128,333,0,0,115,true
img_2682051c7397e1b12852__crop_0056,img_2682051c7397e1b12852,img_2682051c7397e1b12852,PN148_PID_3R_DIV05,validation,896,0,128,128,0,0,0,0,true
img_2682051c7397e1b12852__crop_0057,img_2682051c7397e1b12852,img_2682051c7397e1b12852,PN148_PID_3R_DIV05,validation,896,128,128,128,0,0,0,0,true
img_2682051c7397e1b12852__crop_0058,img_2682051c7397e1b12852,img_2682051c7397e1b12852,PN148_PID_3R_DIV05,validation,896,256,128,128,0,0,0,0,true
img_2682051c7397e1b12852__crop_0059,img_2682051c7397e1b12852,img_2682051c7397e1b12852,PN148_PID_3R_DIV05,validation,896,384,128,128,0,0,0,0,true
img_2682051c7397e1b12852__crop_0060,img_2682051c7397e1b12852,img_2682051c7397e1b12852,PN148_PID_3R_DIV05,validation,896,512,128,128,0,0,0,0,true
img_2682051c7397e1b12852__crop_0061,img_2682051c7397e1b12852,img_2682051c7397e1b12852,PN148_PID_3R_DIV05,validation,896,640,128,128,0,0,0,0,true
img_2682051c7397e1b12852__crop_0062,img_2682051c7397e1b12852,img_2682051c7397e1b12852,PN148_PID_3R_DIV05,validation,896,768,128,128,0,0,0,0,true
img_2682051c7397e1b12852__crop_0063,img_2682051c7397e1b12852,img_2682051c7397e1b12852,PN148_PID_3R_DIV05,validation,896,896,128,128,0,0,0,0,true
img_dca55343b014ab0419c4__crop_0000,img_dca55343b014ab0419c4,img_dca55343b014ab0419c4,PN148_PID_3R_DIV07,test,0,0,128,128,0,0,0,0,true
img_dca55343b014ab0419c4__crop_0001,img_dca55343b014ab0419c4,img_dca55343b014ab0419c4,PN148_PID_3R_DIV07,test,0,128,128,128,226,0,0,48,true
img_dca55343b014ab0419c4__crop_0002,img_dca55343b014ab0419c4,img_dca55343b014ab0419c4,PN148_PID_3R_DIV07,test,0,256,128,128,4946,0,82,651,true
img_dca55343b014ab0419c4__crop_0003,img_dca55343b014ab0419c4,img_dca55343b014ab0419c4,PN148_PID_3R_DIV07,test,0,384,128,128,3124,0,474,723,true
img_dca55343b014ab0419c4__crop_0004,img_dca55343b014ab0419c4,img_dca55343b014ab0419c4,PN148_PID_3R_DIV07,test,0,512,128,128,4135,0,972,1118,true
img_dca55343b014ab0419c4__crop_0005,img_dca55343b014ab0419c4,img_dca55343b014ab0419c4,PN148_PID_3R_DIV07,test,0,640,128,128,2866,0,533,710,true
img_dca55343b014ab0419c4__crop_0006,img_dca55343b014ab0419c4,img_dca55343b014ab0419c4,PN148_PID_3R_DIV07,test,0,768,128,128,1167,0,1144,355,true
img_dca55343b014ab0419c4__crop_0007,img_dca55343b014ab0419c4,img_dca55343b014ab0419c4,PN148_PID_3R_DIV07,test,0,896,128,128,199,0,148,68,true
img_dca55343b014ab0419c4__crop_0008,img_dca55343b014ab0419c4,img_dca55343b014ab0419c4,PN148_PID_3R_DIV07,test,128,0,128,128,0,0,0,0,true
img_dca55343b014ab0419c4__crop_0009,img_dca55343b014ab0419c4,img_dca55343b014ab0419c4,PN148_PID_3R_DIV07,test,128,128,128,128,0,0,0,0,true
img_dca55343b014ab0419c4__crop_0010,img_dca55343b014ab0419c4,img_dca55343b014ab0419c4,PN148_PID_3R_DIV07,test,128,256,128,128,4467,0,531,1046,true
img_dca55343b014ab0419c4__crop_0011,img_dca55343b014ab0419c4,img_dca55343b014ab0419c4,PN148_PID_3R_DIV07,test,128,384,128,128,2347,0,2278,529,true
img_dca55343b014ab0419c4__crop_0012,img_dca55343b014ab0419c4,img_dca55343b014ab0419c4,PN148_PID_3R_DIV07,test,128,512,128,128,2499,0,581,414,true
img_dca55343b014ab0419c4__crop_0013,img_dca55343b014ab0419c4,img_dca55343b014ab0419c4,PN148_PID_3R_DIV07,test,128,640,128,128,5064,0,1150,1166,true
img_dca55343b014ab0419c4__crop_0014,img_dca55343b014ab0419c4,img_dca55343b014ab0419c4,PN148_PID_3R_DIV07,test,128,768,128,128,3207,0,2379,541,true
img_dca55343b014ab0419c4__crop_0015,img_dca55343b014ab0419c4,img_dca55343b014ab0419c4,PN148_PID_3R_DIV07,test,128,896,128,128,2083,0,859,241,true
img_dca55343b014ab0419c4__crop_0016,img_dca55343b014ab0419c4,img_dca55343b014ab0419c4,PN148_PID_3R_DIV07,test,256,0,128,128,83,0,0,26,true
img_dca55343b014ab0419c4__crop_0017,img_dca55343b014ab0419c4,img_dca55343b014ab0419c4,PN148_PID_3R_DIV07,test,256,128,128,128,1089,0,95,301,true
img_dca55343b014ab0419c4__crop_0018,img_dca55343b014ab0419c4,img_dca55343b014ab0419c4,PN148_PID_3R_DIV07,test,256,256,128,128,2850,0,945,702,true
img_dca55343b014ab0419c4__crop_0019,img_dca55343b014ab0419c4,img_dca55343b014ab0419c4,PN148_PID_3R_DIV07,test,256,384,128,128,1781,0,58,510,true
img_dca55343b014ab0419c4__crop_0020,img_dca55343b014ab0419c4,img_dca55343b014ab0419c4,PN148_PID_3R_DIV07,test,256,512,128,128,2082,0,149,528,true
img_dca55343b014ab0419c4__crop_0021,img_dca55343b014ab0419c4,img_dca55343b014ab0419c4,PN148_PID_3R_DIV07,test,256,640,128,128,3753,0,0,718,true
img_dca55343b014ab0419c4__crop_0022,img_dca55343b014ab0419c4,img_dca55343b014ab0419c4,PN148_PID_3R_DIV07,test,256,768,128,128,6315,0,611,1301,true
img_dca55343b014ab0419c4__crop_0023,img_dca55343b014ab0419c4,img_dca55343b014ab0419c4,PN148_PID_3R_DIV07,test,256,896,128,128,673,0,0,204,true
img_dca55343b014ab0419c4__crop_0024,img_dca55343b014ab0419c4,img_dca55343b014ab0419c4,PN148_PID_3R_DIV07,test,384,0,128,128,3546,0,616,957,true
img_dca55343b014ab0419c4__crop_0025,img_dca55343b014ab0419c4,img_dca55343b014ab0419c4,PN148_PID_3R_DIV07,test,384,128,128,128,3335,0,222,925,true
img_dca55343b014ab0419c4__crop_0026,img_dca55343b014ab0419c4,img_dca55343b014ab0419c4,PN148_PID_3R_DIV07,test,384,256,128,128,630,0,0,183,true
img_dca55343b014ab0419c4__crop_0027,img_dca55343b014ab0419c4,img_dca55343b014ab0419c4,PN148_PID_3R_DIV07,test,384,384,128,128,2093,0,382,674,true
img_dca55343b014ab0419c4__crop_0028,img_dca55343b014ab0419c4,img_dca55343b014ab0419c4,PN148_PID_3R_DIV07,test,384,512,128,128,3311,0,11,716,true
img_dca55343b014ab0419c4__crop_0029,img_dca55343b014ab0419c4,img_dca55343b014ab0419c4,PN148_PID_3R_DIV07,test,384,640,128,128,1329,0,0,93,true
img_dca55343b014ab0419c4__crop_0030,img_dca55343b014ab0419c4,img_dca55343b014ab0419c4,PN148_PID_3R_DIV07,test,384,768,128,128,4822,0,314,996,true
img_dca55343b014ab0419c4__crop_0031,img_dca55343b014ab0419c4,img_dca55343b014ab0419c4,PN148_PID_3R_DIV07,test,384,896,128,128,0,0,0,0,true
img_dca55343b014ab0419c4__crop_0032,img_dca55343b014ab0419c4,img_dca55343b014ab0419c4,PN148_PID_3R_DIV07,test,512,0,128,128,2814,0,878,812,true
img_dca55343b014ab0419c4__crop_0033,img_dca55343b014ab0419c4,img_dca55343b014ab0419c4,PN148_PID_3R_DIV07,test,512,128,128,128,2210,0,282,707,true
img_dca55343b014ab0419c4__crop_0034,img_dca55343b014ab0419c4,img_dca55343b014ab0419c4,PN148_PID_3R_DIV07,test,512,256,128,128,2841,0,45,749,true
img_dca55343b014ab0419c4__crop_0035,img_dca55343b014ab0419c4,img_dca55343b014ab0419c4,PN148_PID_3R_DIV07,test,512,384,128,128,2485,0,0,616,true
img_dca55343b014ab0419c4__crop_0036,img_dca55343b014ab0419c4,img_dca55343b014ab0419c4,PN148_PID_3R_DIV07,test,512,512,128,128,731,0,0,245,true
img_dca55343b014ab0419c4__crop_0037,img_dca55343b014ab0419c4,img_dca55343b014ab0419c4,PN148_PID_3R_DIV07,test,512,640,128,128,1225,0,0,373,true
img_dca55343b014ab0419c4__crop_0038,img_dca55343b014ab0419c4,img_dca55343b014ab0419c4,PN148_PID_3R_DIV07,test,512,768,128,128,2747,0,309,520,true
img_dca55343b014ab0419c4__crop_0039,img_dca55343b014ab0419c4,img_dca55343b014ab0419c4,PN148_PID_3R_DIV07,test,512,896,128,128,0,0,0,0,true
img_dca55343b014ab0419c4__crop_0040,img_dca55343b014ab0419c4,img_dca55343b014ab0419c4,PN148_PID_3R_DIV07,test,640,0,128,128,1424,0,824,413,true
img_dca55343b014ab0419c4__crop_0041,img_dca55343b014ab0419c4,img_dca55343b014ab0419c4,PN148_PID_3R_DIV07,test,640,128,128,128,4140,0,174,949,true
img_dca55343b014ab0419c4__crop_0042,img_dca55343b014ab0419c4,img_dca55343b014ab0419c4,PN148_PID_3R_DIV07,test,640,256,128,128,2815,0,1238,714,true
img_dca55343b014ab0419c4__crop_0043,img_dca55343b014ab0419c4,img_dca55343b014ab0419c4,PN148_PID_3R_DIV07,test,640,384,128,128,2821,0,42,749,true
img_dca55343b014ab0419c4__crop_0044,img_dca55343b014ab0419c4,img_dca55343b014ab0419c4,PN148_PID_3R_DIV07,test,640,512,128,128,1827,0,0,552,true
img_dca55343b014ab0419c4__crop_0045,img_dca55343b014ab0419c4,img_dca55343b014ab0419c4,PN148_PID_3R_DIV07,test,640,640,128,128,2739,0,0,831,true
img_dca55343b014ab0419c4__crop_0046,img_dca55343b014ab0419c4,img_dca55343b014ab0419c4,PN148_PID_3R_DIV07,test,640,768,128,128,3875,0,752,983,true
img_dca55343b014ab0419c4__crop_0047,img_dca55343b014ab0419c4,img_dca55343b014ab0419c4,PN148_PID_3R_DIV07,test,640,896,128,128,20,0,0,1,true
img_dca55343b014ab0419c4__crop_0048,img_dca55343b014ab0419c4,img_dca55343b014ab0419c4,PN148_PID_3R_DIV07,test,768,0,128,128,3160,0,1213,671,true
img_dca55343b014ab0419c4__crop_0049,img_dca55343b014ab0419c4,img_dca55343b014ab0419c4,PN148_PID_3R_DIV07,test,768,128,128,128,3264,0,116,914,true
img_dca55343b014ab0419c4__crop_0050,img_dca55343b014ab0419c4,img_dca55343b014ab0419c4,PN148_PID_3R_DIV07,test,768,256,128,128,1123,0,0,338,true
img_dca55343b014ab0419c4__crop_0051,img_dca55343b014ab0419c4,img_dca55343b014ab0419c4,PN148_PID_3R_DIV07,test,768,384,128,128,2924,0,102,698,true
img_dca55343b014ab0419c4__crop_0052,img_dca55343b014ab0419c4,img_dca55343b014ab0419c4,PN148_PID_3R_DIV07,test,768,512,128,128,3344,0,585,746,true
img_dca55343b014ab0419c4__crop_0053,img_dca55343b014ab0419c4,img_dca55343b014ab0419c4,PN148_PID_3R_DIV07,test,768,640,128,128,1909,0,485,403,true
img_dca55343b014ab0419c4__crop_0054,img_dca55343b014ab0419c4,img_dca55343b014ab0419c4,PN148_PID_3R_DIV07,test,768,768,128,128,1296,0,963,385,true
img_dca55343b014ab0419c4__crop_0055,img_dca55343b014ab0419c4,img_dca55343b014ab0419c4,PN148_PID_3R_DIV07,test,768,896,128,128,1059,0,0,299,true
img_dca55343b014ab0419c4__crop_0056,img_dca55343b014ab0419c4,img_dca55343b014ab0419c4,PN148_PID_3R_DIV07,test,896,0,128,128,4395,0,410,1071,true
img_dca55343b014ab0419c4__crop_0057,img_dca55343b014ab0419c4,img_dca55343b014ab0419c4,PN148_PID_3R_DIV07,test,896,128,128,128,4441,0,483,906,true
img_dca55343b014ab0419c4__crop_0058,img_dca55343b014ab0419c4,img_dca55343b014ab0419c4,PN148_PID_3R_DIV07,test,896,256,128,128,2315,0,0,572,true
img_dca55343b014ab0419c4__crop_0059,img_dca55343b014ab0419c4,img_dca55343b014ab0419c4,PN148_PID_3R_DIV07,test,896,384,128,128,1352,0,0,218,true
img_dca55343b014ab0419c4__crop_0060,img_dca55343b014ab0419c4,img_dca55343b014ab0419c4,PN148_PID_3R_DIV07,test,896,512,128,128,1187,0,0,268,true
img_dca55343b014ab0419c4__crop_0061,img_dca55343b014ab0419c4,img_dca55343b014ab0419c4,PN148_PID_3R_DIV07,test,896,640,128,128,11,0,0,7,true
img_dca55343b014ab0419c4__crop_0062,img_dca55343b014ab0419c4,img_dca55343b014ab0419c4,PN148_PID_3R_DIV07,test,896,768,128,128,0,0,0,0,true
img_dca55343b014ab0419c4__crop_0063,img_dca55343b014ab0419c4,img_dca55343b014ab0419c4,PN148_PID_3R_DIV07,test,896,896,128,128,2285,0,0,683,true
img_839563e0a840ae895b70__crop_0000,img_839563e0a840ae895b70,img_839563e0a840ae895b70,PN148_AD_4R_DIV03,train,0,0,128,128,394,0,1317,123,true
img_839563e0a840ae895b70__crop_0001,img_839563e0a840ae895b70,img_839563e0a840ae895b70,PN148_AD_4R_DIV03,train,0,128,128,128,1183,0,1727,340,true
img_839563e0a840ae895b70__crop_0002,img_839563e0a840ae895b70,img_839563e0a840ae895b70,PN148_AD_4R_DIV03,train,0,256,128,128,303,287,3187,83,true
img_839563e0a840ae895b70__crop_0003,img_839563e0a840ae895b70,img_839563e0a840ae895b70,PN148_AD_4R_DIV03,train,0,384,128,128,177,257,3779,52,true
img_839563e0a840ae895b70__crop_0004,img_839563e0a840ae895b70,img_839563e0a840ae895b70,PN148_AD_4R_DIV03,train,0,512,128,128,223,93,2275,62,true
img_839563e0a840ae895b70__crop_0005,img_839563e0a840ae895b70,img_839563e0a840ae895b70,PN148_AD_4R_DIV03,train,0,640,128,128,0,0,1509,0,true
img_839563e0a840ae895b70__crop_0006,img_839563e0a840ae895b70,img_839563e0a840ae895b70,PN148_AD_4R_DIV03,train,0,768,128,128,257,0,919,70,true
img_839563e0a840ae895b70__crop_0007,img_839563e0a840ae895b70,img_839563e0a840ae895b70,PN148_AD_4R_DIV03,train,0,896,128,128,0,0,256,0,true
img_839563e0a840ae895b70__crop_0008,img_839563e0a840ae895b70,img_839563e0a840ae895b70,PN148_AD_4R_DIV03,train,128,0,128,128,558,0,3422,161,true
img_839563e0a840ae895b70__crop_0009,img_839563e0a840ae895b70,img_839563e0a840ae895b70,PN148_AD_4R_DIV03,train,128,128,128,128,413,2892,3212,118,true
img_839563e0a840ae895b70__crop_0010,img_839563e0a840ae895b70,img_839563e0a840ae895b70,PN148_AD_4R_DIV03,train,128,256,128,128,0,10475,424,0,true
img_839563e0a840ae895b70__crop_0011,img_839563e0a840ae895b70,img_839563e0a840ae895b70,PN148_AD_4R_DIV03,train,128,384,128,128,0,8443,1480,0,true
img_839563e0a840ae895b70__crop_0012,img_839563e0a840ae895b70,img_839563e0a840ae895b70,PN148_AD_4R_DIV03,train,128,512,128,128,165,3428,3443,45,true
img_839563e0a840ae895b70__crop_0013,img_839563e0a840ae895b70,img_839563e0a840ae895b70,PN148_AD_4R_DIV03,train,128,640,128,128,1076,0,2412,281,true
img_839563e0a840ae895b70__crop_0014,img_839563e0a840ae895b70,img_839563e0a840ae895b70,PN148_AD_4R_DIV03,train,128,768,128,128,506,558,2661,140,true
img_839563e0a840ae895b70__crop_0015,img_839563e0a840ae895b70,img_839563e0a840ae895b70,PN148_AD_4R_DIV03,train,128,896,128,128,32,1700,0,9,true
img_839563e0a840ae895b70__crop_0016,img_839563e0a840ae895b70,img_839563e0a840ae895b70,PN148_AD_4R_DIV03,train,256,0,128,128,176,804,4410,50,true
img_839563e0a840ae895b70__crop_0017,img_839563e0a840ae895b70,img_839563e0a840ae895b70,PN148_AD_4R_DIV03,train,256,128,128,128,0,2128,11510,0,true
img_839563e0a840ae895b70__crop_0018,img_839563e0a840ae895b70,img_839563e0a840ae895b70,PN148_AD_4R_DIV03,train,256,256,128,128,0,300,4671,0,true
img_839563e0a840ae895b70__crop_0019,img_839563e0a840ae895b70,img_839563e0a840ae895b70,PN148_AD_4R_DIV03,train,256,384,128,128,0,17,1901,0,true
img_839563e0a840ae895b70__crop_0020,img_839563e0a840ae895b70,img_839563e0a840ae895b70,PN148_AD_4R_DIV03,train,256,512,128,128,27,0,2456,10,true
img_839563e0a840ae895b70__crop_0021,img_839563e0a840ae895b70,img_839563e0a840ae895b70,PN148_AD_4R_DIV03,train,256,640,128,128,0,0,3205,0,true
img_839563e0a840ae895b70__crop_0022,img_839563e0a840ae895b70,img_839563e0a840ae895b70,PN148_AD_4R_DIV03,train,256,768,128,128,0,1527,3210,0,true
img_839563e0a840ae895b70__crop_0023,img_839563e0a840ae895b70,img_839563e0a840ae895b70,PN148_AD_4R_DIV03,train,256,896,128,128,0,7314,1022,0,true
img_839563e0a840ae895b70__crop_0024,img_839563e0a840ae895b70,img_839563e0a840ae895b70,PN148_AD_4R_DIV03,train,384,0,128,128,249,1429,4329,71,true
img_839563e0a840ae895b70__crop_0025,img_839563e0a840ae895b70,img_839563e0a840ae895b70,PN148_AD_4R_DIV03,train,384,128,128,128,0,15822,0,0,true
img_839563e0a840ae895b70__crop_0026,img_839563e0a840ae895b70,img_839563e0a840ae895b70,PN148_AD_4R_DIV03,train,384,256,128,128,0,4418,3638,0,true
img_839563e0a840ae895b70__crop_0027,img_839563e0a840ae895b70,img_839563e0a840ae895b70,PN148_AD_4R_DIV03,train,384,384,128,128,0,0,3703,0,true
img_839563e0a840ae895b70__crop_0028,img_839563e0a840ae895b70,img_839563e0a840ae895b70,PN148_AD_4R_DIV03,train,384,512,128,128,0,0,3743,0,true
img_839563e0a840ae895b70__crop_0029,img_839563e0a840ae895b70,img_839563e0a840ae895b70,PN148_AD_4R_DIV03,train,384,640,128,128,638,0,2243,198,true
img_839563e0a840ae895b70__crop_0030,img_839563e0a840ae895b70,img_839563e0a840ae895b70,PN148_AD_4R_DIV03,train,384,768,128,128,842,219,1178,231,true
img_839563e0a840ae895b70__crop_0031,img_839563e0a840ae895b70,img_839563e0a840ae895b70,PN148_AD_4R_DIV03,train,384,896,128,128,0,12379,212,0,true
img_839563e0a840ae895b70__crop_0032,img_839563e0a840ae895b70,img_839563e0a840ae895b70,PN148_AD_4R_DIV03,train,512,0,128,128,42,1477,5855,15,true
img_839563e0a840ae895b70__crop_0033,img_839563e0a840ae895b70,img_839563e0a840ae895b70,PN148_AD_4R_DIV03,train,512,128,128,128,0,4923,4619,0,true
img_839563e0a840ae895b70__crop_0034,img_839563e0a840ae895b70,img_839563e0a840ae895b70,PN148_AD_4R_DIV03,train,512,256,128,128,0,139,4723,0,true
img_839563e0a840ae895b70__crop_0035,img_839563e0a840ae895b70,img_839563e0a840ae895b70,PN148_AD_4R_DIV03,train,512,384,128,128,0,0,288,0,true
img_839563e0a840ae895b70__crop_0036,img_839563e0a840ae895b70,img_839563e0a840ae895b70,PN148_AD_4R_DIV03,train,512,512,128,128,113,0,4030,30,true
img_839563e0a840ae895b70__crop_0037,img_839563e0a840ae895b70,img_839563e0a840ae895b70,PN148_AD_4R_DIV03,train,512,640,128,128,625,0,2152,185,true
img_839563e0a840ae895b70__crop_0038,img_839563e0a840ae895b70,img_839563e0a840ae895b70,PN148_AD_4R_DIV03,train,512,768,128,128,267,11,1803,81,true
img_839563e0a840ae895b70__crop_0039,img_839563e0a840ae895b70,img_839563e0a840ae895b70,PN148_AD_4R_DIV03,train,512,896,128,128,0,4710,2086,0,true
img_839563e0a840ae895b70__crop_0040,img_839563e0a840ae895b70,img_839563e0a840ae895b70,PN148_AD_4R_DIV03,train,640,0,128,128,373,527,2693,113,true
img_839563e0a840ae895b70__crop_0041,img_839563e0a840ae895b70,img_839563e0a840ae895b70,PN148_AD_4R_DIV03,train,640,128,128,128,0,3343,5184,0,true
img_839563e0a840ae895b70__crop_0042,img_839563e0a840ae895b70,img_839563e0a840ae895b70,PN148_AD_4R_DIV03,train,640,256,128,128,0,7377,3835,0,true
img_839563e0a840ae895b70__crop_0043,img_839563e0a840ae895b70,img_839563e0a840ae895b70,PN148_AD_4R_DIV03,train,640,384,128,128,0,3887,4899,0,true
img_839563e0a840ae895b70__crop_0044,img_839563e0a840ae895b70,img_839563e0a840ae895b70,PN148_AD_4R_DIV03,train,640,512,128,128,0,155,2915,0,true
img_839563e0a840ae895b70__crop_0045,img_839563e0a840ae895b70,img_839563e0a840ae895b70,PN148_AD_4R_DIV03,train,640,640,128,128,502,0,2972,153,true
img_839563e0a840ae895b70__crop_0046,img_839563e0a840ae895b70,img_839563e0a840ae895b70,PN148_AD_4R_DIV03,train,640,768,128,128,1148,1385,1117,341,true
img_839563e0a840ae895b70__crop_0047,img_839563e0a840ae895b70,img_839563e0a840ae895b70,PN148_AD_4R_DIV03,train,640,896,128,128,852,2327,533,274,true
img_839563e0a840ae895b70__crop_0048,img_839563e0a840ae895b70,img_839563e0a840ae895b70,PN148_AD_4R_DIV03,train,768,0,128,128,230,34,2170,63,true
img_839563e0a840ae895b70__crop_0049,img_839563e0a840ae895b70,img_839563e0a840ae895b70,PN148_AD_4R_DIV03,train,768,128,128,128,8,2229,3611,3,true
img_839563e0a840ae895b70__crop_0050,img_839563e0a840ae895b70,img_839563e0a840ae895b70,PN148_AD_4R_DIV03,train,768,256,128,128,233,2861,3425,78,true
img_839563e0a840ae895b70__crop_0051,img_839563e0a840ae895b70,img_839563e0a840ae895b70,PN148_AD_4R_DIV03,train,768,384,128,128,0,1814,4295,0,true
img_839563e0a840ae895b70__crop_0052,img_839563e0a840ae895b70,img_839563e0a840ae895b70,PN148_AD_4R_DIV03,train,768,512,128,128,0,1579,5538,0,true
img_839563e0a840ae895b70__crop_0053,img_839563e0a840ae895b70,img_839563e0a840ae895b70,PN148_AD_4R_DIV03,train,768,640,128,128,9,0,1341,0,true
img_839563e0a840ae895b70__crop_0054,img_839563e0a840ae895b70,img_839563e0a840ae895b70,PN148_AD_4R_DIV03,train,768,768,128,128,0,0,168,0,true
img_839563e0a840ae895b70__crop_0055,img_839563e0a840ae895b70,img_839563e0a840ae895b70,PN148_AD_4R_DIV03,train,768,896,128,128,0,0,0,0,true
img_839563e0a840ae895b70__crop_0056,img_839563e0a840ae895b70,img_839563e0a840ae895b70,PN148_AD_4R_DIV03,train,896,0,128,128,394,0,2252,123,true
img_839563e0a840ae895b70__crop_0057,img_839563e0a840ae895b70,img_839563e0a840ae895b70,PN148_AD_4R_DIV03,train,896,128,128,128,412,82,2424,115,true
img_839563e0a840ae895b70__crop_0058,img_839563e0a840ae895b70,img_839563e0a840ae895b70,PN148_AD_4R_DIV03,train,896,256,128,128,0,798,2016,0,true
img_839563e0a840ae895b70__crop_0059,img_839563e0a840ae895b70,img_839563e0a840ae895b70,PN148_AD_4R_DIV03,train,896,384,128,128,0,0,1477,0,true
img_839563e0a840ae895b70__crop_0060,img_839563e0a840ae895b70,img_839563e0a840ae895b70,PN148_AD_4R_DIV03,train,896,512,128,128,0,0,0,0,true
img_839563e0a840ae895b70__crop_0061,img_839563e0a840ae895b70,img_839563e0a840ae895b70,PN148_AD_4R_DIV03,train,896,640,128,128,0,0,0,0,true
img_839563e0a840ae895b70__crop_0062,img_839563e0a840ae895b70,img_839563e0a840ae895b70,PN148_AD_4R_DIV03,train,896,768,128,128,0,0,0,0,true
img_839563e0a840ae895b70__crop_0063,img_839563e0a840ae895b70,img_839563e0a840ae895b70,PN148_AD_4R_DIV03,train,896,896,128,128,0,0,0,0,true
img_6cca2db2f0fbf1c19322__crop_0000,img_6cca2db2f0fbf1c19322,img_6cca2db2f0fbf1c19322,PN148_AD_4R_DIV03,train,0,0,128,128,0,0,0,0,true
img_6cca2db2f0fbf1c19322__crop_0001,img_6cca2db2f0fbf1c19322,img_6cca2db2f0fbf1c19322,PN148_AD_4R_DIV03,train,0,128,128,128,0,0,35,0,true
img_6cca2db2f0fbf1c19322__crop_0002,img_6cca2db2f0fbf1c19322,img_6cca2db2f0fbf1c19322,PN148_AD_4R_DIV03,train,0,256,128,128,0,4518,2199,0,true
img_6cca2db2f0fbf1c19322__crop_0003,img_6cca2db2f0fbf1c19322,img_6cca2db2f0fbf1c19322,PN148_AD_4R_DIV03,train,0,384,128,128,0,10724,4508,0,true
img_6cca2db2f0fbf1c19322__crop_0004,img_6cca2db2f0fbf1c19322,img_6cca2db2f0fbf1c19322,PN148_AD_4R_DIV03,train,0,512,128,128,457,186,4577,88,true
img_6cca2db2f0fbf1c19322__crop_0005,img_6cca2db2f0fbf1c19322,img_6cca2db2f0fbf1c19322,PN148_AD_4R_DIV03,train,0,640,128,128,0,232,54,0,true
img_6cca2db2f0fbf1c19322__crop_0006,img_6cca2db2f0fbf1c19322,img_6cca2db2f0fbf1c19322,PN148_AD_4R_DIV03,train,0,768,128,128,0,1617,0,0,true
img_6cca2db2f0fbf1c19322__crop_0007,img_6cca2db2f0fbf1c19322,img_6cca2db2f0fbf1c19322,PN148_AD_4R_DIV03,train,0,896,128,128,0,0,0,0,true
img_6cca2db2f0fbf1c19322__crop_0008,img_6cca2db2f0fbf1c19322,img_6cca2db2f0fbf1c19322,PN148_AD_4R_DIV03,train,128,0,128,128,0,0,0,0,true
img_6cca2db2f0fbf1c19322__crop_0009,img_6cca2db2f0fbf1c19322,img_6cca2db2f0fbf1c19322,PN148_AD_4R_DIV03,train,128,128,128,128,0,247,2499,0,true
img_6cca2db2f0fbf1c19322__crop_0010,img_6cca2db2f0fbf1c19322,img_6cca2db2f0fbf1c19322,PN148_AD_4R_DIV03,train,128,256,128,128,0,11655,1932,0,true
img_6cca2db2f0fbf1c19322__crop_0011,img_6cca2db2f0fbf1c19322,img_6cca2db2f0fbf1c19322,PN148_AD_4R_DIV03,train,128,384,128,128,0,16384,0,0,true
img_6cca2db2f0fbf1c19322__crop_0012,img_6cca2db2f0fbf1c19322,img_6cca2db2f0fbf1c19322,PN148_AD_4R_DIV03,train,128,512,128,128,0,4212,6144,0,true
img_6cca2db2f0fbf1c19322__crop_0013,img_6cca2db2f0fbf1c19322,img_6cca2db2f0fbf1c19322,PN148_AD_4R_DIV03,train,128,640,128,128,0,2,895,0,true
img_6cca2db2f0fbf1c19322__crop_0014,img_6cca2db2f0fbf1c19322,img_6cca2db2f0fbf1c19322,PN148_AD_4R_DIV03,train,128,768,128,128,0,948,0,0,true
img_6cca2db2f0fbf1c19322__crop_0015,img_6cca2db2f0fbf1c19322,img_6cca2db2f0fbf1c19322,PN148_AD_4R_DIV03,train,128,896,128,128,0,0,0,0,true
img_6cca2db2f0fbf1c19322__crop_0016,img_6cca2db2f0fbf1c19322,img_6cca2db2f0fbf1c19322,PN148_AD_4R_DIV03,train,256,0,128,128,0,0,0,0,true
img_6cca2db2f0fbf1c19322__crop_0017,img_6cca2db2f0fbf1c19322,img_6cca2db2f0fbf1c19322,PN148_AD_4R_DIV03,train,256,128,128,128,0,2451,3143,0,true
img_6cca2db2f0fbf1c19322__crop_0018,img_6cca2db2f0fbf1c19322,img_6cca2db2f0fbf1c19322,PN148_AD_4R_DIV03,train,256,256,128,128,0,5810,4561,0,true
img_6cca2db2f0fbf1c19322__crop_0019,img_6cca2db2f0fbf1c19322,img_6cca2db2f0fbf1c19322,PN148_AD_4R_DIV03,train,256,384,128,128,0,12413,2105,0,true
img_6cca2db2f0fbf1c19322__crop_0020,img_6cca2db2f0fbf1c19322,img_6cca2db2f0fbf1c19322,PN148_AD_4R_DIV03,train,256,512,128,128,877,2408,4543,230,true
img_6cca2db2f0fbf1c19322__crop_0021,img_6cca2db2f0fbf1c19322,img_6cca2db2f0fbf1c19322,PN148_AD_4R_DIV03,train,256,640,128,128,886,0,2709,279,true
img_6cca2db2f0fbf1c19322__crop_0022,img_6cca2db2f0fbf1c19322,img_6cca2db2f0fbf1c19322,PN148_AD_4R_DIV03,train,256,768,128,128,435,0,822,137,true
img_6cca2db2f0fbf1c19322__crop_0023,img_6cca2db2f0fbf1c19322,img_6cca2db2f0fbf1c19322,PN148_AD_4R_DIV03,train,256,896,128,128,0,0,0,0,true
img_6cca2db2f0fbf1c19322__crop_0024,img_6cca2db2f0fbf1c19322,img_6cca2db2f0fbf1c19322,PN148_AD_4R_DIV03,train,384,0,128,128,0,0,0,0,true
img_6cca2db2f0fbf1c19322__crop_0025,img_6cca2db2f0fbf1c19322,img_6cca2db2f0fbf1c19322,PN148_AD_4R_DIV03,train,384,128,128,128,0,0,3332,0,true
img_6cca2db2f0fbf1c19322__crop_0026,img_6cca2db2f0fbf1c19322,img_6cca2db2f0fbf1c19322,PN148_AD_4R_DIV03,train,384,256,128,128,0,0,4168,0,true
img_6cca2db2f0fbf1c19322__crop_0027,img_6cca2db2f0fbf1c19322,img_6cca2db2f0fbf1c19322,PN148_AD_4R_DIV03,train,384,384,128,128,47,0,2946,13,true
img_6cca2db2f0fbf1c19322__crop_0028,img_6cca2db2f0fbf1c19322,img_6cca2db2f0fbf1c19322,PN148_AD_4R_DIV03,train,384,512,128,128,1304,0,2981,286,true
img_6cca2db2f0fbf1c19322__crop_0029,img_6cca2db2f0fbf1c19322,img_6cca2db2f0fbf1c19322,PN148_AD_4R_DIV03,train,384,640,128,128,443,1546,3419,119,true
img_6cca2db2f0fbf1c19322__crop_0030,img_6cca2db2f0fbf1c19322,img_6cca2db2f0fbf1c19322,PN148_AD_4R_DIV03,train,384,768,128,128,242,26,3260,74,true
img_6cca2db2f0fbf1c19322__crop_0031,img_6cca2db2f0fbf1c19322,img_6cca2db2f0fbf1c19322,PN148_AD_4R_DIV03,train,384,896,128,128,0,0,0,0,true
img_6cca2db2f0fbf1c19322__crop_0032,img_6cca2db2f0fbf1c19322,img_6cca2db2f0fbf1c19322,PN148_AD_4R_DIV03,train,512,0,128,128,0,0,0,0,true
img_6cca2db2f0fbf1c19322__crop_0033,img_6cca2db2f0fbf1c19322,img_6cca2db2f0fbf1c19322,PN148_AD_4R_DIV03,train,512,128,128,128,0,1326,2465,0,true
img_6cca2db2f0fbf1c19322__crop_0034,img_6cca2db2f0fbf1c19322,img_6cca2db2f0fbf1c19322,PN148_AD_4R_DIV03,train,512,256,128,128,0,0,4184,0,true
img_6cca2db2f0fbf1c19322__crop_0035,img_6cca2db2f0fbf1c19322,img_6cca2db2f0fbf1c19322,PN148_AD_4R_DIV03,train,512,384,128,128,186,0,4175,49,true
img_6cca2db2f0fbf1c19322__crop_0036,img_6cca2db2f0fbf1c19322,img_6cca2db2f0fbf1c19322,PN148_AD_4R_DIV03,train,512,512,128,128,1219,621,2261,267,true
img_6cca2db2f0fbf1c19322__crop_0037,img_6cca2db2f0fbf1c19322,img_6cca2db2f0fbf1c19322,PN148_AD_4R_DIV03,train,512,640,128,128,701,1266,2120,165,true
img_6cca2db2f0fbf1c19322__crop_0038,img_6cca2db2f0fbf1c19322,img_6cca2db2f0fbf1c19322,PN148_AD_4R_DIV03,train,512,768,128,128,1043,654,904,264,true
img_6cca2db2f0fbf1c19322__crop_0039,img_6cca2db2f0fbf1c19322,img_6cca2db2f0fbf1c19322,PN148_AD_4R_DIV03,train,512,896,128,128,0,0,0,0,true
img_6cca2db2f0fbf1c19322__crop_0040,img_6cca2db2f0fbf1c19322,img_6cca2db2f0fbf1c19322,PN148_AD_4R_DIV03,train,640,0,128,128,0,0,0,0,true
img_6cca2db2f0fbf1c19322__crop_0041,img_6cca2db2f0fbf1c19322,img_6cca2db2f0fbf1c19322,PN148_AD_4R_DIV03,train,640,128,128,128,0,1094,861,0,true
img_6cca2db2f0fbf1c19322__crop_0042,img_6cca2db2f0fbf1c19322,img_6cca2db2f0fbf1c19322,PN148_AD_4R_DIV03,train,640,256,128,128,0,8367,4231,0,true
img_6cca2db2f0fbf1c19322__crop_0043,img_6cca2db2f0fbf1c19322,img_6cca2db2f0fbf1c19322,PN148_AD_4R_DIV03,train,640,384,128,128,226,0,4444,63,true
img_6cca2db2f0fbf1c19322__crop_0044,img_6cca2db2f0fbf1c19322,img_6cca2db2f0fbf1c19322,PN148_AD_4R_DIV03,train,640,512,128,128,1337,8,1913,345,true
img_6cca2db2f0fbf1c19322__crop_0045,img_6cca2db2f0fbf1c19322,img_6cca2db2f0fbf1c19322,PN148_AD_4R_DIV03,train,640,640,128,128,1202,62,3259,307,true
img_6cca2db2f0fbf1c19322__crop_0046,img_6cca2db2f0fbf1c19322,img_6cca2db2f0fbf1c19322,PN148_AD_4R_DIV03,train,640,768,128,128,438,1017,5032,65,true
img_6cca2db2f0fbf1c19322__crop_0047,img_6cca2db2f0fbf1c19322,img_6cca2db2f0fbf1c19322,PN148_AD_4R_DIV03,train,640,896,128,128,128,0,296,34,true
img_6cca2db2f0fbf1c19322__crop_0048,img_6cca2db2f0fbf1c19322,img_6cca2db2f0fbf1c19322,PN148_AD_4R_DIV03,train,768,0,128,128,0,0,0,0,true
img_6cca2db2f0fbf1c19322__crop_0049,img_6cca2db2f0fbf1c19322,img_6cca2db2f0fbf1c19322,PN148_AD_4R_DIV03,train,768,128,128,128,0,0,0,0,true
img_6cca2db2f0fbf1c19322__crop_0050,img_6cca2db2f0fbf1c19322,img_6cca2db2f0fbf1c19322,PN148_AD_4R_DIV03,train,768,256,128,128,0,3248,3136,0,true
img_6cca2db2f0fbf1c19322__crop_0051,img_6cca2db2f0fbf1c19322,img_6cca2db2f0fbf1c19322,PN148_AD_4R_DIV03,train,768,384,128,128,634,312,3635,188,true
img_6cca2db2f0fbf1c19322__crop_0052,img_6cca2db2f0fbf1c19322,img_6cca2db2f0fbf1c19322,PN148_AD_4R_DIV03,train,768,512,128,128,1007,21,4467,268,true
img_6cca2db2f0fbf1c19322__crop_0053,img_6cca2db2f0fbf1c19322,img_6cca2db2f0fbf1c19322,PN148_AD_4R_DIV03,train,768,640,128,128,314,4723,6723,65,true
img_6cca2db2f0fbf1c19322__crop_0054,img_6cca2db2f0fbf1c19322,img_6cca2db2f0fbf1c19322,PN148_AD_4R_DIV03,train,768,768,128,128,211,2478,6803,30,true
img_6cca2db2f0fbf1c19322__crop_0055,img_6cca2db2f0fbf1c19322,img_6cca2db2f0fbf1c19322,PN148_AD_4R_DIV03,train,768,896,128,128,420,0,60,121,true
img_6cca2db2f0fbf1c19322__crop_0056,img_6cca2db2f0fbf1c19322,img_6cca2db2f0fbf1c19322,PN148_AD_4R_DIV03,train,896,0,128,128,0,0,0,0,true
img_6cca2db2f0fbf1c19322__crop_0057,img_6cca2db2f0fbf1c19322,img_6cca2db2f0fbf1c19322,PN148_AD_4R_DIV03,train,896,128,128,128,0,0,0,0,true
img_6cca2db2f0fbf1c19322__crop_0058,img_6cca2db2f0fbf1c19322,img_6cca2db2f0fbf1c19322,PN148_AD_4R_DIV03,train,896,256,128,128,0,0,0,0,true
img_6cca2db2f0fbf1c19322__crop_0059,img_6cca2db2f0fbf1c19322,img_6cca2db2f0fbf1c19322,PN148_AD_4R_DIV03,train,896,384,128,128,133,0,120,37,true
img_6cca2db2f0fbf1c19322__crop_0060,img_6cca2db2f0fbf1c19322,img_6cca2db2f0fbf1c19322,PN148_AD_4R_DIV03,train,896,512,128,128,136,172,1910,31,true
img_6cca2db2f0fbf1c19322__crop_0061,img_6cca2db2f0fbf1c19322,img_6cca2db2f0fbf1c19322,PN148_AD_4R_DIV03,train,896,640,128,128,209,5151,3725,56,true
img_6cca2db2f0fbf1c19322__crop_0062,img_6cca2db2f0fbf1c19322,img_6cca2db2f0fbf1c19322,PN148_AD_4R_DIV03,train,896,768,128,128,183,2327,3256,48,true
img_6cca2db2f0fbf1c19322__crop_0063,img_6cca2db2f0fbf1c19322,img_6cca2db2f0fbf1c19322,PN148_AD_4R_DIV03,train,896,896,128,128,139,0,452,26,true
img_9be7971faaa17ec1d33d__crop_0000,img_9be7971faaa17ec1d33d,img_9be7971faaa17ec1d33d,PN148_AD_4R_DIV05,validation,0,0,128,128,247,0,0,79,true
img_9be7971faaa17ec1d33d__crop_0001,img_9be7971faaa17ec1d33d,img_9be7971faaa17ec1d33d,PN148_AD_4R_DIV05,validation,0,128,128,128,158,0,0,34,true
img_9be7971faaa17ec1d33d__crop_0002,img_9be7971faaa17ec1d33d,img_9be7971faaa17ec1d33d,PN148_AD_4R_DIV05,validation,0,256,128,128,0,0,0,0,true
img_9be7971faaa17ec1d33d__crop_0003,img_9be7971faaa17ec1d33d,img_9be7971faaa17ec1d33d,PN148_AD_4R_DIV05,validation,0,384,128,128,0,0,0,0,true
img_9be7971faaa17ec1d33d__crop_0004,img_9be7971faaa17ec1d33d,img_9be7971faaa17ec1d33d,PN148_AD_4R_DIV05,validation,0,512,128,128,0,0,0,0,true
img_9be7971faaa17ec1d33d__crop_0005,img_9be7971faaa17ec1d33d,img_9be7971faaa17ec1d33d,PN148_AD_4R_DIV05,validation,0,640,128,128,0,0,0,0,true
img_9be7971faaa17ec1d33d__crop_0006,img_9be7971faaa17ec1d33d,img_9be7971faaa17ec1d33d,PN148_AD_4R_DIV05,validation,0,768,128,128,0,0,0,0,true
img_9be7971faaa17ec1d33d__crop_0007,img_9be7971faaa17ec1d33d,img_9be7971faaa17ec1d33d,PN148_AD_4R_DIV05,validation,0,896,128,128,0,0,0,0,true
img_9be7971faaa17ec1d33d__crop_0008,img_9be7971faaa17ec1d33d,img_9be7971faaa17ec1d33d,PN148_AD_4R_DIV05,validation,128,0,128,128,539,0,369,161,true
img_9be7971faaa17ec1d33d__crop_0009,img_9be7971faaa17ec1d33d,img_9be7971faaa17ec1d33d,PN148_AD_4R_DIV05,validation,128,128,128,128,1154,0,751,318,true
img_9be7971faaa17ec1d33d__crop_0010,img_9be7971faaa17ec1d33d,img_9be7971faaa17ec1d33d,PN148_AD_4R_DIV05,validation,128,256,128,128,959,0,1057,224,true
img_9be7971faaa17ec1d33d__crop_0011,img_9be7971faaa17ec1d33d,img_9be7971faaa17ec1d33d,PN148_AD_4R_DIV05,validation,128,384,128,128,179,0,148,39,true
img_9be7971faaa17ec1d33d__crop_0012,img_9be7971faaa17ec1d33d,img_9be7971faaa17ec1d33d,PN148_AD_4R_DIV05,validation,128,512,128,128,0,0,0,0,true
img_9be7971faaa17ec1d33d__crop_0013,img_9be7971faaa17ec1d33d,img_9be7971faaa17ec1d33d,PN148_AD_4R_DIV05,validation,128,640,128,128,0,0,0,0,true
img_9be7971faaa17ec1d33d__crop_0014,img_9be7971faaa17ec1d33d,img_9be7971faaa17ec1d33d,PN148_AD_4R_DIV05,validation,128,768,128,128,0,0,0,0,true
img_9be7971faaa17ec1d33d__crop_0015,img_9be7971faaa17ec1d33d,img_9be7971faaa17ec1d33d,PN148_AD_4R_DIV05,validation,128,896,128,128,0,0,0,0,true
img_9be7971faaa17ec1d33d__crop_0016,img_9be7971faaa17ec1d33d,img_9be7971faaa17ec1d33d,PN148_AD_4R_DIV05,validation,256,0,128,128,277,0,495,74,true
img_9be7971faaa17ec1d33d__crop_0017,img_9be7971faaa17ec1d33d,img_9be7971faaa17ec1d33d,PN148_AD_4R_DIV05,validation,256,128,128,128,1014,0,2072,288,true
img_9be7971faaa17ec1d33d__crop_0018,img_9be7971faaa17ec1d33d,img_9be7971faaa17ec1d33d,PN148_AD_4R_DIV05,validation,256,256,128,128,242,0,1057,62,true
img_9be7971faaa17ec1d33d__crop_0019,img_9be7971faaa17ec1d33d,img_9be7971faaa17ec1d33d,PN148_AD_4R_DIV05,validation,256,384,128,128,199,0,1657,57,true
img_9be7971faaa17ec1d33d__crop_0020,img_9be7971faaa17ec1d33d,img_9be7971faaa17ec1d33d,PN148_AD_4R_DIV05,validation,256,512,128,128,126,0,1489,42,true
img_9be7971faaa17ec1d33d__crop_0021,img_9be7971faaa17ec1d33d,img_9be7971faaa17ec1d33d,PN148_AD_4R_DIV05,validation,256,640,128,128,119,0,1460,35,true
img_9be7971faaa17ec1d33d__crop_0022,img_9be7971faaa17ec1d33d,img_9be7971faaa17ec1d33d,PN148_AD_4R_DIV05,validation,256,768,128,128,0,0,1074,0,true
img_9be7971faaa17ec1d33d__crop_0023,img_9be7971faaa17ec1d33d,img_9be7971faaa17ec1d33d,PN148_AD_4R_DIV05,validation,256,896,128,128,0,0,0,0,true
img_9be7971faaa17ec1d33d__crop_0024,img_9be7971faaa17ec1d33d,img_9be7971faaa17ec1d33d,PN148_AD_4R_DIV05,validation,384,0,128,128,105,0,0,13,true
img_9be7971faaa17ec1d33d__crop_0025,img_9be7971faaa17ec1d33d,img_9be7971faaa17ec1d33d,PN148_AD_4R_DIV05,validation,384,128,128,128,1181,0,287,344,true
img_9be7971faaa17ec1d33d__crop_0026,img_9be7971faaa17ec1d33d,img_9be7971faaa17ec1d33d,PN148_AD_4R_DIV05,validation,384,256,128,128,762,0,1529,249,true
img_9be7971faaa17ec1d33d__crop_0027,img_9be7971faaa17ec1d33d,img_9be7971faaa17ec1d33d,PN148_AD_4R_DIV05,validation,384,384,128,128,0,0,676,0,true
img_9be7971faaa17ec1d33d__crop_0028,img_9be7971faaa17ec1d33d,img_9be7971faaa17ec1d33d,PN148_AD_4R_DIV05,validation,384,512,128,128,0,0,88,0,true
img_9be7971faaa17ec1d33d__crop_0029,img_9be7971faaa17ec1d33d,img_9be7971faaa17ec1d33d,PN148_AD_4R_DIV05,validation,384,640,128,128,731,0,482,221,true
img_9be7971faaa17ec1d33d__crop_0030,img_9be7971faaa17ec1d33d,img_9be7971faaa17ec1d33d,PN148_AD_4R_DIV05,validation,384,768,128,128,874,0,508,245,true
img_9be7971faaa17ec1d33d__crop_0031,img_9be7971faaa17ec1d33d,img_9be7971faaa17ec1d33d,PN148_AD_4R_DIV05,validation,384,896,128,128,0,0,826,0,true
img_9be7971faaa17ec1d33d__crop_0032,img_9be7971faaa17ec1d33d,img_9be7971faaa17ec1d33d,PN148_AD_4R_DIV05,validation,512,0,128,128,854,0,0,149,true
img_9be7971faaa17ec1d33d__crop_0033,img_9be7971faaa17ec1d33d,img_9be7971faaa17ec1d33d,PN148_AD_4R_DIV05,validation,512,128,128,128,773,0,712,223,true
img_9be7971faaa17ec1d33d__crop_0034,img_9be7971faaa17ec1d33d,img_9be7971faaa17ec1d33d,PN148_AD_4R_DIV05,validation,512,256,128,128,27,0,1233,5,true
img_9be7971faaa17ec1d33d__crop_0035,img_9be7971faaa17ec1d33d,img_9be7971faaa17ec1d33d,PN148_AD_4R_DIV05,validation,512,384,128,128,390,0,148,111,true
img_9be7971faaa17ec1d33d__crop_0036,img_9be7971faaa17ec1d33d,img_9be7971faaa17ec1d33d,PN148_AD_4R_DIV05,validation,512,512,128,128,455,0,89,130,true
img_9be7971faaa17ec1d33d__crop_0037,img_9be7971faaa17ec1d33d,img_9be7971faaa17ec1d33d,PN148_AD_4R_DIV05,validation,512,640,128,128,147,3854,1167,47,true
img_9be7971faaa17ec1d33d__crop_0038,img_9be7971faaa17ec1d33d,img_9be7971faaa17ec1d33d,PN148_AD_4R_DIV05,validation,512,768,128,128,243,1832,704,61,true
img_9be7971faaa17ec1d33d__crop_0039,img_9be7971faaa17ec1d33d,img_9be7971faaa17ec1d33d,PN148_AD_4R_DIV05,validation,512,896,128,128,33,0,25,7,true
img_9be7971faaa17ec1d33d__crop_0040,img_9be7971faaa17ec1d33d,img_9be7971faaa17ec1d33d,PN148_AD_4R_DIV05,validation,640,0,128,128,0,0,131,0,true
img_9be7971faaa17ec1d33d__crop_0041,img_9be7971faaa17ec1d33d,img_9be7971faaa17ec1d33d,PN148_AD_4R_DIV05,validation,640,128,128,128,1056,0,497,269,true
img_9be7971faaa17ec1d33d__crop_0042,img_9be7971faaa17ec1d33d,img_9be7971faaa17ec1d33d,PN148_AD_4R_DIV05,validation,640,256,128,128,1009,0,1552,267,true
img_9be7971faaa17ec1d33d__crop_0043,img_9be7971faaa17ec1d33d,img_9be7971faaa17ec1d33d,PN148_AD_4R_DIV05,validation,640,384,128,128,669,0,139,185,true
img_9be7971faaa17ec1d33d__crop_0044,img_9be7971faaa17ec1d33d,img_9be7971faaa17ec1d33d,PN148_AD_4R_DIV05,validation,640,512,128,128,706,0,937,209,true
img_9be7971faaa17ec1d33d__crop_0045,img_9be7971faaa17ec1d33d,img_9be7971faaa17ec1d33d,PN148_AD_4R_DIV05,validation,640,640,128,128,550,424,2072,152,true
img_9be7971faaa17ec1d33d__crop_0046,img_9be7971faaa17ec1d33d,img_9be7971faaa17ec1d33d,PN148_AD_4R_DIV05,validation,640,768,128,128,222,0,247,67,true
img_9be7971faaa17ec1d33d__crop_0047,img_9be7971faaa17ec1d33d,img_9be7971faaa17ec1d33d,PN148_AD_4R_DIV05,validation,640,896,128,128,0,0,0,0,true
img_9be7971faaa17ec1d33d__crop_0048,img_9be7971faaa17ec1d33d,img_9be7971faaa17ec1d33d,PN148_AD_4R_DIV05,validation,768,0,128,128,0,0,1,0,true
img_9be7971faaa17ec1d33d__crop_0049,img_9be7971faaa17ec1d33d,img_9be7971faaa17ec1d33d,PN148_AD_4R_DIV05,validation,768,128,128,128,496,0,1998,134,true
img_9be7971faaa17ec1d33d__crop_0050,img_9be7971faaa17ec1d33d,img_9be7971faaa17ec1d33d,PN148_AD_4R_DIV05,validation,768,256,128,128,1471,0,1777,429,true
img_9be7971faaa17ec1d33d__crop_0051,img_9be7971faaa17ec1d33d,img_9be7971faaa17ec1d33d,PN148_AD_4R_DIV05,validation,768,384,128,128,827,0,509,206,true
img_9be7971faaa17ec1d33d__crop_0052,img_9be7971faaa17ec1d33d,img_9be7971faaa17ec1d33d,PN148_AD_4R_DIV05,validation,768,512,128,128,130,0,1279,35,true
img_9be7971faaa17ec1d33d__crop_0053,img_9be7971faaa17ec1d33d,img_9be7971faaa17ec1d33d,PN148_AD_4R_DIV05,validation,768,640,128,128,344,0,637,91,true
img_9be7971faaa17ec1d33d__crop_0054,img_9be7971faaa17ec1d33d,img_9be7971faaa17ec1d33d,PN148_AD_4R_DIV05,validation,768,768,128,128,0,0,169,0,true
img_9be7971faaa17ec1d33d__crop_0055,img_9be7971faaa17ec1d33d,img_9be7971faaa17ec1d33d,PN148_AD_4R_DIV05,validation,768,896,128,128,0,0,709,0,true
img_9be7971faaa17ec1d33d__crop_0056,img_9be7971faaa17ec1d33d,img_9be7971faaa17ec1d33d,PN148_AD_4R_DIV05,validation,896,0,128,128,0,0,0,0,true
img_9be7971faaa17ec1d33d__crop_0057,img_9be7971faaa17ec1d33d,img_9be7971faaa17ec1d33d,PN148_AD_4R_DIV05,validation,896,128,128,128,0,0,443,0,true
img_9be7971faaa17ec1d33d__crop_0058,img_9be7971faaa17ec1d33d,img_9be7971faaa17ec1d33d,PN148_AD_4R_DIV05,validation,896,256,128,128,0,0,36,0,true
img_9be7971faaa17ec1d33d__crop_0059,img_9be7971faaa17ec1d33d,img_9be7971faaa17ec1d33d,PN148_AD_4R_DIV05,validation,896,384,128,128,0,0,2138,0,true
img_9be7971faaa17ec1d33d__crop_0060,img_9be7971faaa17ec1d33d,img_9be7971faaa17ec1d33d,PN148_AD_4R_DIV05,validation,896,512,128,128,0,0,2060,0,true
img_9be7971faaa17ec1d33d__crop_0061,img_9be7971faaa17ec1d33d,img_9be7971faaa17ec1d33d,PN148_AD_4R_DIV05,validation,896,640,128,128,0,0,0,0,true
img_9be7971faaa17ec1d33d__crop_0062,img_9be7971faaa17ec1d33d,img_9be7971faaa17ec1d33d,PN148_AD_4R_DIV05,validation,896,768,128,128,0,0,1787,0,true
img_9be7971faaa17ec1d33d__crop_0063,img_9be7971faaa17ec1d33d,img_9be7971faaa17ec1d33d,PN148_AD_4R_DIV05,validation,896,896,128,128,0,0,1394,0,true
img_cc031204543516db8eae__crop_0000,img_cc031204543516db8eae,img_cc031204543516db8eae,PN148_AD_4R_DIV07,test,0,0,128,128,0,0,2178,0,true
img_cc031204543516db8eae__crop_0001,img_cc031204543516db8eae,img_cc031204543516db8eae,PN148_AD_4R_DIV07,test,0,128,128,128,0,0,5673,0,true
img_cc031204543516db8eae__crop_0002,img_cc031204543516db8eae,img_cc031204543516db8eae,PN148_AD_4R_DIV07,test,0,256,128,128,0,0,2248,0,true
img_cc031204543516db8eae__crop_0003,img_cc031204543516db8eae,img_cc031204543516db8eae,PN148_AD_4R_DIV07,test,0,384,128,128,0,0,358,0,true
img_cc031204543516db8eae__crop_0004,img_cc031204543516db8eae,img_cc031204543516db8eae,PN148_AD_4R_DIV07,test,0,512,128,128,363,0,0,111,true
img_cc031204543516db8eae__crop_0005,img_cc031204543516db8eae,img_cc031204543516db8eae,PN148_AD_4R_DIV07,test,0,640,128,128,538,0,108,153,true
img_cc031204543516db8eae__crop_0006,img_cc031204543516db8eae,img_cc031204543516db8eae,PN148_AD_4R_DIV07,test,0,768,128,128,0,0,3258,0,true
img_cc031204543516db8eae__crop_0007,img_cc031204543516db8eae,img_cc031204543516db8eae,PN148_AD_4R_DIV07,test,0,896,128,128,0,0,827,0,true
img_cc031204543516db8eae__crop_0008,img_cc031204543516db8eae,img_cc031204543516db8eae,PN148_AD_4R_DIV07,test,128,0,128,128,0,0,4067,0,true
img_cc031204543516db8eae__crop_0009,img_cc031204543516db8eae,img_cc031204543516db8eae,PN148_AD_4R_DIV07,test,128,128,128,128,58,0,321,0,true
img_cc031204543516db8eae__crop_0010,img_cc031204543516db8eae,img_cc031204543516db8eae,PN148_AD_4R_DIV07,test,128,256,128,128,0,0,0,0,true
img_cc031204543516db8eae__crop_0011,img_cc031204543516db8eae,img_cc031204543516db8eae,PN148_AD_4R_DIV07,test,128,384,128,128,0,0,0,0,true
img_cc031204543516db8eae__crop_0012,img_cc031204543516db8eae,img_cc031204543516db8eae,PN148_AD_4R_DIV07,test,128,512,128,128,231,0,0,61,true
img_cc031204543516db8eae__crop_0013,img_cc031204543516db8eae,img_cc031204543516db8eae,PN148_AD_4R_DIV07,test,128,640,128,128,0,0,0,0,true
img_cc031204543516db8eae__crop_0014,img_cc031204543516db8eae,img_cc031204543516db8eae,PN148_AD_4R_DIV07,test,128,768,128,128,645,0,476,194,true
img_cc031204543516db8eae__crop_0015,img_cc031204543516db8eae,img_cc031204543516db8eae,PN148_AD_4R_DIV07,test,128,896,128,128,0,0,0,0,true
img_cc031204543516db8eae__crop_0016,img_cc031204543516db8eae,img_cc031204543516db8eae,PN148_AD_4R_DIV07,test,256,0,128,128,212,0,1436,62,true
img_cc031204543516db8eae__crop_0017,img_cc031204543516db8eae,img_cc031204543516db8eae,PN148_AD_4R_DIV07,test,256,128,128,128,190,0,0,77,true
img_cc031204543516db8eae__crop_0018,img_cc031204543516db8eae,img_cc031204543516db8eae,PN148_AD_4R_DIV07,test,256,256,128,128,594,0,0,142,true
img_cc031204543516db8eae__crop_0019,img_cc031204543516db8eae,img_cc031204543516db8eae,PN148_AD_4R_DIV07,test,256,384,128,128,0,0,0,0,true
img_cc031204543516db8eae__crop_0020,img_cc031204543516db8eae,img_cc031204543516db8eae,PN148_AD_4R_DIV07,test,256,512,128,128,0,0,0,0,true
img_cc031204543516db8eae__crop_0021,img_cc031204543516db8eae,img_cc031204543516db8eae,PN148_AD_4R_DIV07,test,256,640,128,128,0,0,0,0,true
img_cc031204543516db8eae__crop_0022,img_cc031204543516db8eae,img_cc031204543516db8eae,PN148_AD_4R_DIV07,test,256,768,128,128,32,0,0,9,true
img_cc031204543516db8eae__crop_0023,img_cc031204543516db8eae,img_cc031204543516db8eae,PN148_AD_4R_DIV07,test,256,896,128,128,0,0,0,0,true
img_cc031204543516db8eae__crop_0024,img_cc031204543516db8eae,img_cc031204543516db8eae,PN148_AD_4R_DIV07,test,384,0,128,128,0,0,128,0,true
img_cc031204543516db8eae__crop_0025,img_cc031204543516db8eae,img_cc031204543516db8eae,PN148_AD_4R_DIV07,test,384,128,128,128,0,0,0,0,true
img_cc031204543516db8eae__crop_0026,img_cc031204543516db8eae,img_cc031204543516db8eae,PN148_AD_4R_DIV07,test,384,256,128,128,0,0,0,0,true
img_cc031204543516db8eae__crop_0027,img_cc031204543516db8eae,img_cc031204543516db8eae,PN148_AD_4R_DIV07,test,384,384,128,128,0,0,0,0,true
img_cc031204543516db8eae__crop_0028,img_cc031204543516db8eae,img_cc031204543516db8eae,PN148_AD_4R_DIV07,test,384,512,128,128,0,0,0,0,true
img_cc031204543516db8eae__crop_0029,img_cc031204543516db8eae,img_cc031204543516db8eae,PN148_AD_4R_DIV07,test,384,640,128,128,220,0,0,73,true
img_cc031204543516db8eae__crop_0030,img_cc031204543516db8eae,img_cc031204543516db8eae,PN148_AD_4R_DIV07,test,384,768,128,128,16,0,0,0,true
img_cc031204543516db8eae__crop_0031,img_cc031204543516db8eae,img_cc031204543516db8eae,PN148_AD_4R_DIV07,test,384,896,128,128,0,0,0,0,true
img_cc031204543516db8eae__crop_0032,img_cc031204543516db8eae,img_cc031204543516db8eae,PN148_AD_4R_DIV07,test,512,0,128,128,517,0,0,143,true
img_cc031204543516db8eae__crop_0033,img_cc031204543516db8eae,img_cc031204543516db8eae,PN148_AD_4R_DIV07,test,512,128,128,128,0,0,0,0,true
img_cc031204543516db8eae__crop_0034,img_cc031204543516db8eae,img_cc031204543516db8eae,PN148_AD_4R_DIV07,test,512,256,128,128,0,0,0,0,true
img_cc031204543516db8eae__crop_0035,img_cc031204543516db8eae,img_cc031204543516db8eae,PN148_AD_4R_DIV07,test,512,384,128,128,668,0,0,205,true
img_cc031204543516db8eae__crop_0036,img_cc031204543516db8eae,img_cc031204543516db8eae,PN148_AD_4R_DIV07,test,512,512,128,128,453,0,37,150,true
img_cc031204543516db8eae__crop_0037,img_cc031204543516db8eae,img_cc031204543516db8eae,PN148_AD_4R_DIV07,test,512,640,128,128,336,0,178,102,true
img_cc031204543516db8eae__crop_0038,img_cc031204543516db8eae,img_cc031204543516db8eae,PN148_AD_4R_DIV07,test,512,768,128,128,225,0,0,64,true
img_cc031204543516db8eae__crop_0039,img_cc031204543516db8eae,img_cc031204543516db8eae,PN148_AD_4R_DIV07,test,512,896,128,128,0,0,0,0,true
img_cc031204543516db8eae__crop_0040,img_cc031204543516db8eae,img_cc031204543516db8eae,PN148_AD_4R_DIV07,test,640,0,128,128,531,0,0,165,true
img_cc031204543516db8eae__crop_0041,img_cc031204543516db8eae,img_cc031204543516db8eae,PN148_AD_4R_DIV07,test,640,128,128,128,1459,0,0,415,true
img_cc031204543516db8eae__crop_0042,img_cc031204543516db8eae,img_cc031204543516db8eae,PN148_AD_4R_DIV07,test,640,256,128,128,1136,0,146,333,true
img_cc031204543516db8eae__crop_0043,img_cc031204543516db8eae,img_cc031204543516db8eae,PN148_AD_4R_DIV07,test,640,384,128,128,1005,0,25,321,true
img_cc031204543516db8eae__crop_0044,img_cc031204543516db8eae,img_cc031204543516db8eae,PN148_AD_4R_DIV07,test,640,512,128,128,217,0,634,59,true
img_cc031204543516db8eae__crop_0045,img_cc031204543516db8eae,img_cc031204543516db8eae,PN148_AD_4R_DIV07,test,640,640,128,128,149,0,0,41,true
img_cc031204543516db8eae__crop_0046,img_cc031204543516db8eae,img_cc031204543516db8eae,PN148_AD_4R_DIV07,test,640,768,128,128,0,0,0,0,true
img_cc031204543516db8eae__crop_0047,img_cc031204543516db8eae,img_cc031204543516db8eae,PN148_AD_4R_DIV07,test,640,896,128,128,0,0,0,0,true
img_cc031204543516db8eae__crop_0048,img_cc031204543516db8eae,img_cc031204543516db8eae,PN148_AD_4R_DIV07,test,768,0,128,128,34,0,0,10,true
img_cc031204543516db8eae__crop_0049,img_cc031204543516db8eae,img_cc031204543516db8eae,PN148_AD_4R_DIV07,test,768,128,128,128,1209,0,204,324,true
img_cc031204543516db8eae__crop_0050,img_cc031204543516db8eae,img_cc031204543516db8eae,PN148_AD_4R_DIV07,test,768,256,128,128,359,0,561,87,true
img_cc031204543516db8eae__crop_0051,img_cc031204543516db8eae,img_cc031204543516db8eae,PN148_AD_4R_DIV07,test,768,384,128,128,550,0,256,155,true
img_cc031204543516db8eae__crop_0052,img_cc031204543516db8eae,img_cc031204543516db8eae,PN148_AD_4R_DIV07,test,768,512,128,128,3,0,974,0,true
img_cc031204543516db8eae__crop_0053,img_cc031204543516db8eae,img_cc031204543516db8eae,PN148_AD_4R_DIV07,test,768,640,128,128,0,0,1476,0,true
img_cc031204543516db8eae__crop_0054,img_cc031204543516db8eae,img_cc031204543516db8eae,PN148_AD_4R_DIV07,test,768,768,128,128,0,0,0,0,true
img_cc031204543516db8eae__crop_0055,img_cc031204543516db8eae,img_cc031204543516db8eae,PN148_AD_4R_DIV07,test,768,896,128,128,0,0,0,0,true
img_cc031204543516db8eae__crop_0056,img_cc031204543516db8eae,img_cc031204543516db8eae,PN148_AD_4R_DIV07,test,896,0,128,128,0,0,1601,0,true
img_cc031204543516db8eae__crop_0057,img_cc031204543516db8eae,img_cc031204543516db8eae,PN148_AD_4R_DIV07,test,896,128,128,128,157,0,2514,46,true
img_cc031204543516db8eae__crop_0058,img_cc031204543516db8eae,img_cc031204543516db8eae,PN148_AD_4R_DIV07,test,896,256,128,128,584,0,705,106,true
img_cc031204543516db8eae__crop_0059,img_cc031204543516db8eae,img_cc031204543516db8eae,PN148_AD_4R_DIV07,test,896,384,128,128,468,0,0,136,true
img_cc031204543516db8eae__crop_0060,img_cc031204543516db8eae,img_cc031204543516db8eae,PN148_AD_4R_DIV07,test,896,512,128,128,0,0,194,0,true
img_cc031204543516db8eae__crop_0061,img_cc031204543516db8eae,img_cc031204543516db8eae,PN148_AD_4R_DIV07,test,896,640,128,128,0,0,0,0,true
img_cc031204543516db8eae__crop_0062,img_cc031204543516db8eae,img_cc031204543516db8eae,PN148_AD_4R_DIV07,test,896,768,128,128,0,0,0,0,true
img_cc031204543516db8eae__crop_0063,img_cc031204543516db8eae,img_cc031204543516db8eae,PN148_AD_4R_DIV07,test,896,896,128,128,0,0,0,0,true
img_fc64d68cbb5e925a9520__crop_0000,img_fc64d68cbb5e925a9520,img_fc64d68cbb5e925a9520,PN148_PSP_4R_DIV10,calibration,0,0,128,128,0,0,0,0,true
img_fc64d68cbb5e925a9520__crop_0001,img_fc64d68cbb5e925a9520,img_fc64d68cbb5e925a9520,PN148_PSP_4R_DIV10,calibration,0,128,128,128,0,0,0,0,true
img_fc64d68cbb5e925a9520__crop_0002,img_fc64d68cbb5e925a9520,img_fc64d68cbb5e925a9520,PN148_PSP_4R_DIV10,calibration,0,256,128,128,0,0,1268,0,true
img_fc64d68cbb5e925a9520__crop_0003,img_fc64d68cbb5e925a9520,img_fc64d68cbb5e925a9520,PN148_PSP_4R_DIV10,calibration,0,384,128,128,0,0,1282,0,true
img_fc64d68cbb5e925a9520__crop_0004,img_fc64d68cbb5e925a9520,img_fc64d68cbb5e925a9520,PN148_PSP_4R_DIV10,calibration,0,512,128,128,345,0,182,96,true
img_fc64d68cbb5e925a9520__crop_0005,img_fc64d68cbb5e925a9520,img_fc64d68cbb5e925a9520,PN148_PSP_4R_DIV10,calibration,0,640,128,128,363,0,2099,106,true
img_fc64d68cbb5e925a9520__crop_0006,img_fc64d68cbb5e925a9520,img_fc64d68cbb5e925a9520,PN148_PSP_4R_DIV10,calibration,0,768,128,128,0,0,3498,0,true
img_fc64d68cbb5e925a9520__crop_0007,img_fc64d68cbb5e925a9520,img_fc64d68cbb5e925a9520,PN148_PSP_4R_DIV10,calibration,0,896,128,128,0,0,3056,0,true
img_fc64d68cbb5e925a9520__crop_0008,img_fc64d68cbb5e925a9520,img_fc64d68cbb5e925a9520,PN148_PSP_4R_DIV10,calibration,128,0,128,128,0,0,0,0,true
img_fc64d68cbb5e925a9520__crop_0009,img_fc64d68cbb5e925a9520,img_fc64d68cbb5e925a9520,PN148_PSP_4R_DIV10,calibration,128,128,128,128,0,0,2,0,true
img_fc64d68cbb5e925a9520__crop_0010,img_fc64d68cbb5e925a9520,img_fc64d68cbb5e925a9520,PN148_PSP_4R_DIV10,calibration,128,256,128,128,0,0,2428,0,true
img_fc64d68cbb5e925a9520__crop_0011,img_fc64d68cbb5e925a9520,img_fc64d68cbb5e925a9520,PN148_PSP_4R_DIV10,calibration,128,384,128,128,232,0,1507,54,true
img_fc64d68cbb5e925a9520__crop_0012,img_fc64d68cbb5e925a9520,img_fc64d68cbb5e925a9520,PN148_PSP_4R_DIV10,calibration,128,512,128,128,2034,0,0,590,true
img_fc64d68cbb5e925a9520__crop_0013,img_fc64d68cbb5e925a9520,img_fc64d68cbb5e925a9520,PN148_PSP_4R_DIV10,calibration,128,640,128,128,516,0,221,142,true
img_fc64d68cbb5e925a9520__crop_0014,img_fc64d68cbb5e925a9520,img_fc64d68cbb5e925a9520,PN148_PSP_4R_DIV10,calibration,128,768,128,128,0,0,1450,0,true
img_fc64d68cbb5e925a9520__crop_0015,img_fc64d68cbb5e925a9520,img_fc64d68cbb5e925a9520,PN148_PSP_4R_DIV10,calibration,128,896,128,128,0,0,2424,0,true
img_fc64d68cbb5e925a9520__crop_0016,img_fc64d68cbb5e925a9520,img_fc64d68cbb5e925a9520,PN148_PSP_4R_DIV10,calibration,256,0,128,128,0,0,0,0,true
img_fc64d68cbb5e925a9520__crop_0017,img_fc64d68cbb5e925a9520,img_fc64d68cbb5e925a9520,PN148_PSP_4R_DIV10,calibration,256,128,128,128,0,0,1484,0,true
img_fc64d68cbb5e925a9520__crop_0018,img_fc64d68cbb5e925a9520,img_fc64d68cbb5e925a9520,PN148_PSP_4R_DIV10,calibration,256,256,128,128,0,0,2208,0,true
img_fc64d68cbb5e925a9520__crop_0019,img_fc64d68cbb5e925a9520,img_fc64d68cbb5e925a9520,PN148_PSP_4R_DIV10,calibration,256,384,128,128,1954,0,1570,580,true
img_fc64d68cbb5e925a9520__crop_0020,img_fc64d68cbb5e925a9520,img_fc64d68cbb5e925a9520,PN148_PSP_4R_DIV10,calibration,256,512,128,128,2436,0,982,709,true
img_fc64d68cbb5e925a9520__crop_0021,img_fc64d68cbb5e925a9520,img_fc64d68cbb5e925a9520,PN148_PSP_4R_DIV10,calibration,256,640,128,128,1787,0,483,527,true
img_fc64d68cbb5e925a9520__crop_0022,img_fc64d68cbb5e925a9520,img_fc64d68cbb5e925a9520,PN148_PSP_4R_DIV10,calibration,256,768,128,128,14,0,2996,4,true
img_fc64d68cbb5e925a9520__crop_0023,img_fc64d68cbb5e925a9520,img_fc64d68cbb5e925a9520,PN148_PSP_4R_DIV10,calibration,256,896,128,128,0,0,1136,0,true
img_fc64d68cbb5e925a9520__crop_0024,img_fc64d68cbb5e925a9520,img_fc64d68cbb5e925a9520,PN148_PSP_4R_DIV10,calibration,384,0,128,128,0,0,1618,0,true
img_fc64d68cbb5e925a9520__crop_0025,img_fc64d68cbb5e925a9520,img_fc64d68cbb5e925a9520,PN148_PSP_4R_DIV10,calibration,384,128,128,128,0,0,2183,0,true
img_fc64d68cbb5e925a9520__crop_0026,img_fc64d68cbb5e925a9520,img_fc64d68cbb5e925a9520,PN148_PSP_4R_DIV10,calibration,384,256,128,128,566,0,1218,178,true
img_fc64d68cbb5e925a9520__crop_0027,img_fc64d68cbb5e925a9520,img_fc64d68cbb5e925a9520,PN148_PSP_4R_DIV10,calibration,384,384,128,128,940,0,1309,291,true
img_fc64d68cbb5e925a9520__crop_0028,img_fc64d68cbb5e925a9520,img_fc64d68cbb5e925a9520,PN148_PSP_4R_DIV10,calibration,384,512,128,128,1425,0,1949,365,true
img_fc64d68cbb5e925a9520__crop_0029,img_fc64d68cbb5e925a9520,img_fc64d68cbb5e925a9520,PN148_PSP_4R_DIV10,calibration,384,640,128,128,146,0,526,42,true
img_fc64d68cbb5e925a9520__crop_0030,img_fc64d68cbb5e925a9520,img_fc64d68cbb5e925a9520,PN148_PSP_4R_DIV10,calibration,384,768,128,128,243,0,1014,66,true
img_fc64d68cbb5e925a9520__crop_0031,img_fc64d68cbb5e925a9520,img_fc64d68cbb5e925a9520,PN148_PSP_4R_DIV10,calibration,384,896,128,128,0,0,2620,0,true
img_fc64d68cbb5e925a9520__crop_0032,img_fc64d68cbb5e925a9520,img_fc64d68cbb5e925a9520,PN148_PSP_4R_DIV10,calibration,512,0,128,128,0,0,2030,0,true
img_fc64d68cbb5e925a9520__crop_0033,img_fc64d68cbb5e925a9520,img_fc64d68cbb5e925a9520,PN148_PSP_4R_DIV10,calibration,512,128,128,128,575,0,2107,173,true
img_fc64d68cbb5e925a9520__crop_0034,img_fc64d68cbb5e925a9520,img_fc64d68cbb5e925a9520,PN148_PSP_4R_DIV10,calibration,512,256,128,128,1478,0,1813,437,true
img_fc64d68cbb5e925a9520__crop_0035,img_fc64d68cbb5e925a9520,img_fc64d68cbb5e925a9520,PN148_PSP_4R_DIV10,calibration,512,384,128,128,365,0,577,109,true
img_fc64d68cbb5e925a9520__crop_0036,img_fc64d68cbb5e925a9520,img_fc64d68cbb5e925a9520,PN148_PSP_4R_DIV10,calibration,512,512,128,128,1839,0,915,522,true
img_fc64d68cbb5e925a9520__crop_0037,img_fc64d68cbb5e925a9520,img_fc64d68cbb5e925a9520,PN148_PSP_4R_DIV10,calibration,512,640,128,128,603,0,1565,178,true
img_fc64d68cbb5e925a9520__crop_0038,img_fc64d68cbb5e925a9520,img_fc64d68cbb5e925a9520,PN148_PSP_4R_DIV10,calibration,512,768,128,128,430,0,358,125,true
img_fc64d68cbb5e925a9520__crop_0039,img_fc64d68cbb5e925a9520,img_fc64d68cbb5e925a9520,PN148_PSP_4R_DIV10,calibration,512,896,128,128,3,0,63,0,true
img_fc64d68cbb5e925a9520__crop_0040,img_fc64d68cbb5e925a9520,img_fc64d68cbb5e925a9520,PN148_PSP_4R_DIV10,calibration,640,0,128,128,111,0,2047,36,true
img_fc64d68cbb5e925a9520__crop_0041,img_fc64d68cbb5e925a9520,img_fc64d68cbb5e925a9520,PN148_PSP_4R_DIV10,calibration,640,128,128,128,2111,0,1497,439,true
img_fc64d68cbb5e925a9520__crop_0042,img_fc64d68cbb5e925a9520,img_fc64d68cbb5e925a9520,PN148_PSP_4R_DIV10,calibration,640,256,128,128,2109,0,2205,539,true
img_fc64d68cbb5e925a9520__crop_0043,img_fc64d68cbb5e925a9520,img_fc64d68cbb5e925a9520,PN148_PSP_4R_DIV10,calibration,640,384,128,128,771,0,504,241,true
img_fc64d68cbb5e925a9520__crop_0044,img_fc64d68cbb5e925a9520,img_fc64d68cbb5e925a9520,PN148_PSP_4R_DIV10,calibration,640,512,128,128,334,0,324,105,true
img_fc64d68cbb5e925a9520__crop_0045,img_fc64d68cbb5e925a9520,img_fc64d68cbb5e925a9520,PN148_PSP_4R_DIV10,calibration,640,640,128,128,0,0,1531,0,true
img_fc64d68cbb5e925a9520__crop_0046,img_fc64d68cbb5e925a9520,img_fc64d68cbb5e925a9520,PN148_PSP_4R_DIV10,calibration,640,768,128,128,0,0,310,0,true
img_fc64d68cbb5e925a9520__crop_0047,img_fc64d68cbb5e925a9520,img_fc64d68cbb5e925a9520,PN148_PSP_4R_DIV10,calibration,640,896,128,128,0,0,344,0,true
img_fc64d68cbb5e925a9520__crop_0048,img_fc64d68cbb5e925a9520,img_fc64d68cbb5e925a9520,PN148_PSP_4R_DIV10,calibration,768,0,128,128,33,0,1786,12,true
img_fc64d68cbb5e925a9520__crop_0049,img_fc64d68cbb5e925a9520,img_fc64d68cbb5e925a9520,PN148_PSP_4R_DIV10,calibration,768,128,128,128,1096,0,1572,316,true
img_fc64d68cbb5e925a9520__crop_0050,img_fc64d68cbb5e925a9520,img_fc64d68cbb5e925a9520,PN148_PSP_4R_DIV10,calibration,768,256,128,128,603,0,2953,186,true
img_fc64d68cbb5e925a9520__crop_0051,img_fc64d68cbb5e925a9520,img_fc64d68cbb5e925a9520,PN148_PSP_4R_DIV10,calibration,768,384,128,128,474,0,104,141,true
img_fc64d68cbb5e925a9520__crop_0052,img_fc64d68cbb5e925a9520,img_fc64d68cbb5e925a9520,PN148_PSP_4R_DIV10,calibration,768,512,128,128,0,0,416,0,true
img_fc64d68cbb5e925a9520__crop_0053,img_fc64d68cbb5e925a9520,img_fc64d68cbb5e925a9520,PN148_PSP_4R_DIV10,calibration,768,640,128,128,0,0,1090,0,true
img_fc64d68cbb5e925a9520__crop_0054,img_fc64d68cbb5e925a9520,img_fc64d68cbb5e925a9520,PN148_PSP_4R_DIV10,calibration,768,768,128,128,0,0,3110,0,true
img_fc64d68cbb5e925a9520__crop_0055,img_fc64d68cbb5e925a9520,img_fc64d68cbb5e925a9520,PN148_PSP_4R_DIV10,calibration,768,896,128,128,0,0,121,0,true
img_fc64d68cbb5e925a9520__crop_0056,img_fc64d68cbb5e925a9520,img_fc64d68cbb5e925a9520,PN148_PSP_4R_DIV10,calibration,896,0,128,128,0,0,2032,0,true
img_fc64d68cbb5e925a9520__crop_0057,img_fc64d68cbb5e925a9520,img_fc64d68cbb5e925a9520,PN148_PSP_4R_DIV10,calibration,896,128,128,128,550,0,658,159,true
img_fc64d68cbb5e925a9520__crop_0058,img_fc64d68cbb5e925a9520,img_fc64d68cbb5e925a9520,PN148_PSP_4R_DIV10,calibration,896,256,128,128,664,0,147,178,true
img_fc64d68cbb5e925a9520__crop_0059,img_fc64d68cbb5e925a9520,img_fc64d68cbb5e925a9520,PN148_PSP_4R_DIV10,calibration,896,384,128,128,592,0,1424,168,true
img_fc64d68cbb5e925a9520__crop_0060,img_fc64d68cbb5e925a9520,img_fc64d68cbb5e925a9520,PN148_PSP_4R_DIV10,calibration,896,512,128,128,0,0,2097,0,true
img_fc64d68cbb5e925a9520__crop_0061,img_fc64d68cbb5e925a9520,img_fc64d68cbb5e925a9520,PN148_PSP_4R_DIV10,calibration,896,640,128,128,549,0,552,139,true
img_fc64d68cbb5e925a9520__crop_0062,img_fc64d68cbb5e925a9520,img_fc64d68cbb5e925a9520,PN148_PSP_4R_DIV10,calibration,896,768,128,128,0,0,1390,0,true
img_fc64d68cbb5e925a9520__crop_0063,img_fc64d68cbb5e925a9520,img_fc64d68cbb5e925a9520,PN148_PSP_4R_DIV10,calibration,896,896,128,128,0,0,0,0,true
img_e650e1515047a1f7fba6__crop_0000,img_e650e1515047a1f7fba6,img_e650e1515047a1f7fba6,PN148_PSP_4R_DIV10,calibration,0,0,128,128,375,0,4,81,true
img_e650e1515047a1f7fba6__crop_0001,img_e650e1515047a1f7fba6,img_e650e1515047a1f7fba6,PN148_PSP_4R_DIV10,calibration,0,128,128,128,723,0,1166,216,true
img_e650e1515047a1f7fba6__crop_0002,img_e650e1515047a1f7fba6,img_e650e1515047a1f7fba6,PN148_PSP_4R_DIV10,calibration,0,256,128,128,163,0,454,42,true
img_e650e1515047a1f7fba6__crop_0003,img_e650e1515047a1f7fba6,img_e650e1515047a1f7fba6,PN148_PSP_4R_DIV10,calibration,0,384,128,128,0,0,1025,0,true
img_e650e1515047a1f7fba6__crop_0004,img_e650e1515047a1f7fba6,img_e650e1515047a1f7fba6,PN148_PSP_4R_DIV10,calibration,0,512,128,128,0,0,1253,0,true
img_e650e1515047a1f7fba6__crop_0005,img_e650e1515047a1f7fba6,img_e650e1515047a1f7fba6,PN148_PSP_4R_DIV10,calibration,0,640,128,128,0,0,1026,0,true
img_e650e1515047a1f7fba6__crop_0006,img_e650e1515047a1f7fba6,img_e650e1515047a1f7fba6,PN148_PSP_4R_DIV10,calibration,0,768,128,128,0,0,2979,0,true
img_e650e1515047a1f7fba6__crop_0007,img_e650e1515047a1f7fba6,img_e650e1515047a1f7fba6,PN148_PSP_4R_DIV10,calibration,0,896,128,128,0,0,1051,0,true
img_e650e1515047a1f7fba6__crop_0008,img_e650e1515047a1f7fba6,img_e650e1515047a1f7fba6,PN148_PSP_4R_DIV10,calibration,128,0,128,128,4038,0,176,856,true
img_e650e1515047a1f7fba6__crop_0009,img_e650e1515047a1f7fba6,img_e650e1515047a1f7fba6,PN148_PSP_4R_DIV10,calibration,128,128,128,128,1587,0,377,425,true
img_e650e1515047a1f7fba6__crop_0010,img_e650e1515047a1f7fba6,img_e650e1515047a1f7fba6,PN148_PSP_4R_DIV10,calibration,128,256,128,128,880,0,583,244,true
img_e650e1515047a1f7fba6__crop_0011,img_e650e1515047a1f7fba6,img_e650e1515047a1f7fba6,PN148_PSP_4R_DIV10,calibration,128,384,128,128,933,0,1426,273,true
img_e650e1515047a1f7fba6__crop_0012,img_e650e1515047a1f7fba6,img_e650e1515047a1f7fba6,PN148_PSP_4R_DIV10,calibration,128,512,128,128,163,0,46,52,true
img_e650e1515047a1f7fba6__crop_0013,img_e650e1515047a1f7fba6,img_e650e1515047a1f7fba6,PN148_PSP_4R_DIV10,calibration,128,640,128,128,0,0,0,0,true
img_e650e1515047a1f7fba6__crop_0014,img_e650e1515047a1f7fba6,img_e650e1515047a1f7fba6,PN148_PSP_4R_DIV10,calibration,128,768,128,128,0,0,1047,0,true
img_e650e1515047a1f7fba6__crop_0015,img_e650e1515047a1f7fba6,img_e650e1515047a1f7fba6,PN148_PSP_4R_DIV10,calibration,128,896,128,128,0,0,1656,0,true
img_e650e1515047a1f7fba6__crop_0016,img_e650e1515047a1f7fba6,img_e650e1515047a1f7fba6,PN148_PSP_4R_DIV10,calibration,256,0,128,128,2403,0,867,429,true
img_e650e1515047a1f7fba6__crop_0017,img_e650e1515047a1f7fba6,img_e650e1515047a1f7fba6,PN148_PSP_4R_DIV10,calibration,256,128,128,128,2924,0,3798,696,true
img_e650e1515047a1f7fba6__crop_0018,img_e650e1515047a1f7fba6,img_e650e1515047a1f7fba6,PN148_PSP_4R_DIV10,calibration,256,256,128,128,1310,0,647,399,true
img_e650e1515047a1f7fba6__crop_0019,img_e650e1515047a1f7fba6,img_e650e1515047a1f7fba6,PN148_PSP_4R_DIV10,calibration,256,384,128,128,2501,0,1338,788,true
img_e650e1515047a1f7fba6__crop_0020,img_e650e1515047a1f7fba6,img_e650e1515047a1f7fba6,PN148_PSP_4R_DIV10,calibration,256,512,128,128,930,0,155,302,true
img_e650e1515047a1f7fba6__crop_0021,img_e650e1515047a1f7fba6,img_e650e1515047a1f7fba6,PN148_PSP_4R_DIV10,calibration,256,640,128,128,402,0,997,118,true
img_e650e1515047a1f7fba6__crop_0022,img_e650e1515047a1f7fba6,img_e650e1515047a1f7fba6,PN148_PSP_4R_DIV10,calibration,256,768,128,128,0,0,0,0,true
img_e650e1515047a1f7fba6__crop_0023,img_e650e1515047a1f7fba6,img_e650e1515047a1f7fba6,PN148_PSP_4R_DIV10,calibration,256,896,128,128,0,0,1226,0,true
img_e650e1515047a1f7fba6__crop_0024,img_e650e1515047a1f7fba6,img_e650e1515047a1f7fba6,PN148_PSP_4R_DIV10,calibration,384,0,128,128,0,0,2136,0,true
img_e650e1515047a1f7fba6__crop_0025,img_e650e1515047a1f7fba6,img_e650e1515047a1f7fba6,PN148_PSP_4R_DIV10,calibration,384,128,128,128,3123,0,2763,710,true
img_e650e1515047a1f7fba6__crop_0026,img_e650e1515047a1f7fba6,img_e650e1515047a1f7fba6,PN148_PSP_4R_DIV10,calibration,384,256,128,128,1997,0,701,612,true
img_e650e1515047a1f7fba6__crop_0027,img_e650e1515047a1f7fba6,img_e650e1515047a1f7fba6,PN148_PSP_4R_DIV10,calibration,384,384,128,128,2908,0,428,889,true
img_e650e1515047a1f7fba6__crop_0028,img_e650e1515047a1f7fba6,img_e650e1515047a1f7fba6,PN148_PSP_4R_DIV10,calibration,384,512,128,128,1475,0,10,429,true
img_e650e1515047a1f7fba6__crop_0029,img_e650e1515047a1f7fba6,img_e650e1515047a1f7fba6,PN148_PSP_4R_DIV10,calibration,384,640,128,128,3576,0,1683,966,true
img_e650e1515047a1f7fba6__crop_0030,img_e650e1515047a1f7fba6,img_e650e1515047a1f7fba6,PN148_PSP_4R_DIV10,calibration,384,768,128,128,105,0,0,32,true
img_e650e1515047a1f7fba6__crop_0031,img_e650e1515047a1f7fba6,img_e650e1515047a1f7fba6,PN148_PSP_4R_DIV10,calibration,384,896,128,128,0,0,1077,0,true
img_e650e1515047a1f7fba6__crop_0032,img_e650e1515047a1f7fba6,img_e650e1515047a1f7fba6,PN148_PSP_4R_DIV10,calibration,512,0,128,128,0,0,1861,0,true
img_e650e1515047a1f7fba6__crop_0033,img_e650e1515047a1f7fba6,img_e650e1515047a1f7fba6,PN148_PSP_4R_DIV10,calibration,512,128,128,128,362,0,1565,104,true
img_e650e1515047a1f7fba6__crop_0034,img_e650e1515047a1f7fba6,img_e650e1515047a1f7fba6,PN148_PSP_4R_DIV10,calibration,512,256,128,128,1048,0,590,314,true
img_e650e1515047a1f7fba6__crop_0035,img_e650e1515047a1f7fba6,img_e650e1515047a1f7fba6,PN148_PSP_4R_DIV10,calibration,512,384,128,128,1449,0,0,440,true
img_e650e1515047a1f7fba6__crop_0036,img_e650e1515047a1f7fba6,img_e650e1515047a1f7fba6,PN148_PSP_4R_DIV10,calibration,512,512,128,128,848,0,0,260,true
img_e650e1515047a1f7fba6__crop_0037,img_e650e1515047a1f7fba6,img_e650e1515047a1f7fba6,PN148_PSP_4R_DIV10,calibration,512,640,128,128,2764,0,112,862,true
img_e650e1515047a1f7fba6__crop_0038,img_e650e1515047a1f7fba6,img_e650e1515047a1f7fba6,PN148_PSP_4R_DIV10,calibration,512,768,128,128,678,0,411,195,true
img_e650e1515047a1f7fba6__crop_0039,img_e650e1515047a1f7fba6,img_e650e1515047a1f7fba6,PN148_PSP_4R_DIV10,calibration,512,896,128,128,0,0,423,0,true
img_e650e1515047a1f7fba6__crop_0040,img_e650e1515047a1f7fba6,img_e650e1515047a1f7fba6,PN148_PSP_4R_DIV10,calibration,640,0,128,128,0,0,1954,0,true
img_e650e1515047a1f7fba6__crop_0041,img_e650e1515047a1f7fba6,img_e650e1515047a1f7fba6,PN148_PSP_4R_DIV10,calibration,640,128,128,128,1146,0,716,332,true
img_e650e1515047a1f7fba6__crop_0042,img_e650e1515047a1f7fba6,img_e650e1515047a1f7fba6,PN148_PSP_4R_DIV10,calibration,640,256,128,128,1857,0,305,502,true
img_e650e1515047a1f7fba6__crop_0043,img_e650e1515047a1f7fba6,img_e650e1515047a1f7fba6,PN148_PSP_4R_DIV10,calibration,640,384,128,128,826,0,0,262,true
img_e650e1515047a1f7fba6__crop_0044,img_e650e1515047a1f7fba6,img_e650e1515047a1f7fba6,PN148_PSP_4R_DIV10,calibration,640,512,128,128,717,0,0,223,true
img_e650e1515047a1f7fba6__crop_0045,img_e650e1515047a1f7fba6,img_e650e1515047a1f7fba6,PN148_PSP_4R_DIV10,calibration,640,640,128,128,157,0,38,50,true
img_e650e1515047a1f7fba6__crop_0046,img_e650e1515047a1f7fba6,img_e650e1515047a1f7fba6,PN148_PSP_4R_DIV10,calibration,640,768,128,128,76,0,0,17,true
img_e650e1515047a1f7fba6__crop_0047,img_e650e1515047a1f7fba6,img_e650e1515047a1f7fba6,PN148_PSP_4R_DIV10,calibration,640,896,128,128,0,0,1391,0,true
img_e650e1515047a1f7fba6__crop_0048,img_e650e1515047a1f7fba6,img_e650e1515047a1f7fba6,PN148_PSP_4R_DIV10,calibration,768,0,128,128,0,0,1562,0,true
img_e650e1515047a1f7fba6__crop_0049,img_e650e1515047a1f7fba6,img_e650e1515047a1f7fba6,PN148_PSP_4R_DIV10,calibration,768,128,128,128,306,0,1524,72,true
img_e650e1515047a1f7fba6__crop_0050,img_e650e1515047a1f7fba6,img_e650e1515047a1f7fba6,PN148_PSP_4R_DIV10,calibration,768,256,128,128,773,0,0,219,true
img_e650e1515047a1f7fba6__crop_0051,img_e650e1515047a1f7fba6,img_e650e1515047a1f7fba6,PN148_PSP_4R_DIV10,calibration,768,384,128,128,980,0,0,257,true
img_e650e1515047a1f7fba6__crop_0052,img_e650e1515047a1f7fba6,img_e650e1515047a1f7fba6,PN148_PSP_4R_DIV10,calibration,768,512,128,128,864,0,0,270,true
img_e650e1515047a1f7fba6__crop_0053,img_e650e1515047a1f7fba6,img_e650e1515047a1f7fba6,PN148_PSP_4R_DIV10,calibration,768,640,128,128,776,0,655,230,true
img_e650e1515047a1f7fba6__crop_0054,img_e650e1515047a1f7fba6,img_e650e1515047a1f7fba6,PN148_PSP_4R_DIV10,calibration,768,768,128,128,294,0,1326,89,true
img_e650e1515047a1f7fba6__crop_0055,img_e650e1515047a1f7fba6,img_e650e1515047a1f7fba6,PN148_PSP_4R_DIV10,calibration,768,896,128,128,0,0,1884,0,true
img_e650e1515047a1f7fba6__crop_0056,img_e650e1515047a1f7fba6,img_e650e1515047a1f7fba6,PN148_PSP_4R_DIV10,calibration,896,0,128,128,0,0,831,0,true
img_e650e1515047a1f7fba6__crop_0057,img_e650e1515047a1f7fba6,img_e650e1515047a1f7fba6,PN148_PSP_4R_DIV10,calibration,896,128,128,128,0,0,593,0,true
img_e650e1515047a1f7fba6__crop_0058,img_e650e1515047a1f7fba6,img_e650e1515047a1f7fba6,PN148_PSP_4R_DIV10,calibration,896,256,128,128,159,0,0,42,true
img_e650e1515047a1f7fba6__crop_0059,img_e650e1515047a1f7fba6,img_e650e1515047a1f7fba6,PN148_PSP_4R_DIV10,calibration,896,384,128,128,1121,0,0,266,true
img_e650e1515047a1f7fba6__crop_0060,img_e650e1515047a1f7fba6,img_e650e1515047a1f7fba6,PN148_PSP_4R_DIV10,calibration,896,512,128,128,1582,0,0,407,true
img_e650e1515047a1f7fba6__crop_0061,img_e650e1515047a1f7fba6,img_e650e1515047a1f7fba6,PN148_PSP_4R_DIV10,calibration,896,640,128,128,1487,0,1131,426,true
img_e650e1515047a1f7fba6__crop_0062,img_e650e1515047a1f7fba6,img_e650e1515047a1f7fba6,PN148_PSP_4R_DIV10,calibration,896,768,128,128,0,0,2068,0,true
img_e650e1515047a1f7fba6__crop_0063,img_e650e1515047a1f7fba6,img_e650e1515047a1f7fba6,PN148_PSP_4R_DIV10,calibration,896,896,128,128,0,0,2442,0,true
img_0ff9ff110badf4e96c42__crop_0000,img_0ff9ff110badf4e96c42,img_0ff9ff110badf4e96c42,PN148_PSP_4R_DIV05,validation,0,0,128,128,0,0,0,0,true
img_0ff9ff110badf4e96c42__crop_0001,img_0ff9ff110badf4e96c42,img_0ff9ff110badf4e96c42,PN148_PSP_4R_DIV05,validation,0,128,128,128,0,0,0,0,true
img_0ff9ff110badf4e96c42__crop_0002,img_0ff9ff110badf4e96c42,img_0ff9ff110badf4e96c42,PN148_PSP_4R_DIV05,validation,0,256,128,128,0,0,0,0,true
img_0ff9ff110badf4e96c42__crop_0003,img_0ff9ff110badf4e96c42,img_0ff9ff110badf4e96c42,PN148_PSP_4R_DIV05,validation,0,384,128,128,0,0,0,0,true
img_0ff9ff110badf4e96c42__crop_0004,img_0ff9ff110badf4e96c42,img_0ff9ff110badf4e96c42,PN148_PSP_4R_DIV05,validation,0,512,128,128,0,0,0,0,true
img_0ff9ff110badf4e96c42__crop_0005,img_0ff9ff110badf4e96c42,img_0ff9ff110badf4e96c42,PN148_PSP_4R_DIV05,validation,0,640,128,128,0,0,0,0,true
img_0ff9ff110badf4e96c42__crop_0006,img_0ff9ff110badf4e96c42,img_0ff9ff110badf4e96c42,PN148_PSP_4R_DIV05,validation,0,768,128,128,0,0,0,0,true
img_0ff9ff110badf4e96c42__crop_0007,img_0ff9ff110badf4e96c42,img_0ff9ff110badf4e96c42,PN148_PSP_4R_DIV05,validation,0,896,128,128,0,0,0,0,true
img_0ff9ff110badf4e96c42__crop_0008,img_0ff9ff110badf4e96c42,img_0ff9ff110badf4e96c42,PN148_PSP_4R_DIV05,validation,128,0,128,128,0,0,0,0,true
img_0ff9ff110badf4e96c42__crop_0009,img_0ff9ff110badf4e96c42,img_0ff9ff110badf4e96c42,PN148_PSP_4R_DIV05,validation,128,128,128,128,0,0,0,0,true
img_0ff9ff110badf4e96c42__crop_0010,img_0ff9ff110badf4e96c42,img_0ff9ff110badf4e96c42,PN148_PSP_4R_DIV05,validation,128,256,128,128,0,0,0,0,true
img_0ff9ff110badf4e96c42__crop_0011,img_0ff9ff110badf4e96c42,img_0ff9ff110badf4e96c42,PN148_PSP_4R_DIV05,validation,128,384,128,128,941,0,23,272,true
img_0ff9ff110badf4e96c42__crop_0012,img_0ff9ff110badf4e96c42,img_0ff9ff110badf4e96c42,PN148_PSP_4R_DIV05,validation,128,512,128,128,985,0,466,233,true
img_0ff9ff110badf4e96c42__crop_0013,img_0ff9ff110badf4e96c42,img_0ff9ff110badf4e96c42,PN148_PSP_4R_DIV05,validation,128,640,128,128,1399,0,611,342,true
img_0ff9ff110badf4e96c42__crop_0014,img_0ff9ff110badf4e96c42,img_0ff9ff110badf4e96c42,PN148_PSP_4R_DIV05,validation,128,768,128,128,889,0,231,178,true
img_0ff9ff110badf4e96c42__crop_0015,img_0ff9ff110badf4e96c42,img_0ff9ff110badf4e96c42,PN148_PSP_4R_DIV05,validation,128,896,128,128,67,0,0,8,true
img_0ff9ff110badf4e96c42__crop_0016,img_0ff9ff110badf4e96c42,img_0ff9ff110badf4e96c42,PN148_PSP_4R_DIV05,validation,256,0,128,128,0,0,0,0,true
img_0ff9ff110badf4e96c42__crop_0017,img_0ff9ff110badf4e96c42,img_0ff9ff110badf4e96c42,PN148_PSP_4R_DIV05,validation,256,128,128,128,0,0,0,0,true
img_0ff9ff110badf4e96c42__crop_0018,img_0ff9ff110badf4e96c42,img_0ff9ff110badf4e96c42,PN148_PSP_4R_DIV05,validation,256,256,128,128,711,0,1110,124,true
img_0ff9ff110badf4e96c42__crop_0019,img_0ff9ff110badf4e96c42,img_0ff9ff110badf4e96c42,PN148_PSP_4R_DIV05,validation,256,384,128,128,2486,0,6394,472,true
img_0ff9ff110badf4e96c42__crop_0020,img_0ff9ff110badf4e96c42,img_0ff9ff110badf4e96c42,PN148_PSP_4R_DIV05,validation,256,512,128,128,1954,0,5200,386,true
img_0ff9ff110badf4e96c42__crop_0021,img_0ff9ff110badf4e96c42,img_0ff9ff110badf4e96c42,PN148_PSP_4R_DIV05,validation,256,640,128,128,3044,0,6676,615,true
img_0ff9ff110badf4e96c42__crop_0022,img_0ff9ff110badf4e96c42,img_0ff9ff110badf4e96c42,PN148_PSP_4R_DIV05,validation,256,768,128,128,4568,0,5070,591,true
img_0ff9ff110badf4e96c42__crop_0023,img_0ff9ff110badf4e96c42,img_0ff9ff110badf4e96c42,PN148_PSP_4R_DIV05,validation,256,896,128,128,535,0,64,103,true
img_0ff9ff110badf4e96c42__crop_0024,img_0ff9ff110badf4e96c42,img_0ff9ff110badf4e96c42,PN148_PSP_4R_DIV05,validation,384,0,128,128,0,0,0,0,true
img_0ff9ff110badf4e96c42__crop_0025,img_0ff9ff110badf4e96c42,img_0ff9ff110badf4e96c42,PN148_PSP_4R_DIV05,validation,384,128,128,128,0,0,0,0,true
img_0ff9ff110badf4e96c42__crop_0026,img_0ff9ff110badf4e96c42,img_0ff9ff110badf4e96c42,PN148_PSP_4R_DIV05,validation,384,256,128,128,2730,0,2910,566,true
img_0ff9ff110badf4e96c42__crop_0027,img_0ff9ff110badf4e96c42,img_0ff9ff110badf4e96c42,PN148_PSP_4R_DIV05,validation,384,384,128,128,1410,0,5539,200,true
img_0ff9ff110badf4e96c42__crop_0028,img_0ff9ff110badf4e96c42,img_0ff9ff110badf4e96c42,PN148_PSP_4R_DIV05,validation,384,512,128,128,1421,0,4506,343,true
img_0ff9ff110badf4e96c42__crop_0029,img_0ff9ff110badf4e96c42,img_0ff9ff110badf4e96c42,PN148_PSP_4R_DIV05,validation,384,640,128,128,3013,0,1448,856,true
img_0ff9ff110badf4e96c42__crop_0030,img_0ff9ff110badf4e96c42,img_0ff9ff110badf4e96c42,PN148_PSP_4R_DIV05,validation,384,768,128,128,1976,0,1093,426,true
img_0ff9ff110badf4e96c42__crop_0031,img_0ff9ff110badf4e96c42,img_0ff9ff110badf4e96c42,PN148_PSP_4R_DIV05,validation,384,896,128,128,2866,0,181,635,true
img_0ff9ff110badf4e96c42__crop_0032,img_0ff9ff110badf4e96c42,img_0ff9ff110badf4e96c42,PN148_PSP_4R_DIV05,validation,512,0,128,128,0,0,0,0,true
img_0ff9ff110badf4e96c42__crop_0033,img_0ff9ff110badf4e96c42,img_0ff9ff110badf4e96c42,PN148_PSP_4R_DIV05,validation,512,128,128,128,1992,0,404,433,true
img_0ff9ff110badf4e96c42__crop_0034,img_0ff9ff110badf4e96c42,img_0ff9ff110badf4e96c42,PN148_PSP_4R_DIV05,validation,512,256,128,128,3196,0,2460,692,true
img_0ff9ff110badf4e96c42__crop_0035,img_0ff9ff110badf4e96c42,img_0ff9ff110badf4e96c42,PN148_PSP_4R_DIV05,validation,512,384,128,128,2050,0,586,551,true
img_0ff9ff110badf4e96c42__crop_0036,img_0ff9ff110badf4e96c42,img_0ff9ff110badf4e96c42,PN148_PSP_4R_DIV05,validation,512,512,128,128,3189,0,342,824,true
img_0ff9ff110badf4e96c42__crop_0037,img_0ff9ff110badf4e96c42,img_0ff9ff110badf4e96c42,PN148_PSP_4R_DIV05,validation,512,640,128,128,5995,0,456,1068,true
img_0ff9ff110badf4e96c42__crop_0038,img_0ff9ff110badf4e96c42,img_0ff9ff110badf4e96c42,PN148_PSP_4R_DIV05,validation,512,768,128,128,6641,0,921,628,true
img_0ff9ff110badf4e96c42__crop_0039,img_0ff9ff110badf4e96c42,img_0ff9ff110badf4e96c42,PN148_PSP_4R_DIV05,validation,512,896,128,128,6872,0,981,533,true
img_0ff9ff110badf4e96c42__crop_0040,img_0ff9ff110badf4e96c42,img_0ff9ff110badf4e96c42,PN148_PSP_4R_DIV05,validation,640,0,128,128,965,0,94,197,true
img_0ff9ff110badf4e96c42__crop_0041,img_0ff9ff110badf4e96c42,img_0ff9ff110badf4e96c42,PN148_PSP_4R_DIV05,validation,640,128,128,128,1009,0,470,287,true
img_0ff9ff110badf4e96c42__crop_0042,img_0ff9ff110badf4e96c42,img_0ff9ff110badf4e96c42,PN148_PSP_4R_DIV05,validation,640,256,128,128,4072,0,1602,687,true
img_0ff9ff110badf4e96c42__crop_0043,img_0ff9ff110badf4e96c42,img_0ff9ff110badf4e96c42,PN148_PSP_4R_DIV05,validation,640,384,128,128,3885,0,930,632,true
img_0ff9ff110badf4e96c42__crop_0044,img_0ff9ff110badf4e96c42,img_0ff9ff110badf4e96c42,PN148_PSP_4R_DIV05,validation,640,512,128,128,2572,0,562,512,true
img_0ff9ff110badf4e96c42__crop_0045,img_0ff9ff110badf4e96c42,img_0ff9ff110badf4e96c42,PN148_PSP_4R_DIV05,validation,640,640,128,128,4209,0,540,859,true
img_0ff9ff110badf4e96c42__crop_0046,img_0ff9ff110badf4e96c42,img_0ff9ff110badf4e96c42,PN148_PSP_4R_DIV05,validation,640,768,128,128,2435,0,0,605,true
img_0ff9ff110badf4e96c42__crop_0047,img_0ff9ff110badf4e96c42,img_0ff9ff110badf4e96c42,PN148_PSP_4R_DIV05,validation,640,896,128,128,5878,0,0,552,true
img_0ff9ff110badf4e96c42__crop_0048,img_0ff9ff110badf4e96c42,img_0ff9ff110badf4e96c42,PN148_PSP_4R_DIV05,validation,768,0,128,128,241,0,0,56,true
img_0ff9ff110badf4e96c42__crop_0049,img_0ff9ff110badf4e96c42,img_0ff9ff110badf4e96c42,PN148_PSP_4R_DIV05,validation,768,128,128,128,1765,0,0,524,true
img_0ff9ff110badf4e96c42__crop_0050,img_0ff9ff110badf4e96c42,img_0ff9ff110badf4e96c42,PN148_PSP_4R_DIV05,validation,768,256,128,128,2587,0,2025,598,true
img_0ff9ff110badf4e96c42__crop_0051,img_0ff9ff110badf4e96c42,img_0ff9ff110badf4e96c42,PN148_PSP_4R_DIV05,validation,768,384,128,128,4096,0,540,835,true
img_0ff9ff110badf4e96c42__crop_0052,img_0ff9ff110badf4e96c42,img_0ff9ff110badf4e96c42,PN148_PSP_4R_DIV05,validation,768,512,128,128,246,0,0,73,true
img_0ff9ff110badf4e96c42__crop_0053,img_0ff9ff110badf4e96c42,img_0ff9ff110badf4e96c42,PN148_PSP_4R_DIV05,validation,768,640,128,128,307,0,0,69,true
img_0ff9ff110badf4e96c42__crop_0054,img_0ff9ff110badf4e96c42,img_0ff9ff110badf4e96c42,PN148_PSP_4R_DIV05,validation,768,768,128,128,1393,0,0,343,true
img_0ff9ff110badf4e96c42__crop_0055,img_0ff9ff110badf4e96c42,img_0ff9ff110badf4e96c42,PN148_PSP_4R_DIV05,validation,768,896,128,128,5642,0,210,724,true
img_0ff9ff110badf4e96c42__crop_0056,img_0ff9ff110badf4e96c42,img_0ff9ff110badf4e96c42,PN148_PSP_4R_DIV05,validation,896,0,128,128,0,0,0,0,true
img_0ff9ff110badf4e96c42__crop_0057,img_0ff9ff110badf4e96c42,img_0ff9ff110badf4e96c42,PN148_PSP_4R_DIV05,validation,896,128,128,128,224,0,0,54,true
img_0ff9ff110badf4e96c42__crop_0058,img_0ff9ff110badf4e96c42,img_0ff9ff110badf4e96c42,PN148_PSP_4R_DIV05,validation,896,256,128,128,5246,0,432,1045,true
img_0ff9ff110badf4e96c42__crop_0059,img_0ff9ff110badf4e96c42,img_0ff9ff110badf4e96c42,PN148_PSP_4R_DIV05,validation,896,384,128,128,4584,0,624,933,true
img_0ff9ff110badf4e96c42__crop_0060,img_0ff9ff110badf4e96c42,img_0ff9ff110badf4e96c42,PN148_PSP_4R_DIV05,validation,896,512,128,128,2045,0,439,224,true
img_0ff9ff110badf4e96c42__crop_0061,img_0ff9ff110badf4e96c42,img_0ff9ff110badf4e96c42,PN148_PSP_4R_DIV05,validation,896,640,128,128,1915,0,593,328,true
img_0ff9ff110badf4e96c42__crop_0062,img_0ff9ff110badf4e96c42,img_0ff9ff110badf4e96c42,PN148_PSP_4R_DIV05,validation,896,768,128,128,1946,0,0,550,true
img_0ff9ff110badf4e96c42__crop_0063,img_0ff9ff110badf4e96c42,img_0ff9ff110badf4e96c42,PN148_PSP_4R_DIV05,validation,896,896,128,128,816,0,0,130,true
img_5944729f82099124c02e__crop_0000,img_5944729f82099124c02e,img_5944729f82099124c02e,PN148_PSP_4R_DIV07,test,0,0,128,128,0,0,0,0,true
img_5944729f82099124c02e__crop_0001,img_5944729f82099124c02e,img_5944729f82099124c02e,PN148_PSP_4R_DIV07,test,0,128,128,128,0,0,0,0,true
img_5944729f82099124c02e__crop_0002,img_5944729f82099124c02e,img_5944729f82099124c02e,PN148_PSP_4R_DIV07,test,0,256,128,128,0,0,0,0,true
img_5944729f82099124c02e__crop_0003,img_5944729f82099124c02e,img_5944729f82099124c02e,PN148_PSP_4R_DIV07,test,0,384,128,128,0,0,0,0,true
img_5944729f82099124c02e__crop_0004,img_5944729f82099124c02e,img_5944729f82099124c02e,PN148_PSP_4R_DIV07,test,0,512,128,128,0,0,0,0,true
img_5944729f82099124c02e__crop_0005,img_5944729f82099124c02e,img_5944729f82099124c02e,PN148_PSP_4R_DIV07,test,0,640,128,128,0,0,0,0,true
img_5944729f82099124c02e__crop_0006,img_5944729f82099124c02e,img_5944729f82099124c02e,PN148_PSP_4R_DIV07,test,0,768,128,128,0,0,932,0,true
img_5944729f82099124c02e__crop_0007,img_5944729f82099124c02e,img_5944729f82099124c02e,PN148_PSP_4R_DIV07,test,0,896,128,128,0,0,0,0,true
img_5944729f82099124c02e__crop_0008,img_5944729f82099124c02e,img_5944729f82099124c02e,PN148_PSP_4R_DIV07,test,128,0,128,128,0,0,0,0,true
img_5944729f82099124c02e__crop_0009,img_5944729f82099124c02e,img_5944729f82099124c02e,PN148_PSP_4R_DIV07,test,128,128,128,128,0,0,0,0,true
img_5944729f82099124c02e__crop_0010,img_5944729f82099124c02e,img_5944729f82099124c02e,PN148_PSP_4R_DIV07,test,128,256,128,128,1170,0,465,333,true
img_5944729f82099124c02e__crop_0011,img_5944729f82099124c02e,img_5944729f82099124c02e,PN148_PSP_4R_DIV07,test,128,384,128,128,1551,0,543,448,true
img_5944729f82099124c02e__crop_0012,img_5944729f82099124c02e,img_5944729f82099124c02e,PN148_PSP_4R_DIV07,test,128,512,128,128,531,0,1051,151,true
img_5944729f82099124c02e__crop_0013,img_5944729f82099124c02e,img_5944729f82099124c02e,PN148_PSP_4R_DIV07,test,128,640,128,128,0,0,0,0,true
img_5944729f82099124c02e__crop_0014,img_5944729f82099124c02e,img_5944729f82099124c02e,PN148_PSP_4R_DIV07,test,128,768,128,128,0,0,884,0,true
img_5944729f82099124c02e__crop_0015,img_5944729f82099124c02e,img_5944729f82099124c02e,PN148_PSP_4R_DIV07,test,128,896,128,128,0,0,659,0,true
img_5944729f82099124c02e__crop_0016,img_5944729f82099124c02e,img_5944729f82099124c02e,PN148_PSP_4R_DIV07,test,256,0,128,128,0,0,0,0,true
img_5944729f82099124c02e__crop_0017,img_5944729f82099124c02e,img_5944729f82099124c02e,PN148_PSP_4R_DIV07,test,256,128,128,128,400,0,135,122,true
img_5944729f82099124c02e__crop_0018,img_5944729f82099124c02e,img_5944729f82099124c02e,PN148_PSP_4R_DIV07,test,256,256,128,128,506,0,495,120,true
img_5944729f82099124c02e__crop_0019,img_5944729f82099124c02e,img_5944729f82099124c02e,PN148_PSP_4R_DIV07,test,256,384,128,128,1645,0,911,428,true
img_5944729f82099124c02e__crop_0020,img_5944729f82099124c02e,img_5944729f82099124c02e,PN148_PSP_4R_DIV07,test,256,512,128,128,1294,0,1262,364,true
img_5944729f82099124c02e__crop_0021,img_5944729f82099124c02e,img_5944729f82099124c02e,PN148_PSP_4R_DIV07,test,256,640,128,128,114,0,323,22,true
img_5944729f82099124c02e__crop_0022,img_5944729f82099124c02e,img_5944729f82099124c02e,PN148_PSP_4R_DIV07,test,256,768,128,128,0,0,413,0,true
img_5944729f82099124c02e__crop_0023,img_5944729f82099124c02e,img_5944729f82099124c02e,PN148_PSP_4R_DIV07,test,256,896,128,128,0,0,1147,0,true
img_5944729f82099124c02e__crop_0024,img_5944729f82099124c02e,img_5944729f82099124c02e,PN148_PSP_4R_DIV07,test,384,0,128,128,0,0,0,0,true
img_5944729f82099124c02e__crop_0025,img_5944729f82099124c02e,img_5944729f82099124c02e,PN148_PSP_4R_DIV07,test,384,128,128,128,783,0,0,242,true
img_5944729f82099124c02e__crop_0026,img_5944729f82099124c02e,img_5944729f82099124c02e,PN148_PSP_4R_DIV07,test,384,256,128,128,35,0,41,6,true
img_5944729f82099124c02e__crop_0027,img_5944729f82099124c02e,img_5944729f82099124c02e,PN148_PSP_4R_DIV07,test,384,384,128,128,1566,0,516,405,true
img_5944729f82099124c02e__crop_0028,img_5944729f82099124c02e,img_5944729f82099124c02e,PN148_PSP_4R_DIV07,test,384,512,128,128,2284,0,335,538,true
img_5944729f82099124c02e__crop_0029,img_5944729f82099124c02e,img_5944729f82099124c02e,PN148_PSP_4R_DIV07,test,384,640,128,128,1662,0,366,510,true
img_5944729f82099124c02e__crop_0030,img_5944729f82099124c02e,img_5944729f82099124c02e,PN148_PSP_4R_DIV07,test,384,768,128,128,1067,0,127,262,true
img_5944729f82099124c02e__crop_0031,img_5944729f82099124c02e,img_5944729f82099124c02e,PN148_PSP_4R_DIV07,test,384,896,128,128,0,0,0,0,true
img_5944729f82099124c02e__crop_0032,img_5944729f82099124c02e,img_5944729f82099124c02e,PN148_PSP_4R_DIV07,test,512,0,128,128,0,0,0,0,true
img_5944729f82099124c02e__crop_0033,img_5944729f82099124c02e,img_5944729f82099124c02e,PN148_PSP_4R_DIV07,test,512,128,128,128,1900,0,0,593,true
img_5944729f82099124c02e__crop_0034,img_5944729f82099124c02e,img_5944729f82099124c02e,PN148_PSP_4R_DIV07,test,512,256,128,128,47,0,0,18,true
img_5944729f82099124c02e__crop_0035,img_5944729f82099124c02e,img_5944729f82099124c02e,PN148_PSP_4R_DIV07,test,512,384,128,128,8,0,89,1,true
img_5944729f82099124c02e__crop_0036,img_5944729f82099124c02e,img_5944729f82099124c02e,PN148_PSP_4R_DIV07,test,512,512,128,128,2119,0,573,636,true
img_5944729f82099124c02e__crop_0037,img_5944729f82099124c02e,img_5944729f82099124c02e,PN148_PSP_4R_DIV07,test,512,640,128,128,2664,0,1236,805,true
img_5944729f82099124c02e__crop_0038,img_5944729f82099124c02e,img_5944729f82099124c02e,PN148_PSP_4R_DIV07,test,512,768,128,128,1777,0,770,531,true
img_5944729f82099124c02e__crop_0039,img_5944729f82099124c02e,img_5944729f82099124c02e,PN148_PSP_4R_DIV07,test,512,896,128,128,0,0,308,0,true
img_5944729f82099124c02e__crop_0040,img_5944729f82099124c02e,img_5944729f82099124c02e,PN148_PSP_4R_DIV07,test,640,0,128,128,0,0,0,0,true
img_5944729f82099124c02e__crop_0041,img_5944729f82099124c02e,img_5944729f82099124c02e,PN148_PSP_4R_DIV07,test,640,128,128,128,748,0,894,221,true
img_5944729f82099124c02e__crop_0042,img_5944729f82099124c02e,img_5944729f82099124c02e,PN148_PSP_4R_DIV07,test,640,256,128,128,0,0,0,0,true
img_5944729f82099124c02e__crop_0043,img_5944729f82099124c02e,img_5944729f82099124c02e,PN148_PSP_4R_DIV07,test,640,384,128,128,48,0,333,14,true
img_5944729f82099124c02e__crop_0044,img_5944729f82099124c02e,img_5944729f82099124c02e,PN148_PSP_4R_DIV07,test,640,512,128,128,654,0,548,190,true
img_5944729f82099124c02e__crop_0045,img_5944729f82099124c02e,img_5944729f82099124c02e,PN148_PSP_4R_DIV07,test,640,640,128,128,651,0,571,195,true
img_5944729f82099124c02e__crop_0046,img_5944729f82099124c02e,img_5944729f82099124c02e,PN148_PSP_4R_DIV07,test,640,768,128,128,454,0,1139,138,true
img_5944729f82099124c02e__crop_0047,img_5944729f82099124c02e,img_5944729f82099124c02e,PN148_PSP_4R_DIV07,test,640,896,128,128,0,0,1434,0,true
img_5944729f82099124c02e__crop_0048,img_5944729f82099124c02e,img_5944729f82099124c02e,PN148_PSP_4R_DIV07,test,768,0,128,128,631,0,0,177,true
img_5944729f82099124c02e__crop_0049,img_5944729f82099124c02e,img_5944729f82099124c02e,PN148_PSP_4R_DIV07,test,768,128,128,128,410,0,277,134,true
img_5944729f82099124c02e__crop_0050,img_5944729f82099124c02e,img_5944729f82099124c02e,PN148_PSP_4R_DIV07,test,768,256,128,128,1503,0,67,372,true
img_5944729f82099124c02e__crop_0051,img_5944729f82099124c02e,img_5944729f82099124c02e,PN148_PSP_4R_DIV07,test,768,384,128,128,2046,0,690,461,true
img_5944729f82099124c02e__crop_0052,img_5944729f82099124c02e,img_5944729f82099124c02e,PN148_PSP_4R_DIV07,test,768,512,128,128,725,0,92,211,true
img_5944729f82099124c02e__crop_0053,img_5944729f82099124c02e,img_5944729f82099124c02e,PN148_PSP_4R_DIV07,test,768,640,128,128,582,0,0,193,true
img_5944729f82099124c02e__crop_0054,img_5944729f82099124c02e,img_5944729f82099124c02e,PN148_PSP_4R_DIV07,test,768,768,128,128,0,0,598,0,true
img_5944729f82099124c02e__crop_0055,img_5944729f82099124c02e,img_5944729f82099124c02e,PN148_PSP_4R_DIV07,test,768,896,128,128,0,0,1199,0,true
img_5944729f82099124c02e__crop_0056,img_5944729f82099124c02e,img_5944729f82099124c02e,PN148_PSP_4R_DIV07,test,896,0,128,128,0,0,0,0,true
img_5944729f82099124c02e__crop_0057,img_5944729f82099124c02e,img_5944729f82099124c02e,PN148_PSP_4R_DIV07,test,896,128,128,128,0,0,0,0,true
img_5944729f82099124c02e__crop_0058,img_5944729f82099124c02e,img_5944729f82099124c02e,PN148_PSP_4R_DIV07,test,896,256,128,128,0,0,23,0,true
img_5944729f82099124c02e__crop_0059,img_5944729f82099124c02e,img_5944729f82099124c02e,PN148_PSP_4R_DIV07,test,896,384,128,128,0,0,1083,0,true
img_5944729f82099124c02e__crop_0060,img_5944729f82099124c02e,img_5944729f82099124c02e,PN148_PSP_4R_DIV07,test,896,512,128,128,0,0,1498,0,true
img_5944729f82099124c02e__crop_0061,img_5944729f82099124c02e,img_5944729f82099124c02e,PN148_PSP_4R_DIV07,test,896,640,128,128,0,0,664,0,true
img_5944729f82099124c02e__crop_0062,img_5944729f82099124c02e,img_5944729f82099124c02e,PN148_PSP_4R_DIV07,test,896,768,128,128,0,0,1996,0,true
img_5944729f82099124c02e__crop_0063,img_5944729f82099124c02e,img_5944729f82099124c02e,PN148_PSP_4R_DIV07,test,896,896,128,128,0,0,987,0,true
img_dbc03c8686e895b07076__crop_0000,img_dbc03c8686e895b07076,img_dbc03c8686e895b07076,PN151_CBD_4R_DIV05,validation,0,0,128,128,0,0,0,0,true
img_dbc03c8686e895b07076__crop_0001,img_dbc03c8686e895b07076,img_dbc03c8686e895b07076,PN151_CBD_4R_DIV05,validation,0,128,128,128,509,0,62,155,true
img_dbc03c8686e895b07076__crop_0002,img_dbc03c8686e895b07076,img_dbc03c8686e895b07076,PN151_CBD_4R_DIV05,validation,0,256,128,128,668,0,0,206,true
img_dbc03c8686e895b07076__crop_0003,img_dbc03c8686e895b07076,img_dbc03c8686e895b07076,PN151_CBD_4R_DIV05,validation,0,384,128,128,137,0,0,39,true
img_dbc03c8686e895b07076__crop_0004,img_dbc03c8686e895b07076,img_dbc03c8686e895b07076,PN151_CBD_4R_DIV05,validation,0,512,128,128,0,0,0,0,true
img_dbc03c8686e895b07076__crop_0005,img_dbc03c8686e895b07076,img_dbc03c8686e895b07076,PN151_CBD_4R_DIV05,validation,0,640,128,128,0,0,0,0,true
img_dbc03c8686e895b07076__crop_0006,img_dbc03c8686e895b07076,img_dbc03c8686e895b07076,PN151_CBD_4R_DIV05,validation,0,768,128,128,0,0,0,0,true
img_dbc03c8686e895b07076__crop_0007,img_dbc03c8686e895b07076,img_dbc03c8686e895b07076,PN151_CBD_4R_DIV05,validation,0,896,128,128,0,0,0,0,true
img_dbc03c8686e895b07076__crop_0008,img_dbc03c8686e895b07076,img_dbc03c8686e895b07076,PN151_CBD_4R_DIV05,validation,128,0,128,128,0,0,0,0,true
img_dbc03c8686e895b07076__crop_0009,img_dbc03c8686e895b07076,img_dbc03c8686e895b07076,PN151_CBD_4R_DIV05,validation,128,128,128,128,0,0,5,0,true
img_dbc03c8686e895b07076__crop_0010,img_dbc03c8686e895b07076,img_dbc03c8686e895b07076,PN151_CBD_4R_DIV05,validation,128,256,128,128,1883,0,437,563,true
img_dbc03c8686e895b07076__crop_0011,img_dbc03c8686e895b07076,img_dbc03c8686e895b07076,PN151_CBD_4R_DIV05,validation,128,384,128,128,1792,0,878,495,true
img_dbc03c8686e895b07076__crop_0012,img_dbc03c8686e895b07076,img_dbc03c8686e895b07076,PN151_CBD_4R_DIV05,validation,128,512,128,128,228,0,0,76,true
img_dbc03c8686e895b07076__crop_0013,img_dbc03c8686e895b07076,img_dbc03c8686e895b07076,PN151_CBD_4R_DIV05,validation,128,640,128,128,0,0,0,0,true
img_dbc03c8686e895b07076__crop_0014,img_dbc03c8686e895b07076,img_dbc03c8686e895b07076,PN151_CBD_4R_DIV05,validation,128,768,128,128,0,0,0,0,true
img_dbc03c8686e895b07076__crop_0015,img_dbc03c8686e895b07076,img_dbc03c8686e895b07076,PN151_CBD_4R_DIV05,validation,128,896,128,128,0,0,0,0,true
img_dbc03c8686e895b07076__crop_0016,img_dbc03c8686e895b07076,img_dbc03c8686e895b07076,PN151_CBD_4R_DIV05,validation,256,0,128,128,0,0,0,0,true
img_dbc03c8686e895b07076__crop_0017,img_dbc03c8686e895b07076,img_dbc03c8686e895b07076,PN151_CBD_4R_DIV05,validation,256,128,128,128,0,0,0,0,true
img_dbc03c8686e895b07076__crop_0018,img_dbc03c8686e895b07076,img_dbc03c8686e895b07076,PN151_CBD_4R_DIV05,validation,256,256,128,128,1826,0,687,473,true
img_dbc03c8686e895b07076__crop_0019,img_dbc03c8686e895b07076,img_dbc03c8686e895b07076,PN151_CBD_4R_DIV05,validation,256,384,128,128,1658,0,315,474,true
img_dbc03c8686e895b07076__crop_0020,img_dbc03c8686e895b07076,img_dbc03c8686e895b07076,PN151_CBD_4R_DIV05,validation,256,512,128,128,1782,0,0,311,true
img_dbc03c8686e895b07076__crop_0021,img_dbc03c8686e895b07076,img_dbc03c8686e895b07076,PN151_CBD_4R_DIV05,validation,256,640,128,128,947,0,635,227,true
img_dbc03c8686e895b07076__crop_0022,img_dbc03c8686e895b07076,img_dbc03c8686e895b07076,PN151_CBD_4R_DIV05,validation,256,768,128,128,0,0,0,0,true
img_dbc03c8686e895b07076__crop_0023,img_dbc03c8686e895b07076,img_dbc03c8686e895b07076,PN151_CBD_4R_DIV05,validation,256,896,128,128,0,0,0,0,true
img_dbc03c8686e895b07076__crop_0024,img_dbc03c8686e895b07076,img_dbc03c8686e895b07076,PN151_CBD_4R_DIV05,validation,384,0,128,128,0,0,0,0,true
img_dbc03c8686e895b07076__crop_0025,img_dbc03c8686e895b07076,img_dbc03c8686e895b07076,PN151_CBD_4R_DIV05,validation,384,128,128,128,252,0,117,64,true
img_dbc03c8686e895b07076__crop_0026,img_dbc03c8686e895b07076,img_dbc03c8686e895b07076,PN151_CBD_4R_DIV05,validation,384,256,128,128,3273,0,734,915,true
img_dbc03c8686e895b07076__crop_0027,img_dbc03c8686e895b07076,img_dbc03c8686e895b07076,PN151_CBD_4R_DIV05,validation,384,384,128,128,855,0,1920,239,true
img_dbc03c8686e895b07076__crop_0028,img_dbc03c8686e895b07076,img_dbc03c8686e895b07076,PN151_CBD_4R_DIV05,validation,384,512,128,128,471,0,591,137,true
img_dbc03c8686e895b07076__crop_0029,img_dbc03c8686e895b07076,img_dbc03c8686e895b07076,PN151_CBD_4R_DIV05,validation,384,640,128,128,1241,0,105,382,true
img_dbc03c8686e895b07076__crop_0030,img_dbc03c8686e895b07076,img_dbc03c8686e895b07076,PN151_CBD_4R_DIV05,validation,384,768,128,128,180,0,0,48,true
img_dbc03c8686e895b07076__crop_0031,img_dbc03c8686e895b07076,img_dbc03c8686e895b07076,PN151_CBD_4R_DIV05,validation,384,896,128,128,0,0,0,0,true
img_dbc03c8686e895b07076__crop_0032,img_dbc03c8686e895b07076,img_dbc03c8686e895b07076,PN151_CBD_4R_DIV05,validation,512,0,128,128,0,0,0,0,true
img_dbc03c8686e895b07076__crop_0033,img_dbc03c8686e895b07076,img_dbc03c8686e895b07076,PN151_CBD_4R_DIV05,validation,512,128,128,128,36,0,439,11,true
img_dbc03c8686e895b07076__crop_0034,img_dbc03c8686e895b07076,img_dbc03c8686e895b07076,PN151_CBD_4R_DIV05,validation,512,256,128,128,2317,0,1204,654,true
img_dbc03c8686e895b07076__crop_0035,img_dbc03c8686e895b07076,img_dbc03c8686e895b07076,PN151_CBD_4R_DIV05,validation,512,384,128,128,535,0,55,148,true
img_dbc03c8686e895b07076__crop_0036,img_dbc03c8686e895b07076,img_dbc03c8686e895b07076,PN151_CBD_4R_DIV05,validation,512,512,128,128,0,0,0,0,true
img_dbc03c8686e895b07076__crop_0037,img_dbc03c8686e895b07076,img_dbc03c8686e895b07076,PN151_CBD_4R_DIV05,validation,512,640,128,128,17,0,0,1,true
img_dbc03c8686e895b07076__crop_0038,img_dbc03c8686e895b07076,img_dbc03c8686e895b07076,PN151_CBD_4R_DIV05,validation,512,768,128,128,148,0,127,40,true
img_dbc03c8686e895b07076__crop_0039,img_dbc03c8686e895b07076,img_dbc03c8686e895b07076,PN151_CBD_4R_DIV05,validation,512,896,128,128,0,0,0,0,true
img_dbc03c8686e895b07076__crop_0040,img_dbc03c8686e895b07076,img_dbc03c8686e895b07076,PN151_CBD_4R_DIV05,validation,640,0,128,128,0,0,0,0,true
img_dbc03c8686e895b07076__crop_0041,img_dbc03c8686e895b07076,img_dbc03c8686e895b07076,PN151_CBD_4R_DIV05,validation,640,128,128,128,0,0,0,0,true
img_dbc03c8686e895b07076__crop_0042,img_dbc03c8686e895b07076,img_dbc03c8686e895b07076,PN151_CBD_4R_DIV05,validation,640,256,128,128,871,0,66,281,true
img_dbc03c8686e895b07076__crop_0043,img_dbc03c8686e895b07076,img_dbc03c8686e895b07076,PN151_CBD_4R_DIV05,validation,640,384,128,128,115,0,475,30,true
img_dbc03c8686e895b07076__crop_0044,img_dbc03c8686e895b07076,img_dbc03c8686e895b07076,PN151_CBD_4R_DIV05,validation,640,512,128,128,0,0,0,0,true
img_dbc03c8686e895b07076__crop_0045,img_dbc03c8686e895b07076,img_dbc03c8686e895b07076,PN151_CBD_4R_DIV05,validation,640,640,128,128,306,0,0,69,true
img_dbc03c8686e895b07076__crop_0046,img_dbc03c8686e895b07076,img_dbc03c8686e895b07076,PN151_CBD_4R_DIV05,validation,640,768,128,128,659,0,109,160,true
img_dbc03c8686e895b07076__crop_0047,img_dbc03c8686e895b07076,img_dbc03c8686e895b07076,PN151_CBD_4R_DIV05,validation,640,896,128,128,0,0,0,0,true
img_dbc03c8686e895b07076__crop_0048,img_dbc03c8686e895b07076,img_dbc03c8686e895b07076,PN151_CBD_4R_DIV05,validation,768,0,128,128,0,0,0,0,true
img_dbc03c8686e895b07076__crop_0049,img_dbc03c8686e895b07076,img_dbc03c8686e895b07076,PN151_CBD_4R_DIV05,validation,768,128,128,128,0,0,0,0,true
img_dbc03c8686e895b07076__crop_0050,img_dbc03c8686e895b07076,img_dbc03c8686e895b07076,PN151_CBD_4R_DIV05,validation,768,256,128,128,134,0,398,44,true
img_dbc03c8686e895b07076__crop_0051,img_dbc03c8686e895b07076,img_dbc03c8686e895b07076,PN151_CBD_4R_DIV05,validation,768,384,128,128,995,0,45,320,true
img_dbc03c8686e895b07076__crop_0052,img_dbc03c8686e895b07076,img_dbc03c8686e895b07076,PN151_CBD_4R_DIV05,validation,768,512,128,128,293,0,203,75,true
img_dbc03c8686e895b07076__crop_0053,img_dbc03c8686e895b07076,img_dbc03c8686e895b07076,PN151_CBD_4R_DIV05,validation,768,640,128,128,634,0,162,188,true
img_dbc03c8686e895b07076__crop_0054,img_dbc03c8686e895b07076,img_dbc03c8686e895b07076,PN151_CBD_4R_DIV05,validation,768,768,128,128,331,0,0,97,true
img_dbc03c8686e895b07076__crop_0055,img_dbc03c8686e895b07076,img_dbc03c8686e895b07076,PN151_CBD_4R_DIV05,validation,768,896,128,128,0,0,0,0,true
img_dbc03c8686e895b07076__crop_0056,img_dbc03c8686e895b07076,img_dbc03c8686e895b07076,PN151_CBD_4R_DIV05,validation,896,0,128,128,0,0,0,0,true
img_dbc03c8686e895b07076__crop_0057,img_dbc03c8686e895b07076,img_dbc03c8686e895b07076,PN151_CBD_4R_DIV05,validation,896,128,128,128,0,0,0,0,true
img_dbc03c8686e895b07076__crop_0058,img_dbc03c8686e895b07076,img_dbc03c8686e895b07076,PN151_CBD_4R_DIV05,validation,896,256,128,128,0,0,0,0,true
img_dbc03c8686e895b07076__crop_0059,img_dbc03c8686e895b07076,img_dbc03c8686e895b07076,PN151_CBD_4R_DIV05,validation,896,384,128,128,0,0,0,0,true
img_dbc03c8686e895b07076__crop_0060,img_dbc03c8686e895b07076,img_dbc03c8686e895b07076,PN151_CBD_4R_DIV05,validation,896,512,128,128,37,0,68,17,true
img_dbc03c8686e895b07076__crop_0061,img_dbc03c8686e895b07076,img_dbc03c8686e895b07076,PN151_CBD_4R_DIV05,validation,896,640,128,128,113,0,346,33,true
img_dbc03c8686e895b07076__crop_0062,img_dbc03c8686e895b07076,img_dbc03c8686e895b07076,PN151_CBD_4R_DIV05,validation,896,768,128,128,0,0,0,0,true
img_dbc03c8686e895b07076__crop_0063,img_dbc03c8686e895b07076,img_dbc03c8686e895b07076,PN151_CBD_4R_DIV05,validation,896,896,128,128,0,0,0,0,true
img_6f74505ed1336fe0eb30__crop_0000,img_6f74505ed1336fe0eb30,img_6f74505ed1336fe0eb30,PN151_CBD_4R_DIV05,validation,0,0,128,128,0,0,0,0,true
img_6f74505ed1336fe0eb30__crop_0001,img_6f74505ed1336fe0eb30,img_6f74505ed1336fe0eb30,PN151_CBD_4R_DIV05,validation,0,128,128,128,0,0,0,0,true
img_6f74505ed1336fe0eb30__crop_0002,img_6f74505ed1336fe0eb30,img_6f74505ed1336fe0eb30,PN151_CBD_4R_DIV05,validation,0,256,128,128,0,0,0,0,true
img_6f74505ed1336fe0eb30__crop_0003,img_6f74505ed1336fe0eb30,img_6f74505ed1336fe0eb30,PN151_CBD_4R_DIV05,validation,0,384,128,128,0,0,0,0,true
img_6f74505ed1336fe0eb30__crop_0004,img_6f74505ed1336fe0eb30,img_6f74505ed1336fe0eb30,PN151_CBD_4R_DIV05,validation,0,512,128,128,0,0,0,0,true
img_6f74505ed1336fe0eb30__crop_0005,img_6f74505ed1336fe0eb30,img_6f74505ed1336fe0eb30,PN151_CBD_4R_DIV05,validation,0,640,128,128,191,0,0,42,true
img_6f74505ed1336fe0eb30__crop_0006,img_6f74505ed1336fe0eb30,img_6f74505ed1336fe0eb30,PN151_CBD_4R_DIV05,validation,0,768,128,128,0,0,0,0,true
img_6f74505ed1336fe0eb30__crop_0007,img_6f74505ed1336fe0eb30,img_6f74505ed1336fe0eb30,PN151_CBD_4R_DIV05,validation,0,896,128,128,0,0,0,0,true
img_6f74505ed1336fe0eb30__crop_0008,img_6f74505ed1336fe0eb30,img_6f74505ed1336fe0eb30,PN151_CBD_4R_DIV05,validation,128,0,128,128,0,0,0,0,true
img_6f74505ed1336fe0eb30__crop_0009,img_6f74505ed1336fe0eb30,img_6f74505ed1336fe0eb30,PN151_CBD_4R_DIV05,validation,128,128,128,128,0,0,0,0,true
img_6f74505ed1336fe0eb30__crop_0010,img_6f74505ed1336fe0eb30,img_6f74505ed1336fe0eb30,PN151_CBD_4R_DIV05,validation,128,256,128,128,0,0,0,0,true
img_6f74505ed1336fe0eb30__crop_0011,img_6f74505ed1336fe0eb30,img_6f74505ed1336fe0eb30,PN151_CBD_4R_DIV05,validation,128,384,128,128,0,0,0,0,true
img_6f74505ed1336fe0eb30__crop_0012,img_6f74505ed1336fe0eb30,img_6f74505ed1336fe0eb30,PN151_CBD_4R_DIV05,validation,128,512,128,128,248,0,0,73,true
img_6f74505ed1336fe0eb30__crop_0013,img_6f74505ed1336fe0eb30,img_6f74505ed1336fe0eb30,PN151_CBD_4R_DIV05,validation,128,640,128,128,732,0,0,161,true
img_6f74505ed1336fe0eb30__crop_0014,img_6f74505ed1336fe0eb30,img_6f74505ed1336fe0eb30,PN151_CBD_4R_DIV05,validation,128,768,128,128,0,0,0,0,true
img_6f74505ed1336fe0eb30__crop_0015,img_6f74505ed1336fe0eb30,img_6f74505ed1336fe0eb30,PN151_CBD_4R_DIV05,validation,128,896,128,128,0,0,0,0,true
img_6f74505ed1336fe0eb30__crop_0016,img_6f74505ed1336fe0eb30,img_6f74505ed1336fe0eb30,PN151_CBD_4R_DIV05,validation,256,0,128,128,0,0,0,0,true
img_6f74505ed1336fe0eb30__crop_0017,img_6f74505ed1336fe0eb30,img_6f74505ed1336fe0eb30,PN151_CBD_4R_DIV05,validation,256,128,128,128,464,0,0,154,true
img_6f74505ed1336fe0eb30__crop_0018,img_6f74505ed1336fe0eb30,img_6f74505ed1336fe0eb30,PN151_CBD_4R_DIV05,validation,256,256,128,128,208,0,0,52,true
img_6f74505ed1336fe0eb30__crop_0019,img_6f74505ed1336fe0eb30,img_6f74505ed1336fe0eb30,PN151_CBD_4R_DIV05,validation,256,384,128,128,1909,0,379,549,true
img_6f74505ed1336fe0eb30__crop_0020,img_6f74505ed1336fe0eb30,img_6f74505ed1336fe0eb30,PN151_CBD_4R_DIV05,validation,256,512,128,128,1917,0,236,602,true
img_6f74505ed1336fe0eb30__crop_0021,img_6f74505ed1336fe0eb30,img_6f74505ed1336fe0eb30,PN151_CBD_4R_DIV05,validation,256,640,128,128,858,0,206,195,true
img_6f74505ed1336fe0eb30__crop_0022,img_6f74505ed1336fe0eb30,img_6f74505ed1336fe0eb30,PN151_CBD_4R_DIV05,validation,256,768,128,128,273,0,0,85,true
img_6f74505ed1336fe0eb30__crop_0023,img_6f74505ed1336fe0eb30,img_6f74505ed1336fe0eb30,PN151_CBD_4R_DIV05,validation,256,896,128,128,0,0,0,0,true
img_6f74505ed1336fe0eb30__crop_0024,img_6f74505ed1336fe0eb30,img_6f74505ed1336fe0eb30,PN151_CBD_4R_DIV05,validation,384,0,128,128,306,0,93,92,true
img_6f74505ed1336fe0eb30__crop_0025,img_6f74505ed1336fe0eb30,img_6f74505ed1336fe0eb30,PN151_CBD_4R_DIV05,validation,384,128,128,128,2411,0,135,619,true
img_6f74505ed1336fe0eb30__crop_0026,img_6f74505ed1336fe0eb30,img_6f74505ed1336fe0eb30,PN151_CBD_4R_DIV05,validation,384,256,128,128,947,0,1480,300,true
img_6f74505ed1336fe0eb30__crop_0027,img_6f74505ed1336fe0eb30,img_6f74505ed1336fe0eb30,PN151_CBD_4R_DIV05,validation,384,384,128,128,1001,0,1000,249,true
img_6f74505ed1336fe0eb30__crop_0028,img_6f74505ed1336fe0eb30,img_6f74505ed1336fe0eb30,PN151_CBD_4R_DIV05,validation,384,512,128,128,714,0,20,224,true
img_6f74505ed1336fe0eb30__crop_0029,img_6f74505ed1336fe0eb30,img_6f74505ed1336fe0eb30,PN151_CBD_4R_DIV05,validation,384,640,128,128,1823,0,704,420,true
img_6f74505ed1336fe0eb30__crop_0030,img_6f74505ed1336fe0eb30,img_6f74505ed1336fe0eb30,PN151_CBD_4R_DIV05,validation,384,768,128,128,2487,0,1420,714,true
img_6f74505ed1336fe0eb30__crop_0031,img_6f74505ed1336fe0eb30,img_6f74505ed1336fe0eb30,PN151_CBD_4R_DIV05,validation,384,896,128,128,0,0,0,0,true
img_6f74505ed1336fe0eb30__crop_0032,img_6f74505ed1336fe0eb30,img_6f74505ed1336fe0eb30,PN151_CBD_4R_DIV05,validation,512,0,128,128,570,0,1121,166,true
img_6f74505ed1336fe0eb30__crop_0033,img_6f74505ed1336fe0eb30,img_6f74505ed1336fe0eb30,PN151_CBD_4R_DIV05,validation,512,128,128,128,601,0,100,125,true
img_6f74505ed1336fe0eb30__crop_0034,img_6f74505ed1336fe0eb30,img_6f74505ed1336fe0eb30,PN151_CBD_4R_DIV05,validation,512,256,128,128,1574,0,0,491,true
img_6f74505ed1336fe0eb30__crop_0035,img_6f74505ed1336fe0eb30,img_6f74505ed1336fe0eb30,PN151_CBD_4R_DIV05,validation,512,384,128,128,2344,0,190,628,true
img_6f74505ed1336fe0eb30__crop_0036,img_6f74505ed1336fe0eb30,img_6f74505ed1336fe0eb30,PN151_CBD_4R_DIV05,validation,512,512,128,128,2574,0,349,785,true
img_6f74505ed1336fe0eb30__crop_0037,img_6f74505ed1336fe0eb30,img_6f74505ed1336fe0eb30,PN151_CBD_4R_DIV05,validation,512,640,128,128,1196,0,1671,363,true
img_6f74505ed1336fe0eb30__crop_0038,img_6f74505ed1336fe0eb30,img_6f74505ed1336fe0eb30,PN151_CBD_4R_DIV05,validation,512,768,128,128,2390,0,1298,622,true
img_6f74505ed1336fe0eb30__crop_0039,img_6f74505ed1336fe0eb30,img_6f74505ed1336fe0eb30,PN151_CBD_4R_DIV05,validation,512,896,128,128,0,0,0,0,true
img_6f74505ed1336fe0eb30__crop_0040,img_6f74505ed1336fe0eb30,img_6f74505ed1336fe0eb30,PN151_CBD_4R_DIV05,validation,640,0,128,128,146,0,688,38,true
img_6f74505ed1336fe0eb30__crop_0041,img_6f74505ed1336fe0eb30,img_6f74505ed1336fe0eb30,PN151_CBD_4R_DIV05,validation,640,128,128,128,1095,0,1403,332,true
img_6f74505ed1336fe0eb30__crop_0042,img_6f74505ed1336fe0eb30,img_6f74505ed1336fe0eb30,PN151_CBD_4R_DIV05,validation,640,256,128,128,948,0,741,210,true
img_6f74505ed1336fe0eb30__crop_0043,img_6f74505ed1336fe0eb30,img_6f74505ed1336fe0eb30,PN151_CBD_4R_DIV05,validation,640,384,128,128,840,0,1324,262,true
img_6f74505ed1336fe0eb30__crop_0044,img_6f74505ed1336fe0eb30,img_6f74505ed1336fe0eb30,PN151_CBD_4R_DIV05,validation,640,512,128,128,1842,0,1087,539,true
img_6f74505ed1336fe0eb30__crop_0045,img_6f74505ed1336fe0eb30,img_6f74505ed1336fe0eb30,PN151_CBD_4R_DIV05,validation,640,640,128,128,292,0,1393,85,true
img_6f74505ed1336fe0eb30__crop_0046,img_6f74505ed1336fe0eb30,img_6f74505ed1336fe0eb30,PN151_CBD_4R_DIV05,validation,640,768,128,128,590,0,439,152,true
img_6f74505ed1336fe0eb30__crop_0047,img_6f74505ed1336fe0eb30,img_6f74505ed1336fe0eb30,PN151_CBD_4R_DIV05,validation,640,896,128,128,455,0,0,128,true
img_6f74505ed1336fe0eb30__crop_0048,img_6f74505ed1336fe0eb30,img_6f74505ed1336fe0eb30,PN151_CBD_4R_DIV05,validation,768,0,128,128,0,0,0,0,true
img_6f74505ed1336fe0eb30__crop_0049,img_6f74505ed1336fe0eb30,img_6f74505ed1336fe0eb30,PN151_CBD_4R_DIV05,validation,768,128,128,128,0,0,0,0,true
img_6f74505ed1336fe0eb30__crop_0050,img_6f74505ed1336fe0eb30,img_6f74505ed1336fe0eb30,PN151_CBD_4R_DIV05,validation,768,256,128,128,0,0,1785,0,true
img_6f74505ed1336fe0eb30__crop_0051,img_6f74505ed1336fe0eb30,img_6f74505ed1336fe0eb30,PN151_CBD_4R_DIV05,validation,768,384,128,128,511,0,2446,142,true
img_6f74505ed1336fe0eb30__crop_0052,img_6f74505ed1336fe0eb30,img_6f74505ed1336fe0eb30,PN151_CBD_4R_DIV05,validation,768,512,128,128,1259,0,0,341,true
img_6f74505ed1336fe0eb30__crop_0053,img_6f74505ed1336fe0eb30,img_6f74505ed1336fe0eb30,PN151_CBD_4R_DIV05,validation,768,640,128,128,382,0,0,106,true
img_6f74505ed1336fe0eb30__crop_0054,img_6f74505ed1336fe0eb30,img_6f74505ed1336fe0eb30,PN151_CBD_4R_DIV05,validation,768,768,128,128,847,0,0,244,true
img_6f74505ed1336fe0eb30__crop_0055,img_6f74505ed1336fe0eb30,img_6f74505ed1336fe0eb30,PN151_CBD_4R_DIV05,validation,768,896,128,128,389,0,0,105,true
img_6f74505ed1336fe0eb30__crop_0056,img_6f74505ed1336fe0eb30,img_6f74505ed1336fe0eb30,PN151_CBD_4R_DIV05,validation,896,0,128,128,0,0,0,0,true
img_6f74505ed1336fe0eb30__crop_0057,img_6f74505ed1336fe0eb30,img_6f74505ed1336fe0eb30,PN151_CBD_4R_DIV05,validation,896,128,128,128,0,0,0,0,true
img_6f74505ed1336fe0eb30__crop_0058,img_6f74505ed1336fe0eb30,img_6f74505ed1336fe0eb30,PN151_CBD_4R_DIV05,validation,896,256,128,128,0,0,0,0,true
img_6f74505ed1336fe0eb30__crop_0059,img_6f74505ed1336fe0eb30,img_6f74505ed1336fe0eb30,PN151_CBD_4R_DIV05,validation,896,384,128,128,0,0,0,0,true
img_6f74505ed1336fe0eb30__crop_0060,img_6f74505ed1336fe0eb30,img_6f74505ed1336fe0eb30,PN151_CBD_4R_DIV05,validation,896,512,128,128,0,0,0,0,true
img_6f74505ed1336fe0eb30__crop_0061,img_6f74505ed1336fe0eb30,img_6f74505ed1336fe0eb30,PN151_CBD_4R_DIV05,validation,896,640,128,128,0,0,0,0,true
img_6f74505ed1336fe0eb30__crop_0062,img_6f74505ed1336fe0eb30,img_6f74505ed1336fe0eb30,PN151_CBD_4R_DIV05,validation,896,768,128,128,0,0,0,0,true
img_6f74505ed1336fe0eb30__crop_0063,img_6f74505ed1336fe0eb30,img_6f74505ed1336fe0eb30,PN151_CBD_4R_DIV05,validation,896,896,128,128,0,0,0,0,true
img_72c8707007fc26224839__crop_0000,img_72c8707007fc26224839,img_72c8707007fc26224839,PN151_CBD_4R_DIV05,validation,0,0,128,128,0,0,0,0,true
img_72c8707007fc26224839__crop_0001,img_72c8707007fc26224839,img_72c8707007fc26224839,PN151_CBD_4R_DIV05,validation,0,128,128,128,0,0,0,0,true
img_72c8707007fc26224839__crop_0002,img_72c8707007fc26224839,img_72c8707007fc26224839,PN151_CBD_4R_DIV05,validation,0,256,128,128,1310,0,0,376,true
img_72c8707007fc26224839__crop_0003,img_72c8707007fc26224839,img_72c8707007fc26224839,PN151_CBD_4R_DIV05,validation,0,384,128,128,556,0,0,183,true
img_72c8707007fc26224839__crop_0004,img_72c8707007fc26224839,img_72c8707007fc26224839,PN151_CBD_4R_DIV05,validation,0,512,128,128,0,0,0,0,true
img_72c8707007fc26224839__crop_0005,img_72c8707007fc26224839,img_72c8707007fc26224839,PN151_CBD_4R_DIV05,validation,0,640,128,128,0,0,0,0,true
img_72c8707007fc26224839__crop_0006,img_72c8707007fc26224839,img_72c8707007fc26224839,PN151_CBD_4R_DIV05,validation,0,768,128,128,0,0,0,0,true
img_72c8707007fc26224839__crop_0007,img_72c8707007fc26224839,img_72c8707007fc26224839,PN151_CBD_4R_DIV05,validation,0,896,128,128,0,0,0,0,true
img_72c8707007fc26224839__crop_0008,img_72c8707007fc26224839,img_72c8707007fc26224839,PN151_CBD_4R_DIV05,validation,128,0,128,128,895,0,48,322,true
img_72c8707007fc26224839__crop_0009,img_72c8707007fc26224839,img_72c8707007fc26224839,PN151_CBD_4R_DIV05,validation,128,128,128,128,1324,0,81,390,true
img_72c8707007fc26224839__crop_0010,img_72c8707007fc26224839,img_72c8707007fc26224839,PN151_CBD_4R_DIV05,validation,128,256,128,128,2190,0,218,663,true
img_72c8707007fc26224839__crop_0011,img_72c8707007fc26224839,img_72c8707007fc26224839,PN151_CBD_4R_DIV05,validation,128,384,128,128,2015,0,0,572,true
img_72c8707007fc26224839__crop_0012,img_72c8707007fc26224839,img_72c8707007fc26224839,PN151_CBD_4R_DIV05,validation,128,512,128,128,1937,0,0,678,true
img_72c8707007fc26224839__crop_0013,img_72c8707007fc26224839,img_72c8707007fc26224839,PN151_CBD_4R_DIV05,validation,128,640,128,128,946,0,0,341,true
img_72c8707007fc26224839__crop_0014,img_72c8707007fc26224839,img_72c8707007fc26224839,PN151_CBD_4R_DIV05,validation,128,768,128,128,85,0,0,30,true
img_72c8707007fc26224839__crop_0015,img_72c8707007fc26224839,img_72c8707007fc26224839,PN151_CBD_4R_DIV05,validation,128,896,128,128,0,0,0,0,true
img_72c8707007fc26224839__crop_0016,img_72c8707007fc26224839,img_72c8707007fc26224839,PN151_CBD_4R_DIV05,validation,256,0,128,128,985,0,0,242,true
img_72c8707007fc26224839__crop_0017,img_72c8707007fc26224839,img_72c8707007fc26224839,PN151_CBD_4R_DIV05,validation,256,128,128,128,2799,0,88,698,true
img_72c8707007fc26224839__crop_0018,img_72c8707007fc26224839,img_72c8707007fc26224839,PN151_CBD_4R_DIV05,validation,256,256,128,128,470,0,152,85,true
img_72c8707007fc26224839__crop_0019,img_72c8707007fc26224839,img_72c8707007fc26224839,PN151_CBD_4R_DIV05,validation,256,384,128,128,1956,0,411,391,true
img_72c8707007fc26224839__crop_0020,img_72c8707007fc26224839,img_72c8707007fc26224839,PN151_CBD_4R_DIV05,validation,256,512,128,128,1328,0,0,501,true
img_72c8707007fc26224839__crop_0021,img_72c8707007fc26224839,img_72c8707007fc26224839,PN151_CBD_4R_DIV05,validation,256,640,128,128,2112,0,63,656,true
img_72c8707007fc26224839__crop_0022,img_72c8707007fc26224839,img_72c8707007fc26224839,PN151_CBD_4R_DIV05,validation,256,768,128,128,1223,0,0,445,true
img_72c8707007fc26224839__crop_0023,img_72c8707007fc26224839,img_72c8707007fc26224839,PN151_CBD_4R_DIV05,validation,256,896,128,128,57,0,0,24,true
img_72c8707007fc26224839__crop_0024,img_72c8707007fc26224839,img_72c8707007fc26224839,PN151_CBD_4R_DIV05,validation,384,0,128,128,458,0,0,183,true
img_72c8707007fc26224839__crop_0025,img_72c8707007fc26224839,img_72c8707007fc26224839,PN151_CBD_4R_DIV05,validation,384,128,128,128,686,0,0,274,true
img_72c8707007fc26224839__crop_0026,img_72c8707007fc26224839,img_72c8707007fc26224839,PN151_CBD_4R_DIV05,validation,384,256,128,128,1523,0,0,501,true
img_72c8707007fc26224839__crop_0027,img_72c8707007fc26224839,img_72c8707007fc26224839,PN151_CBD_4R_DIV05,validation,384,384,128,128,2976,0,543,818,true
img_72c8707007fc26224839__crop_0028,img_72c8707007fc26224839,img_72c8707007fc26224839,PN151_CBD_4R_DIV05,validation,384,512,128,128,1967,0,0,684,true
img_72c8707007fc26224839__crop_0029,img_72c8707007fc26224839,img_72c8707007fc26224839,PN151_CBD_4R_DIV05,validation,384,640,128,128,333,0,0,99,true
img_72c8707007fc26224839__crop_0030,img_72c8707007fc26224839,img_72c8707007fc26224839,PN151_CBD_4R_DIV05,validation,384,768,128,128,271,0,0,113,true
img_72c8707007fc26224839__crop_0031,img_72c8707007fc26224839,img_72c8707007fc26224839,PN151_CBD_4R_DIV05,validation,384,896,128,128,241,0,0,93,true
img_72c8707007fc26224839__crop_0032,img_72c8707007fc26224839,img_72c8707007fc26224839,PN151_CBD_4R_DIV05,validation,512,0,128,128,1288,0,0,483,true
img_72c8707007fc26224839__crop_0033,img_72c8707007fc26224839,img_72c8707007fc26224839,PN151_CBD_4R_DIV05,validation,512,128,128,128,2416,0,0,686,true
img_72c8707007fc26224839__crop_0034,img_72c8707007fc26224839,img_72c8707007fc26224839,PN151_CBD_4R_DIV05,validation,512,256,128,128,892,0,0,355,true
img_72c8707007fc26224839__crop_0035,img_72c8707007fc26224839,img_72c8707007fc26224839,PN151_CBD_4R_DIV05,validation,512,384,128,128,1562,0,595,461,true
img_72c8707007fc26224839__crop_0036,img_72c8707007fc26224839,img_72c8707007fc26224839,PN151_CBD_4R_DIV05,validation,512,512,128,128,1288,0,0,444,true
img_72c8707007fc26224839__crop_0037,img_72c8707007fc26224839,img_72c8707007fc26224839,PN151_CBD_4R_DIV05,validation,512,640,128,128,765,0,176,312,true
img_72c8707007fc26224839__crop_0038,img_72c8707007fc26224839,img_72c8707007fc26224839,PN151_CBD_4R_DIV05,validation,512,768,128,128,919,0,354,362,true
img_72c8707007fc26224839__crop_0039,img_72c8707007fc26224839,img_72c8707007fc26224839,PN151_CBD_4R_DIV05,validation,512,896,128,128,0,0,0,0,true
img_72c8707007fc26224839__crop_0040,img_72c8707007fc26224839,img_72c8707007fc26224839,PN151_CBD_4R_DIV05,validation,640,0,128,128,31,0,0,16,true
img_72c8707007fc26224839__crop_0041,img_72c8707007fc26224839,img_72c8707007fc26224839,PN151_CBD_4R_DIV05,validation,640,128,128,128,851,0,0,189,true
img_72c8707007fc26224839__crop_0042,img_72c8707007fc26224839,img_72c8707007fc26224839,PN151_CBD_4R_DIV05,validation,640,256,128,128,2983,0,0,933,true
img_72c8707007fc26224839__crop_0043,img_72c8707007fc26224839,img_72c8707007fc26224839,PN151_CBD_4R_DIV05,validation,640,384,128,128,806,0,413,225,true
img_72c8707007fc26224839__crop_0044,img_72c8707007fc26224839,img_72c8707007fc26224839,PN151_CBD_4R_DIV05,validation,640,512,128,128,2095,0,0,784,true
img_72c8707007fc26224839__crop_0045,img_72c8707007fc26224839,img_72c8707007fc26224839,PN151_CBD_4R_DIV05,validation,640,640,128,128,433,0,0,158,true
img_72c8707007fc26224839__crop_0046,img_72c8707007fc26224839,img_72c8707007fc26224839,PN151_CBD_4R_DIV05,validation,640,768,128,128,334,0,0,132,true
img_72c8707007fc26224839__crop_0047,img_72c8707007fc26224839,img_72c8707007fc26224839,PN151_CBD_4R_DIV05,validation,640,896,128,128,765,0,0,152,true
img_72c8707007fc26224839__crop_0048,img_72c8707007fc26224839,img_72c8707007fc26224839,PN151_CBD_4R_DIV05,validation,768,0,128,128,0,0,0,0,true
img_72c8707007fc26224839__crop_0049,img_72c8707007fc26224839,img_72c8707007fc26224839,PN151_CBD_4R_DIV05,validation,768,128,128,128,328,0,0,73,true
img_72c8707007fc26224839__crop_0050,img_72c8707007fc26224839,img_72c8707007fc26224839,PN151_CBD_4R_DIV05,validation,768,256,128,128,1444,0,0,561,true
img_72c8707007fc26224839__crop_0051,img_72c8707007fc26224839,img_72c8707007fc26224839,PN151_CBD_4R_DIV05,validation,768,384,128,128,1621,0,0,641,true
img_72c8707007fc26224839__crop_0052,img_72c8707007fc26224839,img_72c8707007fc26224839,PN151_CBD_4R_DIV05,validation,768,512,128,128,0,0,0,0,true
img_72c8707007fc26224839__crop_0053,img_72c8707007fc26224839,img_72c8707007fc26224839,PN151_CBD_4R_DIV05,validation,768,640,128,128,0,0,0,0,true
img_72c8707007fc26224839__crop_0054,img_72c8707007fc26224839,img_72c8707007fc26224839,PN151_CBD_4R_DIV05,validation,768,768,128,128,190,0,0,54,true
img_72c8707007fc26224839__crop_0055,img_72c8707007fc26224839,img_72c8707007fc26224839,PN151_CBD_4R_DIV05,validation,768,896,128,128,26,0,0,10,true
img_72c8707007fc26224839__crop_0056,img_72c8707007fc26224839,img_72c8707007fc26224839,PN151_CBD_4R_DIV05,validation,896,0,128,128,0,0,0,0,true
img_72c8707007fc26224839__crop_0057,img_72c8707007fc26224839,img_72c8707007fc26224839,PN151_CBD_4R_DIV05,validation,896,128,128,128,0,0,0,0,true
img_72c8707007fc26224839__crop_0058,img_72c8707007fc26224839,img_72c8707007fc26224839,PN151_CBD_4R_DIV05,validation,896,256,128,128,364,0,0,85,true
img_72c8707007fc26224839__crop_0059,img_72c8707007fc26224839,img_72c8707007fc26224839,PN151_CBD_4R_DIV05,validation,896,384,128,128,382,0,0,143,true
img_72c8707007fc26224839__crop_0060,img_72c8707007fc26224839,img_72c8707007fc26224839,PN151_CBD_4R_DIV05,validation,896,512,128,128,0,0,0,0,true
img_72c8707007fc26224839__crop_0061,img_72c8707007fc26224839,img_72c8707007fc26224839,PN151_CBD_4R_DIV05,validation,896,640,128,128,0,0,0,0,true
img_72c8707007fc26224839__crop_0062,img_72c8707007fc26224839,img_72c8707007fc26224839,PN151_CBD_4R_DIV05,validation,896,768,128,128,237,0,0,97,true
img_72c8707007fc26224839__crop_0063,img_72c8707007fc26224839,img_72c8707007fc26224839,PN151_CBD_4R_DIV05,validation,896,896,128,128,0,0,0,0,true
img_bf01e1f9f39919cbea69__crop_0000,img_bf01e1f9f39919cbea69,img_bf01e1f9f39919cbea69,PN151_CBD_4R_DIV05,validation,0,0,128,128,0,0,0,0,true
img_bf01e1f9f39919cbea69__crop_0001,img_bf01e1f9f39919cbea69,img_bf01e1f9f39919cbea69,PN151_CBD_4R_DIV05,validation,0,128,128,128,0,0,0,0,true
img_bf01e1f9f39919cbea69__crop_0002,img_bf01e1f9f39919cbea69,img_bf01e1f9f39919cbea69,PN151_CBD_4R_DIV05,validation,0,256,128,128,0,0,564,0,true
img_bf01e1f9f39919cbea69__crop_0003,img_bf01e1f9f39919cbea69,img_bf01e1f9f39919cbea69,PN151_CBD_4R_DIV05,validation,0,384,128,128,0,0,1419,0,true
img_bf01e1f9f39919cbea69__crop_0004,img_bf01e1f9f39919cbea69,img_bf01e1f9f39919cbea69,PN151_CBD_4R_DIV05,validation,0,512,128,128,0,0,0,0,true
img_bf01e1f9f39919cbea69__crop_0005,img_bf01e1f9f39919cbea69,img_bf01e1f9f39919cbea69,PN151_CBD_4R_DIV05,validation,0,640,128,128,0,0,0,0,true
img_bf01e1f9f39919cbea69__crop_0006,img_bf01e1f9f39919cbea69,img_bf01e1f9f39919cbea69,PN151_CBD_4R_DIV05,validation,0,768,128,128,0,0,0,0,true
img_bf01e1f9f39919cbea69__crop_0007,img_bf01e1f9f39919cbea69,img_bf01e1f9f39919cbea69,PN151_CBD_4R_DIV05,validation,0,896,128,128,0,0,0,0,true
img_bf01e1f9f39919cbea69__crop_0008,img_bf01e1f9f39919cbea69,img_bf01e1f9f39919cbea69,PN151_CBD_4R_DIV05,validation,128,0,128,128,293,0,0,94,true
img_bf01e1f9f39919cbea69__crop_0009,img_bf01e1f9f39919cbea69,img_bf01e1f9f39919cbea69,PN151_CBD_4R_DIV05,validation,128,128,128,128,982,0,383,277,true
img_bf01e1f9f39919cbea69__crop_0010,img_bf01e1f9f39919cbea69,img_bf01e1f9f39919cbea69,PN151_CBD_4R_DIV05,validation,128,256,128,128,433,0,2976,142,true
img_bf01e1f9f39919cbea69__crop_0011,img_bf01e1f9f39919cbea69,img_bf01e1f9f39919cbea69,PN151_CBD_4R_DIV05,validation,128,384,128,128,900,0,1924,199,true
img_bf01e1f9f39919cbea69__crop_0012,img_bf01e1f9f39919cbea69,img_bf01e1f9f39919cbea69,PN151_CBD_4R_DIV05,validation,128,512,128,128,183,0,88,43,true
img_bf01e1f9f39919cbea69__crop_0013,img_bf01e1f9f39919cbea69,img_bf01e1f9f39919cbea69,PN151_CBD_4R_DIV05,validation,128,640,128,128,0,0,0,0,true
img_bf01e1f9f39919cbea69__crop_0014,img_bf01e1f9f39919cbea69,img_bf01e1f9f39919cbea69,PN151_CBD_4R_DIV05,validation,128,768,128,128,0,0,0,0,true
img_bf01e1f9f39919cbea69__crop_0015,img_bf01e1f9f39919cbea69,img_bf01e1f9f39919cbea69,PN151_CBD_4R_DIV05,validation,128,896,128,128,0,0,0,0,true
img_bf01e1f9f39919cbea69__crop_0016,img_bf01e1f9f39919cbea69,img_bf01e1f9f39919cbea69,PN151_CBD_4R_DIV05,validation,256,0,128,128,0,0,0,0,true
img_bf01e1f9f39919cbea69__crop_0017,img_bf01e1f9f39919cbea69,img_bf01e1f9f39919cbea69,PN151_CBD_4R_DIV05,validation,256,128,128,128,1554,0,829,451,true
img_bf01e1f9f39919cbea69__crop_0018,img_bf01e1f9f39919cbea69,img_bf01e1f9f39919cbea69,PN151_CBD_4R_DIV05,validation,256,256,128,128,2002,0,2052,517,true
img_bf01e1f9f39919cbea69__crop_0019,img_bf01e1f9f39919cbea69,img_bf01e1f9f39919cbea69,PN151_CBD_4R_DIV05,validation,256,384,128,128,1537,3496,2365,375,true
img_bf01e1f9f39919cbea69__crop_0020,img_bf01e1f9f39919cbea69,img_bf01e1f9f39919cbea69,PN151_CBD_4R_DIV05,validation,256,512,128,128,1087,166,1793,320,true
img_bf01e1f9f39919cbea69__crop_0021,img_bf01e1f9f39919cbea69,img_bf01e1f9f39919cbea69,PN151_CBD_4R_DIV05,validation,256,640,128,128,0,0,0,0,true
img_bf01e1f9f39919cbea69__crop_0022,img_bf01e1f9f39919cbea69,img_bf01e1f9f39919cbea69,PN151_CBD_4R_DIV05,validation,256,768,128,128,0,0,0,0,true
img_bf01e1f9f39919cbea69__crop_0023,img_bf01e1f9f39919cbea69,img_bf01e1f9f39919cbea69,PN151_CBD_4R_DIV05,validation,256,896,128,128,0,0,0,0,true
img_bf01e1f9f39919cbea69__crop_0024,img_bf01e1f9f39919cbea69,img_bf01e1f9f39919cbea69,PN151_CBD_4R_DIV05,validation,384,0,128,128,0,0,378,0,true
img_bf01e1f9f39919cbea69__crop_0025,img_bf01e1f9f39919cbea69,img_bf01e1f9f39919cbea69,PN151_CBD_4R_DIV05,validation,384,128,128,128,1532,18,1210,423,true
img_bf01e1f9f39919cbea69__crop_0026,img_bf01e1f9f39919cbea69,img_bf01e1f9f39919cbea69,PN151_CBD_4R_DIV05,validation,384,256,128,128,1570,6832,1664,435,true
img_bf01e1f9f39919cbea69__crop_0027,img_bf01e1f9f39919cbea69,img_bf01e1f9f39919cbea69,PN151_CBD_4R_DIV05,validation,384,384,128,128,647,10331,1853,154,true
img_bf01e1f9f39919cbea69__crop_0028,img_bf01e1f9f39919cbea69,img_bf01e1f9f39919cbea69,PN151_CBD_4R_DIV05,validation,384,512,128,128,2090,233,1019,513,true
img_bf01e1f9f39919cbea69__crop_0029,img_bf01e1f9f39919cbea69,img_bf01e1f9f39919cbea69,PN151_CBD_4R_DIV05,validation,384,640,128,128,21,0,749,8,true
img_bf01e1f9f39919cbea69__crop_0030,img_bf01e1f9f39919cbea69,img_bf01e1f9f39919cbea69,PN151_CBD_4R_DIV05,validation,384,768,128,128,0,0,165,0,true
img_bf01e1f9f39919cbea69__crop_0031,img_bf01e1f9f39919cbea69,img_bf01e1f9f39919cbea69,PN151_CBD_4R_DIV05,validation,384,896,128,128,0,0,0,0,true
img_bf01e1f9f39919cbea69__crop_0032,img_bf01e1f9f39919cbea69,img_bf01e1f9f39919cbea69,PN151_CBD_4R_DIV05,validation,512,0,128,128,0,0,1024,0,true
img_bf01e1f9f39919cbea69__crop_0033,img_bf01e1f9f39919cbea69,img_bf01e1f9f39919cbea69,PN151_CBD_4R_DIV05,validation,512,128,128,128,1114,0,2215,302,true
img_bf01e1f9f39919cbea69__crop_0034,img_bf01e1f9f39919cbea69,img_bf01e1f9f39919cbea69,PN151_CBD_4R_DIV05,validation,512,256,128,128,3802,0,2031,1021,true
img_bf01e1f9f39919cbea69__crop_0035,img_bf01e1f9f39919cbea69,img_bf01e1f9f39919cbea69,PN151_CBD_4R_DIV05,validation,512,384,128,128,2252,0,3309,595,true
img_bf01e1f9f39919cbea69__crop_0036,img_bf01e1f9f39919cbea69,img_bf01e1f9f39919cbea69,PN151_CBD_4R_DIV05,validation,512,512,128,128,2372,0,2588,593,true
img_bf01e1f9f39919cbea69__crop_0037,img_bf01e1f9f39919cbea69,img_bf01e1f9f39919cbea69,PN151_CBD_4R_DIV05,validation,512,640,128,128,2070,0,6,605,true
img_bf01e1f9f39919cbea69__crop_0038,img_bf01e1f9f39919cbea69,img_bf01e1f9f39919cbea69,PN151_CBD_4R_DIV05,validation,512,768,128,128,1735,0,559,507,true
img_bf01e1f9f39919cbea69__crop_0039,img_bf01e1f9f39919cbea69,img_bf01e1f9f39919cbea69,PN151_CBD_4R_DIV05,validation,512,896,128,128,768,0,0,198,true
img_bf01e1f9f39919cbea69__crop_0040,img_bf01e1f9f39919cbea69,img_bf01e1f9f39919cbea69,PN151_CBD_4R_DIV05,validation,640,0,128,128,0,0,0,0,true
img_bf01e1f9f39919cbea69__crop_0041,img_bf01e1f9f39919cbea69,img_bf01e1f9f39919cbea69,PN151_CBD_4R_DIV05,validation,640,128,128,128,0,0,863,0,true
img_bf01e1f9f39919cbea69__crop_0042,img_bf01e1f9f39919cbea69,img_bf01e1f9f39919cbea69,PN151_CBD_4R_DIV05,validation,640,256,128,128,2765,0,211,782,true
img_bf01e1f9f39919cbea69__crop_0043,img_bf01e1f9f39919cbea69,img_bf01e1f9f39919cbea69,PN151_CBD_4R_DIV05,validation,640,384,128,128,2534,0,2767,755,true
img_bf01e1f9f39919cbea69__crop_0044,img_bf01e1f9f39919cbea69,img_bf01e1f9f39919cbea69,PN151_CBD_4R_DIV05,validation,640,512,128,128,1150,0,3264,330,true
img_bf01e1f9f39919cbea69__crop_0045,img_bf01e1f9f39919cbea69,img_bf01e1f9f39919cbea69,PN151_CBD_4R_DIV05,validation,640,640,128,128,74,0,69,21,true
img_bf01e1f9f39919cbea69__crop_0046,img_bf01e1f9f39919cbea69,img_bf01e1f9f39919cbea69,PN151_CBD_4R_DIV05,validation,640,768,128,128,180,0,87,60,true
img_bf01e1f9f39919cbea69__crop_0047,img_bf01e1f9f39919cbea69,img_bf01e1f9f39919cbea69,PN151_CBD_4R_DIV05,validation,640,896,128,128,163,0,0,47,true
img_bf01e1f9f39919cbea69__crop_0048,img_bf01e1f9f39919cbea69,img_bf01e1f9f39919cbea69,PN151_CBD_4R_DIV05,validation,768,0,128,128,0,0,0,0,true
img_bf01e1f9f39919cbea69__crop_0049,img_bf01e1f9f39919cbea69,img_bf01e1f9f39919cbea69,PN151_CBD_4R_DIV05,validation,768,128,128,128,0,0,126,0,true
img_bf01e1f9f39919cbea69__crop_0050,img_bf01e1f9f39919cbea69,img_bf01e1f9f39919cbea69,PN151_CBD_4R_DIV05,validation,768,256,128,128,936,0,1365,268,true
img_bf01e1f9f39919cbea69__crop_0051,img_bf01e1f9f39919cbea69,img_bf01e1f9f39919cbea69,PN151_CBD_4R_DIV05,validation,768,384,128,128,2160,0,1447,633,true
img_bf01e1f9f39919cbea69__crop_0052,img_bf01e1f9f39919cbea69,img_bf01e1f9f39919cbea69,PN151_CBD_4R_DIV05,validation,768,512,128,128,1336,0,723,373,true
img_bf01e1f9f39919cbea69__crop_0053,img_bf01e1f9f39919cbea69,img_bf01e1f9f39919cbea69,PN151_CBD_4R_DIV05,validation,768,640,128,128,0,0,0,0,true
img_bf01e1f9f39919cbea69__crop_0054,img_bf01e1f9f39919cbea69,img_bf01e1f9f39919cbea69,PN151_CBD_4R_DIV05,validation,768,768,128,128,0,0,0,0,true
img_bf01e1f9f39919cbea69__crop_0055,img_bf01e1f9f39919cbea69,img_bf01e1f9f39919cbea69,PN151_CBD_4R_DIV05,validation,768,896,128,128,0,0,0,0,true
img_bf01e1f9f39919cbea69__crop_0056,img_bf01e1f9f39919cbea69,img_bf01e1f9f39919cbea69,PN151_CBD_4R_DIV05,validation,896,0,128,128,0,0,0,0,true
img_bf01e1f9f39919cbea69__crop_0057,img_bf01e1f9f39919cbea69,img_bf01e1f9f39919cbea69,PN151_CBD_4R_DIV05,validation,896,128,128,128,0,0,0,0,true
img_bf01e1f9f39919cbea69__crop_0058,img_bf01e1f9f39919cbea69,img_bf01e1f9f39919cbea69,PN151_CBD_4R_DIV05,validation,896,256,128,128,0,0,499,0,true
img_bf01e1f9f39919cbea69__crop_0059,img_bf01e1f9f39919cbea69,img_bf01e1f9f39919cbea69,PN151_CBD_4R_DIV05,validation,896,384,128,128,236,0,769,68,true
img_bf01e1f9f39919cbea69__crop_0060,img_bf01e1f9f39919cbea69,img_bf01e1f9f39919cbea69,PN151_CBD_4R_DIV05,validation,896,512,128,128,0,0,0,0,true
img_bf01e1f9f39919cbea69__crop_0061,img_bf01e1f9f39919cbea69,img_bf01e1f9f39919cbea69,PN151_CBD_4R_DIV05,validation,896,640,128,128,0,0,0,0,true
img_bf01e1f9f39919cbea69__crop_0062,img_bf01e1f9f39919cbea69,img_bf01e1f9f39919cbea69,PN151_CBD_4R_DIV05,validation,896,768,128,128,0,0,0,0,true
img_bf01e1f9f39919cbea69__crop_0063,img_bf01e1f9f39919cbea69,img_bf01e1f9f39919cbea69,PN151_CBD_4R_DIV05,validation,896,896,128,128,0,0,0,0,true
