source_root_id,relative_path,source_kind,source_sha256,pixel_sha256,stable_image_id,shape_y,shape_x,frames,channels,dtype,bit_depth,min,max,mean,std,p0,p0_1,p1,p5,p25,p50,p75,p95,p99,p99_9,p100,saturation_value,saturation_count,zero_count,culture_id,disease,tau_isoform,experimental_condition,div,div_token,series_index,filename_prefix,acquisition_group,experimental_group_id,parse_status,deprecated_inferred_pn,deprecated_inferred_round,deprecated_inferred_condition,deprecated_inferred_div,deprecated_biological_group_candidate,file_duplicate_group,pixel_duplicate_group,thumbnail_duplicate_group,near_duplicate_candidate_group,near_duplicate_score,near_duplicate_method,validation_flags,intended_split_status
sted_fiber_data,PN148_3R_AD_DIV03 (Series 0) [1].tif,fiber_image,c7a7709d9312e1417c0a334d62ba82c4d2f786b5d7ede6ef662e2626273fc5eb,6c3444cac9d38630d747096fd42fe2ec9b36a13ba6bf3b60d3ae8ebf1e77a720,img_1959d9d25f6cfc60070a,1024,1024,1,1,uint8,8,0,255,38.2139,40.5746,0,0,0,1,6,16,71,110,157,210,255,255,26,17905,PN148,AD,3R,AD_3R,3,DIV03,0,PN148_3R_AD_DIV03,PN148_3R_AD_DIV03,PN148_AD_3R_DIV03,parsed,PN148,3R,AD,DIV03,PN148_AD_3R_DIV03,none,none,none,none,not_applicable,normalized_thumbnail_ncc_threshold_0.995,saturation;strong_row_or_column_variation,unassigned
sted_fiber_data,PN148_3R_AD_DIV03 (Series 1) [1].tif,fiber_image,60cff72321a5caa6cc56f607b4917074ca94d98b178f421aeebdd851643b42bf,8c5e130eeb6b3f26b879582a0af16fb772bfabd37b22938051fd14befdf01fc6,img_857d8bd24d6057b89507,1024,1024,1,1,uint8,8,0,155,9.66313,10.37,0,0,0,0,3,6,13,29,51,84,155,255,0,60013,PN148,AD,3R,AD_3R,3,DIV03,1,PN148_3R_AD_DIV03,PN148_3R_AD_DIV03,PN148_AD_3R_DIV03,parsed,PN148,3R,AD,DIV03,PN148_AD_3R_DIV03,none,none,none,none,not_applicable,normalized_thumbnail_ncc_threshold_0.995,none,unassigned
sted_fiber_data,PN148_3R_AD_DIV03 (Series 10) [1].tif,fiber_image,74d3e99c3620726c5014561e51573402ddff8a8a5b128dcae692707c231ddc13,b22896ef5433e9f0468b982bce41f732254e692e517138a2d04598d14442eee1,img_a7cb5c7ce1a3808ce615,1024,1024,1,1,uint8,8,0,228,9.59336,12.6938,0,0,0,0,3,6,13,31,62,124,228,255,0,98543,PN148,AD,3R,AD_3R,3,DIV03,10,PN148_3R_AD_DIV03,PN148_3R_AD_DIV03,PN148_AD_3R_DIV03,parsed,PN148,3R,AD,DIV03,PN148_AD_3R_DIV03,none,none,none,none,not_applicable,normalized_thumbnail_ncc_threshold_0.995,elongated_high_intensity_component,unassigned
sted_fiber_data,PN148_3R_AD_DIV03 (Series 11) [1].tif,fiber_image,ca7fdd44c21c002f51dd2fb78b3074e596e5233be109412363ff5d2fb5c4057b,3c923f4e9b1f12c7d132c1bd40439cdc53bbd5072a91dfce87c2f2712ac38e9f,img_bee96ff54c8c65ed14f5,1024,1024,1,1,uint8,8,0,140,6.05458,6.94676,0,0,0,0,3,4,8,18,36,62,140,255,0,90134,PN148,AD,3R,AD_3R,3,DIV03,11,PN148_3R_AD_DIV03,PN148_3R_AD_DIV03,PN148_AD_3R_DIV03,parsed,PN148,3R,AD,DIV03,PN148_AD_3R_DIV03,none,none,none,none,not_applicable,normalized_thumbnail_ncc_threshold_0.995,elongated_high_intensity_component,unassigned
sted_fiber_data,PN148_3R_AD_DIV03 (Series 12) [1].tif,fiber_image,07589df171e371826c80a0e6bf0904f489941e3e3a34a7f69de694e26f71dae7,8da0f1e724aea64a6a8ea812faabccaaed1cb36bd3fb4bd701ae882407c8e32e,img_27e3fe46349e697939aa,1024,1024,1,1,uint8,8,0,162,10.1945,9.43818,0,0,0,1,4,8,14,27,44,77,162,255,0,46390,PN148,AD,3R,AD_3R,3,DIV03,12,PN148_3R_AD_DIV03,PN148_3R_AD_DIV03,PN148_AD_3R_DIV03,parsed,PN148,3R,AD,DIV03,PN148_AD_3R_DIV03,none,none,none,none,not_applicable,normalized_thumbnail_ncc_threshold_0.995,elongated_high_intensity_component,unassigned
sted_fiber_data,PN148_3R_AD_DIV03 (Series 13) [1].tif,fiber_image,636df90f4ad10d580edfacccd6a8bd415174f669c43903aee65475f2d60aa7c7,18baef63b5d43d36e9a0a7bbd3c212dfde3e6ac627c8da948a8e0fa22a7a2c8b,img_61e364d26b504ca9ad65,1024,1024,1,1,uint8,8,0,197,10.338,13.8386,0,0,0,0,3,6,13,34,71,127,197,255,0,97939,PN148,AD,3R,AD_3R,3,DIV03,13,PN148_3R_AD_DIV03,PN148_3R_AD_DIV03,PN148_AD_3R_DIV03,parsed,PN148,3R,AD,DIV03,PN148_AD_3R_DIV03,none,none,none,none,not_applicable,normalized_thumbnail_ncc_threshold_0.995,none,unassigned
sted_fiber_data,PN148_3R_AD_DIV03 (Series 14) [1].tif,fiber_image,863f215e05c89be481e6186f53afa9cd2be62df63fbb347088535ab06b4dfc9b,5fdeffdc6d921ac7391b8e68d0beacf9f3b8d84efd46f8e7bd20751bcc081ac9,img_afaca9f73903d7d99868,1024,1024,1,1,uint8,8,0,252,12.0431,12.5972,0,0,0,1,4,9,16,32,57,135,252,255,0,38693,PN148,AD,3R,AD_3R,3,DIV03,14,PN148_3R_AD_DIV03,PN148_3R_AD_DIV03,PN148_AD_3R_DIV03,parsed,PN148,3R,AD,DIV03,PN148_AD_3R_DIV03,none,none,none,none,not_applicable,normalized_thumbnail_ncc_threshold_0.995,none,unassigned
sted_fiber_data,PN148_3R_AD_DIV03 (Series 2) [1].tif,fiber_image,a29dd48ac8465130fb58ffb10f2b72db5d65c70a199baef8355308750f94869d,af0e3250eae985d95c37869d4d278b1f8e34681577658c32958d03d2ce910717,img_78427846b07df5eb251c,1024,1024,1,1,uint8,8,0,255,12.5791,20.3783,0,0,0,0,3,6,14,42,120,182,255,255,17,60211,PN148,AD,3R,AD_3R,3,DIV03,2,PN148_3R_AD_DIV03,PN148_3R_AD_DIV03,PN148_AD_3R_DIV03,parsed,PN148,3R,AD,DIV03,PN148_AD_3R_DIV03,none,none,none,none,not_applicable,normalized_thumbnail_ncc_threshold_0.995,saturation,unassigned
sted_fiber_data,PN148_3R_AD_DIV03 (Series 3) [1].tif,fiber_image,5217e4c7bfbbab4139c6e2e67b9c04e8ef72a2d34fb752b8a37dc1c7f9ccd096,01414493ffb00e719a18e0839bae1a2bfdea6f0f8428b6f26246cea363f7063a,img_7dd848fffe5f7f5ef274,1024,1024,1,1,uint8,8,0,248,6.32663,11.6793,0,0,0,0,1,4,6,21,56,154,248,255,0,112161,PN148,AD,3R,AD_3R,3,DIV03,3,PN148_3R_AD_DIV03,PN148_3R_AD_DIV03,PN148_AD_3R_DIV03,parsed,PN148,3R,AD,DIV03,PN148_AD_3R_DIV03,none,none,none,none,not_applicable,normalized_thumbnail_ncc_threshold_0.995,none,unassigned
sted_fiber_data,PN148_3R_AD_DIV03 (Series 4) [1].tif,fiber_image,cd1cc16c89f4d7ead3f3350c25a4f9a451470df0b9fb015e4eb6e74fa4c31878,a43b7f42fd70ab79c7100f47623d2066f427d931768f1c9dbd11db3cb66a5004,img_4d555ff97f5b63f168f8,1024,1024,1,1,uint8,8,0,174,5.78222,8.09184,0,0,0,0,1,4,8,14,36,105,174,255,0,94095,PN148,AD,3R,AD_3R,3,DIV03,4,PN148_3R_AD_DIV03,PN148_3R_AD_DIV03,PN148_AD_3R_DIV03,parsed,PN148,3R,AD,DIV03,PN148_AD_3R_DIV03,none,none,none,none,not_applicable,normalized_thumbnail_ncc_threshold_0.995,elongated_high_intensity_component,unassigned
sted_fiber_data,PN148_3R_AD_DIV03 (Series 5) [1].tif,fiber_image,3a98b27a34f4208f4101926e2911c4ae8f61ecb675cc42b7c9857cfcdbe6f187,19954a5c9a7e8bc6cf17c729b1b1498fcad5203b44983c04e0f785c291bcfdb1,img_8f0c5769644a9941a6e3,1024,1024,1,1,uint8,8,0,129,4.18673,5.21872,0,0,0,0,1,3,6,13,26,57,129,255,0,142825,PN148,AD,3R,AD_3R,3,DIV03,5,PN148_3R_AD_DIV03,PN148_3R_AD_DIV03,PN148_AD_3R_DIV03,parsed,PN148,3R,AD,DIV03,PN148_AD_3R_DIV03,none,none,none,none,not_applicable,normalized_thumbnail_ncc_threshold_0.995,elongated_high_intensity_component,unassigned
sted_fiber_data,PN148_3R_AD_DIV03 (Series 6) [1].tif,fiber_image,9740f63e0d0dc85cfc8bd7eb3cecfd38466d407ba843d230219be2e8e4c97e9b,2bbc869383e9bd912b536d6e77d15855f7f8167ee87de8b5704bd3caaf5d9776,img_42817c9a5d32487f7e87,1024,1024,1,1,uint8,8,0,184,12.7909,14.227,0,0,0,0,3,8,19,41,66,99,184,255,0,71619,PN148,AD,3R,AD_3R,3,DIV03,6,PN148_3R_AD_DIV03,PN148_3R_AD_DIV03,PN148_AD_3R_DIV03,parsed,PN148,3R,AD,DIV03,PN148_AD_3R_DIV03,none,none,none,none,not_applicable,normalized_thumbnail_ncc_threshold_0.995,none,unassigned
sted_fiber_data,PN148_3R_AD_DIV03 (Series 7) [1].tif,fiber_image,7df976a964e7f7f9ca3dce8c45e3862f6f8264e8d16c843c7b7354ad936fbf35,d9849dacc034523d78da560992e9eb02580200de1c2a52dd09f6dfb974f448b5,img_60d27b7997cc11df3559,1024,1024,1,1,uint8,8,0,189,6.07093,7.31633,0,0,0,0,1,4,8,19,34,67,189,255,0,120381,PN148,AD,3R,AD_3R,3,DIV03,7,PN148_3R_AD_DIV03,PN148_3R_AD_DIV03,PN148_AD_3R_DIV03,parsed,PN148,3R,AD,DIV03,PN148_AD_3R_DIV03,none,none,none,none,not_applicable,normalized_thumbnail_ncc_threshold_0.995,elongated_high_intensity_component,unassigned
sted_fiber_data,PN148_3R_AD_DIV03 (Series 8) [1].tif,fiber_image,4921b34550d70e7448af0274eadccf8563465b47c810bd8e52acd2b831e87519,6e3d95cc710cc4f70ad007cfb2cfd25e983478508f182c9f99e2eb652252a23e,img_85b5cc1474f363c08caf,1024,1024,1,1,uint8,8,0,87,5.43529,4.72224,0,0,0,0,3,4,8,14,21,37,87,255,0,84230,PN148,AD,3R,AD_3R,3,DIV03,8,PN148_3R_AD_DIV03,PN148_3R_AD_DIV03,PN148_AD_3R_DIV03,parsed,PN148,3R,AD,DIV03,PN148_AD_3R_DIV03,none,none,none,none,not_applicable,normalized_thumbnail_ncc_threshold_0.995,none,unassigned
sted_fiber_data,PN148_3R_AD_DIV03 (Series 9) [1].tif,fiber_image,f6a2789865f48fb59704ef45df13fe14969588acf787d1b48a2fa1f3fd231e70,bb8088730859dc802530c6bfca5848edbd40f518762eabb126abbc2704bb281e,img_6ac7c51d471c2737fda3,1024,1024,1,1,uint8,8,0,255,8.9553,19.2428,0,0,0,0,1,4,8,34,109,197,255,255,45,144170,PN148,AD,3R,AD_3R,3,DIV03,9,PN148_3R_AD_DIV03,PN148_3R_AD_DIV03,PN148_AD_3R_DIV03,parsed,PN148,3R,AD,DIV03,PN148_AD_3R_DIV03,none,none,none,none,not_applicable,normalized_thumbnail_ncc_threshold_0.995,saturation,unassigned
sted_fiber_data,PN148_3R_AD_DIV05 (Series 0) [1].tif,fiber_image,09055f3ac5157a99d564054ea923b37527154fd11fa54f03566831f917302cb1,d31549e55ccdbe7664842c3552c8c86a88c9dee8fceba83df6a4ff480fcf9339,img_efbd2f7426058325c7ff,1024,1024,1,1,uint8,8,0,130,5.31326,6.01905,0,0,0,0,1,4,8,14,31,56,130,255,0,132456,PN148,AD,3R,AD_3R,5,DIV05,0,PN148_3R_AD_DIV05,PN148_3R_AD_DIV05,PN148_AD_3R_DIV05,parsed,PN148,3R,AD,DIV05,PN148_AD_3R_DIV05,none,none,none,none,not_applicable,normalized_thumbnail_ncc_threshold_0.995,none,unassigned
sted_fiber_data,PN148_3R_AD_DIV05 (Series 1) [1].tif,fiber_image,87df21e2495aecc7aea8aee35e4d69ddf41ee5510b79622f2ebc6957f4a330fd,70d2151a0f5378f4d80ca826a6fa410f99d72d4d730b98882025f70ab7cc527a,img_bc6f63665bc839fc047f,1024,1024,1,1,uint8,8,0,255,12.2486,19.8327,0,0,0,0,3,6,14,44,102,195,255,255,29,106552,PN148,AD,3R,AD_3R,5,DIV05,1,PN148_3R_AD_DIV05,PN148_3R_AD_DIV05,PN148_AD_3R_DIV05,parsed,PN148,3R,AD,DIV05,PN148_AD_3R_DIV05,none,none,none,none,not_applicable,normalized_thumbnail_ncc_threshold_0.995,saturation,unassigned
sted_fiber_data,PN148_3R_AD_DIV05 (Series 10) [1].tif,fiber_image,5ad7f658bf88851570ba25daf71b7df51ae60c354d4612212c7906b73fb3baff,8913ceab8e4e028be7681c8ded5efbfd3f3039fd475870af1359234b4b6c3b5f,img_3f1c62066c5a723e23d4,1024,1024,1,1,uint8,8,0,185,6.33072,7.94306,0,0,0,0,1,4,8,21,39,71,185,255,0,136686,PN148,AD,3R,AD_3R,5,DIV05,10,PN148_3R_AD_DIV05,PN148_3R_AD_DIV05,PN148_AD_3R_DIV05,parsed,PN148,3R,AD,DIV05,PN148_AD_3R_DIV05,none,none,none,none,not_applicable,normalized_thumbnail_ncc_threshold_0.995,none,unassigned
sted_fiber_data,PN148_3R_AD_DIV05 (Series 11) [1].tif,fiber_image,7f425b362fda06d85553b951dffdac326fd649330d74362ec3439f50f09a9d65,102eff86774c9976515ef3bf3df4da0e8ee4497a600c1ac01f99b7749667d4bb,img_e9671d916913e718eb97,1024,1024,1,1,uint8,8,0,130,4.69184,6.18018,0,0,0,0,1,3,6,16,31,54,130,255,0,165896,PN148,AD,3R,AD_3R,5,DIV05,11,PN148_3R_AD_DIV05,PN148_3R_AD_DIV05,PN148_AD_3R_DIV05,parsed,PN148,3R,AD,DIV05,PN148_AD_3R_DIV05,none,none,none,none,not_applicable,normalized_thumbnail_ncc_threshold_0.995,none,unassigned
sted_fiber_data,PN148_3R_AD_DIV05 (Series 12) [1].tif,fiber_image,7a60795cc98c777a6b5981a7117a8d797138bc5b3b9e91effd32c0de7d01d264,21fee325a6a5bcb7d6b06275b66a22006a5fec6b1cae2bc760435d7006afd17e,img_82df36916f5d6a4c9593,1024,1024,1,1,uint8,8,0,125,2.56554,3.97237,0,0,0,0,0,1,3,8,19,44,125,255,0,262313,PN148,AD,3R,AD_3R,5,DIV05,12,PN148_3R_AD_DIV05,PN148_3R_AD_DIV05,PN148_AD_3R_DIV05,parsed,PN148,3R,AD,DIV05,PN148_AD_3R_DIV05,none,none,none,none,not_applicable,normalized_thumbnail_ncc_threshold_0.995,elongated_high_intensity_component,unassigned
sted_fiber_data,PN148_3R_AD_DIV05 (Series 13) [1].tif,fiber_image,55518676c149023f7a542f907d7fcc8b25e771df17f127274a87289566e72cd1,77e86fa535fcfdaacaad84d43de49fae8eb415c15d4543f652e096e289356898,img_336e332b62e7aeecdaa5,1024,1024,1,1,uint8,8,0,135,8.21541,8.73097,0,0,0,0,3,6,11,26,42,69,135,255,0,75300,PN148,AD,3R,AD_3R,5,DIV05,13,PN148_3R_AD_DIV05,PN148_3R_AD_DIV05,PN148_AD_3R_DIV05,parsed,PN148,3R,AD,DIV05,PN148_AD_3R_DIV05,none,none,none,none,not_applicable,normalized_thumbnail_ncc_threshold_0.995,none,unassigned
sted_fiber_data,PN148_3R_AD_DIV05 (Series 14) [1].tif,fiber_image,70632c9aaa9c3acaec4429d6d8f6e294f83039e6e668c9015e46d0084ae845bc,66bd74b3651fafcb77ddb364b6da8bb18736b55b9da86abbaccc62bc4f863fce,img_05ef13116918fe81f04f,1024,1024,1,1,uint8,8,0,242,11.7609,16.3706,0,0,0,0,3,8,14,37,91,152,242,255,0,98699,PN148,AD,3R,AD_3R,5,DIV05,14,PN148_3R_AD_DIV05,PN148_3R_AD_DIV05,PN148_AD_3R_DIV05,parsed,PN148,3R,AD,DIV05,PN148_AD_3R_DIV05,none,none,none,none,not_applicable,normalized_thumbnail_ncc_threshold_0.995,elongated_high_intensity_component,unassigned
sted_fiber_data,PN148_3R_AD_DIV05 (Series 2) [1].tif,fiber_image,43505d0bb7de8ddc36c5fca2e2ac7617c8d7dbf4d1a5ed3724111650b961e325,235c5818a1c789fbe45764a9b4f182f61e4e7448dc16b6e2594eb73763ea2cef,img_a384df1a12d4f8b185b3,1024,1024,1,1,uint8,8,0,109,4.08883,5.07706,0,0,0,0,1,3,6,13,23,47,109,255,0,219654,PN148,AD,3R,AD_3R,5,DIV05,2,PN148_3R_AD_DIV05,PN148_3R_AD_DIV05,PN148_AD_3R_DIV05,parsed,PN148,3R,AD,DIV05,PN148_AD_3R_DIV05,none,none,none,none,not_applicable,normalized_thumbnail_ncc_threshold_0.995,elongated_high_intensity_component,unassigned
sted_fiber_data,PN148_3R_AD_DIV05 (Series 3) [1].tif,fiber_image,2fe594ac859ff88c1a932af44b9a2b8799bdecf61e4752dbae34fa31bd63a0a8,3e07c819684ace3c0aeed38d289c2f4f22a9162be6a719f4e7939fd6e0ada015,img_6c2ecbaaa6ef986d7a8a,1024,1024,1,1,uint8,8,0,255,11.282,18.9532,0,0,0,0,3,6,14,34,96,220,255,255,81,110471,PN148,AD,3R,AD_3R,5,DIV05,3,PN148_3R_AD_DIV05,PN148_3R_AD_DIV05,PN148_AD_3R_DIV05,parsed,PN148,3R,AD,DIV05,PN148_AD_3R_DIV05,none,none,none,none,not_applicable,normalized_thumbnail_ncc_threshold_0.995,saturation,unassigned
sted_fiber_data,PN148_3R_AD_DIV05 (Series 4) [1].tif,fiber_image,7f0031edbfe95bab4748b96726be2e4ae5c48dab4496875d9c7576d3d7f1d13b,6cf24053c3b26106da54d8f3fef0b33bff7eb0c4db855de5a1818d8404517ec4,img_fadc74fa80dfbd3600a9,1024,1024,1,1,uint8,8,0,117,3.71505,5.05902,0,0,0,0,1,3,4,11,24,57,117,255,0,171618,PN148,AD,3R,AD_3R,5,DIV05,4,PN148_3R_AD_DIV05,PN148_3R_AD_DIV05,PN148_AD_3R_DIV05,parsed,PN148,3R,AD,DIV05,PN148_AD_3R_DIV05,none,none,none,none,not_applicable,normalized_thumbnail_ncc_threshold_0.995,elongated_high_intensity_component,unassigned
sted_fiber_data,PN148_3R_AD_DIV05 (Series 5) [1].tif,fiber_image,132e1d27a2ab743ce4627fb94bd5d23d5b1709cbb52f618903080a1f8780ffaa,dacb30bf81bb0a1d39675370995a7ca55a94d9e4697067648dc3b6e9c5bdd089,img_4327d9c9257893503503,1024,1024,1,1,uint8,8,0,90,4.0726,4.2327,0,0,0,0,1,3,6,11,19,39,90,255,0,138209,PN148,AD,3R,AD_3R,5,DIV05,5,PN148_3R_AD_DIV05,PN148_3R_AD_DIV05,PN148_AD_3R_DIV05,parsed,PN148,3R,AD,DIV05,PN148_AD_3R_DIV05,none,none,none,none,not_applicable,normalized_thumbnail_ncc_threshold_0.995,elongated_high_intensity_component,unassigned
sted_fiber_data,PN148_3R_AD_DIV05 (Series 6) [1].tif,fiber_image,d71c9f3e8f79788830dbdaf05a33810e0350883ce549e967353b50e17ce598a5,fba84b132b05ec64904db5d510efe3d926962c125b634acc2810d265d28ecfce,img_8997c259722f04459949,1024,1024,1,1,uint8,8,0,255,22.8238,33.8316,0,0,0,1,4,11,26,92,180,240,255,255,399,43724,PN148,AD,3R,AD_3R,5,DIV05,6,PN148_3R_AD_DIV05,PN148_3R_AD_DIV05,PN148_AD_3R_DIV05,parsed,PN148,3R,AD,DIV05,PN148_AD_3R_DIV05,none,none,none,none,not_applicable,normalized_thumbnail_ncc_threshold_0.995,saturation,unassigned
sted_fiber_data,PN148_3R_AD_DIV05 (Series 7) [1].tif,fiber_image,ed9842e025225c4e39523f57d0919293b4e47c2184d075ce973b7d9a1da2f6ec,8255f1dc9ed6b35a7a7315a8db8e40f808ea74a947bf5fb85e5007243047f447,img_c1cd5e51bd23025fc12e,1024,1024,1,1,uint8,8,0,74,4.54717,4.38075,0,0,0,0,1,4,6,13,19,37,74,255,0,113251,PN148,AD,3R,AD_3R,5,DIV05,7,PN148_3R_AD_DIV05,PN148_3R_AD_DIV05,PN148_AD_3R_DIV05,parsed,PN148,3R,AD,DIV05,PN148_AD_3R_DIV05,none,none,none,none,not_applicable,normalized_thumbnail_ncc_threshold_0.995,none,unassigned
sted_fiber_data,PN148_3R_AD_DIV05 (Series 8) [1].tif,fiber_image,9beccb9d32305c292b76c1672bb04d38036b5a289cebc22753b9916b1aa09a5d,c5dc5b46dfabba378fb4549c771473ce9f50df7e88d7812d56250bc0f8c150da,img_3010971d14e8352a0328,1024,1024,1,1,uint8,8,0,205,9.08464,8.3875,0,0,0,1,4,8,13,23,41,82,205,255,0,34471,PN148,AD,3R,AD_3R,5,DIV05,8,PN148_3R_AD_DIV05,PN148_3R_AD_DIV05,PN148_AD_3R_DIV05,parsed,PN148,3R,AD,DIV05,PN148_AD_3R_DIV05,none,none,none,none,not_applicable,normalized_thumbnail_ncc_threshold_0.995,none,unassigned
sted_fiber_data,PN148_3R_AD_DIV05 (Series 9) [1].tif,fiber_image,5f60935f4474c462534652010000decc0d3f11d261f261e130c5500b838670b4,ebd5b69a50cd365a67c169232a1f9611b2f1ea55873ec9891f617101fbc91382,img_37f487122c9963d39984,1024,1024,1,1,uint8,8,0,170,5.1739,7.56101,0,0,0,0,1,3,6,16,34,92,170,255,0,150289,PN148,AD,3R,AD_3R,5,DIV05,9,PN148_3R_AD_DIV05,PN148_3R_AD_DIV05,PN148_AD_3R_DIV05,parsed,PN148,3R,AD,DIV05,PN148_AD_3R_DIV05,none,none,none,none,not_applicable,normalized_thumbnail_ncc_threshold_0.995,none,unassigned
sted_fiber_data,PN148_3R_AD_DIV07 (Series 0) [1].tif,fiber_image,b5839d73dfc9928827dc502f7347d3fbe79507b9f07eddcbd34723eea8e2b74e,d4b79b7262db248ab96f0f96cf0c286466fe21edb8cd64154f238863b737edc8,img_af6313c152e9bc38a66c,1024,1024,1,1,uint8,8,0,218,12.7392,15.1362,0,0,0,0,3,8,18,41,72,115,218,255,0,107552,PN148,AD,3R,AD_3R,7,DIV07,0,PN148_3R_AD_DIV07,PN148_3R_AD_DIV07,PN148_AD_3R_DIV07,parsed,PN148,3R,AD,DIV07,PN148_AD_3R_DIV07,none,none,none,none,not_applicable,normalized_thumbnail_ncc_threshold_0.995,none,unassigned
sted_fiber_data,PN148_3R_AD_DIV07 (Series 1) [1].tif,fiber_image,ad5f6667a414ff7c67fcf67fd829a7147ddd53192a034f4e1ea88d1b6ed031d8,46085bf8f738cf873a1c04dc5f5ac6243e1c433c195440a2a69ba890f17526e6,img_b06435e676087b2c39f4,1024,1024,1,1,uint8,8,0,135,3.20871,3.31257,0,0,0,0,1,3,4,9,13,34,135,255,0,161293,PN148,AD,3R,AD_3R,7,DIV07,1,PN148_3R_AD_DIV07,PN148_3R_AD_DIV07,PN148_AD_3R_DIV07,parsed,PN148,3R,AD,DIV07,PN148_AD_3R_DIV07,none,none,none,none,not_applicable,normalized_thumbnail_ncc_threshold_0.995,elongated_high_intensity_component,unassigned
sted_fiber_data,PN148_3R_AD_DIV07 (Series 10) [1].tif,fiber_image,526d02e8299f60e21cc3c97144ee53ac05a6af7ebbe87e9e1561ea5a90e09503,9fa650eef6e5d7c1651efc41c270998ea7f2f4858c5b847ee406b4ad61b706f8,img_41282a1b6b24e8e29d3c,1024,1024,1,1,uint8,8,0,205,16.7092,16.4164,0,0,0,1,4,11,24,49,76,117,205,255,0,34745,PN148,AD,3R,AD_3R,7,DIV07,10,PN148_3R_AD_DIV07,PN148_3R_AD_DIV07,PN148_AD_3R_DIV07,parsed,PN148,3R,AD,DIV07,PN148_AD_3R_DIV07,none,none,none,none,not_applicable,normalized_thumbnail_ncc_threshold_0.995,none,unassigned
sted_fiber_data,PN148_3R_AD_DIV07 (Series 11) [1].tif,fiber_image,67f4830d9c8637a2532b4cc7d2f4424a5fef14a1abe890be842ba73eec9fae2e,7dfcb0992fb2c22f08ffe8d4606a64d8df8660ef9d6449b88323502f7af539c5,img_bb9526aa8e73e5120f68,1024,1024,1,1,uint8,8,0,162,5.90499,8.47952,0,0,0,0,1,3,8,24,39,62,162,255,0,195027,PN148,AD,3R,AD_3R,7,DIV07,11,PN148_3R_AD_DIV07,PN148_3R_AD_DIV07,PN148_AD_3R_DIV07,parsed,PN148,3R,AD,DIV07,PN148_AD_3R_DIV07,none,none,none,none,not_applicable,normalized_thumbnail_ncc_threshold_0.995,elongated_high_intensity_component,unassigned
sted_fiber_data,PN148_3R_AD_DIV07 (Series 12) [1].tif,fiber_image,c8638653e3edeadc2fd1180182d3d76bb9c9363b78ca932fc00c54fe9c599c81,0b24fd3eb70b89df982c55d2ab5a473047db3469fac6ff560f8e5bd337187702,img_2fa4cb54c075c955d833,1024,1024,1,1,uint8,8,0,220,7.09379,8.09922,0,0,0,0,3,4,9,21,39,69,220,255,0,101725,PN148,AD,3R,AD_3R,7,DIV07,12,PN148_3R_AD_DIV07,PN148_3R_AD_DIV07,PN148_AD_3R_DIV07,parsed,PN148,3R,AD,DIV07,PN148_AD_3R_DIV07,none,none,none,none,not_applicable,normalized_thumbnail_ncc_threshold_0.995,elongated_high_intensity_component,unassigned
sted_fiber_data,PN148_3R_AD_DIV07 (Series 13) [1].tif,fiber_image,e4295594b6fdeac07ed40e11a5673f26c95ef3a993f9f014c5ff1080a4e63177,d8a736fd2371b1398055dd3f642807d0c5490923c5c113839f9d05c5630f2c8f,img_790402c5b71e8e2f9f81,1024,1024,1,1,uint8,8,0,129,12.7892,12.8823,0,0,0,0,3,9,19,39,57,82,129,255,0,74814,PN148,AD,3R,AD_3R,7,DIV07,13,PN148_3R_AD_DIV07,PN148_3R_AD_DIV07,PN148_AD_3R_DIV07,parsed,PN148,3R,AD,DIV07,PN148_AD_3R_DIV07,none,none,none,none,not_applicable,normalized_thumbnail_ncc_threshold_0.995,elongated_high_intensity_component,unassigned
sted_fiber_data,PN148_3R_AD_DIV07 (Series 14) [1].tif,fiber_image,a8d45b845b73ac429954f5ecf2c084172e0c4fd423016d1e130f708f88ea6544,6c74584d2a7f3ef69f78e670fe61cfe83658bce455fb34e1a7404a962175b9f8,img_6354fbe0270925b9d4c5,1024,1024,1,1,uint8,8,0,72,3.26342,3.42364,0,0,0,0,1,3,4,9,16,32,72,255,0,164991,PN148,AD,3R,AD_3R,7,DIV07,14,PN148_3R_AD_DIV07,PN148_3R_AD_DIV07,PN148_AD_3R_DIV07,parsed,PN148,3R,AD,DIV07,PN148_AD_3R_DIV07,none,none,none,none,not_applicable,normalized_thumbnail_ncc_threshold_0.995,elongated_high_intensity_component,unassigned
sted_fiber_data,PN148_3R_AD_DIV07 (Series 2) [1].tif,fiber_image,7c0b0a11f6df8b35e7db33887145c2e2c882943e412f3e0feb80ecf3cf74e8d7,628c06ff512cd47eee4742f3f53098e5067dace9bfca46e49443628d0696ba95,img_6fea70ce23f72c4ab598,1024,1024,1,1,uint8,8,0,134,2.93128,3.89596,0,0,0,0,1,3,4,9,16,41,134,255,0,239047,PN148,AD,3R,AD_3R,7,DIV07,2,PN148_3R_AD_DIV07,PN148_3R_AD_DIV07,PN148_AD_3R_DIV07,parsed,PN148,3R,AD,DIV07,PN148_AD_3R_DIV07,none,none,none,none,not_applicable,normalized_thumbnail_ncc_threshold_0.995,none,unassigned
sted_fiber_data,PN148_3R_AD_DIV07 (Series 3) [1].tif,fiber_image,2462099871fc8425cfb077d3ec30b9aad499d668787c06e79d49f204a9e2e300,aaa70aede837c415a9fde519e873163a46d7fdec4884bce53c0ae7c1b26523e2,img_aa4518ca568252cab18b,1024,1024,1,1,uint8,8,0,157,4.73408,9.40736,0,0,0,0,0,1,4,21,49,89,157,255,0,303838,PN148,AD,3R,AD_3R,7,DIV07,3,PN148_3R_AD_DIV07,PN148_3R_AD_DIV07,PN148_AD_3R_DIV07,parsed,PN148,3R,AD,DIV07,PN148_AD_3R_DIV07,none,none,none,none,not_applicable,normalized_thumbnail_ncc_threshold_0.995,elongated_high_intensity_component,unassigned
sted_fiber_data,PN148_3R_AD_DIV07 (Series 4) [1].tif,fiber_image,c9c93936dec60046bd57df1200b990b89d1650fc2c32b8cfa5420bdd784cf7d8,e488a5dd819953e4a40ff430c0bd54d0501985d9c33cf17a51615b038122a885,img_a7abf649f0bc64be6903,1024,1024,1,1,uint8,8,0,77,3.44407,4.32433,0,0,0,0,1,3,4,11,21,39,77,255,0,218353,PN148,AD,3R,AD_3R,7,DIV07,4,PN148_3R_AD_DIV07,PN148_3R_AD_DIV07,PN148_AD_3R_DIV07,parsed,PN148,3R,AD,DIV07,PN148_AD_3R_DIV07,none,none,none,none,not_applicable,normalized_thumbnail_ncc_threshold_0.995,none,unassigned
sted_fiber_data,PN148_3R_AD_DIV07 (Series 5) [1].tif,fiber_image,3ea94a19864ab42b22191aaa0b460058ae397067697b6407e404ad5646517701,28faeceac97441a81dc940d380607b6d69f813b0c383683cca14934f698d143b,img_628e54059c0234c34515,1024,1024,1,1,uint8,8,0,190,13.6108,12.7153,0,0,0,0,4,11,19,37,59,89,190,255,0,68419,PN148,AD,3R,AD_3R,7,DIV07,5,PN148_3R_AD_DIV07,PN148_3R_AD_DIV07,PN148_AD_3R_DIV07,parsed,PN148,3R,AD,DIV07,PN148_AD_3R_DIV07,none,none,none,none,not_applicable,normalized_thumbnail_ncc_threshold_0.995,none,unassigned
sted_fiber_data,PN148_3R_AD_DIV07 (Series 6) [1].tif,fiber_image,fbf849e477ecf9960235f74cd6248ac80fc0ebac3f645413d69130353d371c0f,baef44f38c7a7eb83ec5d5692b7c5c8e7038d5cb94355dcee12f14ebb24af9b3,img_6bdff4cbc2cb4ee79484,1024,1024,1,1,uint8,8,0,200,5.80437,7.27435,0,0,0,0,1,3,8,19,34,62,200,255,0,156053,PN148,AD,3R,AD_3R,7,DIV07,6,PN148_3R_AD_DIV07,PN148_3R_AD_DIV07,PN148_AD_3R_DIV07,parsed,PN148,3R,AD,DIV07,PN148_AD_3R_DIV07,none,none,none,none,not_applicable,normalized_thumbnail_ncc_threshold_0.995,none,unassigned
sted_fiber_data,PN148_3R_AD_DIV07 (Series 7) [1].tif,fiber_image,4023b6910810c2ca087202aafd27fc38e7f06aabb3bcec24dbbd3e02a83000f3,10a25394c2eeafba543588cb580729da4b23397fade673f27ef421dceb2e5b74,img_36887275f74c2800d428,1024,1024,1,1,uint8,8,0,115,3.23414,3.61522,0,0,0,0,1,3,4,9,16,34,115,255,0,181139,PN148,AD,3R,AD_3R,7,DIV07,7,PN148_3R_AD_DIV07,PN148_3R_AD_DIV07,PN148_AD_3R_DIV07,parsed,PN148,3R,AD,DIV07,PN148_AD_3R_DIV07,none,none,none,none,not_applicable,normalized_thumbnail_ncc_threshold_0.995,elongated_high_intensity_component,unassigned
sted_fiber_data,PN148_3R_AD_DIV07 (Series 8) [1].tif,fiber_image,7ac56aaa010e4efd122332c2248c62edb3f554069dee69deec6cb6e788f04a9f,d95f88e786838b1364611a57ba5a799a3a3cf169d69a31747dcbabecf72caf82,img_8fa2450a020230008df2,1024,1024,1,1,uint8,8,0,102,5.06192,4.89551,0,0,0,0,1,4,8,14,21,41,102,255,0,125774,PN148,AD,3R,AD_3R,7,DIV07,8,PN148_3R_AD_DIV07,PN148_3R_AD_DIV07,PN148_AD_3R_DIV07,parsed,PN148,3R,AD,DIV07,PN148_AD_3R_DIV07,none,none,none,none,not_applicable,normalized_thumbnail_ncc_threshold_0.995,elongated_high_intensity_component,unassigned
sted_fiber_data,PN148_3R_AD_DIV07 (Series 9) [1].tif,fiber_image,686eadd4607e58d79b3fcf52273abaf8159e1067477ea9afcd9c80cb97931438,c2e538e042a24c6640d82ab893db96270bcebdaedf16802eaffcb8dea6b13bef,img_d2e8b14a3e38192820a2,1024,1024,1,1,uint8,8,0,125,2.65386,3.65434,0,0,0,0,1,1,4,8,16,41,125,255,0,240484,PN148,AD,3R,AD_3R,7,DIV07,9,PN148_3R_AD_DIV07,PN148_3R_AD_DIV07,PN148_AD_3R_DIV07,parsed,PN148,3R,AD,DIV07,PN148_AD_3R_DIV07,none,none,none,none,not_applicable,normalized_thumbnail_ncc_threshold_0.995,elongated_high_intensity_component,unassigned
sted_fiber_data,PN148_3R_AD_DIV10 (Series 0) [1].tif,fiber_image,f25bc8a87cc2a972a644bc5a20a45cac8345512e5a12de5389037cf271ca8f70,67e833aca6c32443e92cbf143f5a5a863eee2a2273a841c4050ce65d0b90701b,img_3c0c3ec1bb0439bd6030,1024,1024,1,1,uint8,8,0,228,12.0878,13.2411,0,0,0,1,4,8,16,37,64,107,228,255,0,42662,PN148,AD,3R,AD_3R,10,DIV10,0,PN148_3R_AD_DIV10,PN148_3R_AD_DIV10,PN148_AD_3R_DIV10,parsed,PN148,3R,AD,DIV10,PN148_AD_3R_DIV10,none,none,none,none,not_applicable,normalized_thumbnail_ncc_threshold_0.995,none,unassigned
sted_fiber_data,PN148_3R_AD_DIV10 (Series 1) [1].tif,fiber_image,dc50a80e6cad13d7261199a11941ea4833df42d1d8ab7308bb5d94e9e46e5130,b68f9c518f83e94bf58c9255a0282fd56d35f0822cddf8ede88bddc4d9e06e08,img_ff5eaa25d9b69644ae78,1024,1024,1,1,uint8,8,0,81,2.99285,3.0436,0,0,0,0,1,3,4,9,13,19,81,255,0,222806,PN148,AD,3R,AD_3R,10,DIV10,1,PN148_3R_AD_DIV10,PN148_3R_AD_DIV10,PN148_AD_3R_DIV10,parsed,PN148,3R,AD,DIV10,PN148_AD_3R_DIV10,none,none,none,none,not_applicable,normalized_thumbnail_ncc_threshold_0.995,none,unassigned
sted_fiber_data,PN148_3R_AD_DIV10 (Series 10) [1].tif,fiber_image,7134e145fb2234e71cddf7250b40b40eb1ea2ab2a228af6df15b8fe343cdaea9,c74e96ec8ebda48de0bd967405889da37d4746ac2391b91a186e1b26a94623fd,img_09bab76de392bf78e8c8,1024,1024,1,1,uint8,8,0,41,2.19543,2.37935,0,0,0,0,0,1,3,8,9,14,41,255,0,289854,PN148,AD,3R,AD_3R,10,DIV10,10,PN148_3R_AD_DIV10,PN148_3R_AD_DIV10,PN148_AD_3R_DIV10,parsed,PN148,3R,AD,DIV10,PN148_AD_3R_DIV10,none,none,none,none,not_applicable,normalized_thumbnail_ncc_threshold_0.995,none,unassigned
sted_fiber_data,PN148_3R_AD_DIV10 (Series 11) [1].tif,fiber_image,ffc96510e583ff3dfc4b1aa6a8199caf712b37ee2814bf89942f82b25d873163,fea47df900bc375e277037f3cd328bed79b78b687ff4e764ddfa9ea78fc09433,img_65ff1c564421c1849678,1024,1024,1,1,uint8,8,0,41,1.81595,2.29083,0,0,0,0,0,1,3,6,9,14,41,255,0,390907,PN148,AD,3R,AD_3R,10,DIV10,11,PN148_3R_AD_DIV10,PN148_3R_AD_DIV10,PN148_AD_3R_DIV10,parsed,PN148,3R,AD,DIV10,PN148_AD_3R_DIV10,none,none,none,none,not_applicable,normalized_thumbnail_ncc_threshold_0.995,none,unassigned
sted_fiber_data,PN148_3R_AD_DIV10 (Series 12) [1].tif,fiber_image,b36c798f0d4a016d7d3852e61da47fc6ce548ecddde53e100d4a4065806ba1b1,f161edef59afed9c5ceb6104625b05ebf8bc8d83fe38e709cf1bf85bbf050ad1,img_b6556986cb7adc1c4bc7,1024,1024,1,1,uint8,8,0,101,2.58886,3.12374,0,0,0,0,1,1,4,8,14,26,101,255,0,259208,PN148,AD,3R,AD_3R,10,DIV10,12,PN148_3R_AD_DIV10,PN148_3R_AD_DIV10,PN148_AD_3R_DIV10,parsed,PN148,3R,AD,DIV10,PN148_AD_3R_DIV10,none,none,none,none,not_applicable,normalized_thumbnail_ncc_threshold_0.995,elongated_high_intensity_component,unassigned
sted_fiber_data,PN148_3R_AD_DIV10 (Series 13) [1].tif,fiber_image,ea2e0fad94d5bf4d1df7120a3a29279fdff0c2bfaa1e691db4c5539e786c607d,0ebe01295e686e6820396c15df7ce3178688a79ee5ee30059d4ce583e01f1971,img_95c7225b6e02ba9a7c7d,1024,1024,1,1,uint8,8,0,47,2.70817,2.54843,0,0,0,0,1,3,4,8,11,16,47,255,0,195735,PN148,AD,3R,AD_3R,10,DIV10,13,PN148_3R_AD_DIV10,PN148_3R_AD_DIV10,PN148_AD_3R_DIV10,parsed,PN148,3R,AD,DIV10,PN148_AD_3R_DIV10,none,none,none,none,not_applicable,normalized_thumbnail_ncc_threshold_0.995,elongated_high_intensity_component,unassigned
sted_fiber_data,PN148_3R_AD_DIV10 (Series 14) [1].tif,fiber_image,e9cd9b2216456247f4b52b5b9693c4c52a5b6982a748f1c9b2f27c7799aa5e09,700e3580cb4b08b46751123bb72d1044464307ade2cfb63f3a8b1276a16baab8,img_1004be7bb7f6a85971ff,1024,1024,1,1,uint8,8,0,87,3.91776,6.07333,0,0,0,0,0,1,4,18,28,41,87,255,0,290032,PN148,AD,3R,AD_3R,10,DIV10,14,PN148_3R_AD_DIV10,PN148_3R_AD_DIV10,PN148_AD_3R_DIV10,parsed,PN148,3R,AD,DIV10,PN148_AD_3R_DIV10,none,none,none,none,not_applicable,normalized_thumbnail_ncc_threshold_0.995,none,unassigned
sted_fiber_data,PN148_3R_AD_DIV10 (Series 2) [1].tif,fiber_image,38999e929e514cd1f47b64dfd9fe2061c2713cc7d40c49d0c5f7f004a31cc2ef,1bb162403b926ab75978b709812ead500ff994d8c8be6b188e833838c7860b24,img_a2b60271e392e44ab4e6,1024,1024,1,1,uint8,8,0,97,3.46847,4.05224,0,0,0,0,1,3,4,11,18,37,97,255,0,214339,PN148,AD,3R,AD_3R,10,DIV10,2,PN148_3R_AD_DIV10,PN148_3R_AD_DIV10,PN148_AD_3R_DIV10,parsed,PN148,3R,AD,DIV10,PN148_AD_3R_DIV10,none,none,none,none,not_applicable,normalized_thumbnail_ncc_threshold_0.995,none,unassigned
sted_fiber_data,PN148_3R_AD_DIV10 (Series 3) [1].tif,fiber_image,8c19505641ce557f9a4d6a27e28b4e3c9533dae4ebdd334c605dc9a43fc471e3,15e07511fc08a1881aa1356ad16c17e584762087b83e9a3186605ee7e6cbcd95,img_2a83cf27e86fd0275008,1024,1024,1,1,uint8,8,0,255,23.428,26.6286,0,0,1,3,9,16,27,71,150,212,255,255,36,7990,PN148,AD,3R,AD_3R,10,DIV10,3,PN148_3R_AD_DIV10,PN148_3R_AD_DIV10,PN148_AD_3R_DIV10,parsed,PN148,3R,AD,DIV10,PN148_AD_3R_DIV10,none,none,none,none,not_applicable,normalized_thumbnail_ncc_threshold_0.995,saturation,unassigned
sted_fiber_data,PN148_3R_AD_DIV10 (Series 4) [1].tif,fiber_image,b80811244e7e853a570342c5495ad7c19dbf22bac81fe0d743def15e5b251b7b,5d607cfdf57d981836ff43c73b785c5ebb01c062c7ae3b7fe6a6fceb1df73861,img_66e6831a96cc2c971d46,1024,1024,1,1,uint8,8,0,230,17.6098,19.8665,0,0,0,0,3,13,24,54,95,160,230,255,0,101209,PN148,AD,3R,AD_3R,10,DIV10,4,PN148_3R_AD_DIV10,PN148_3R_AD_DIV10,PN148_AD_3R_DIV10,parsed,PN148,3R,AD,DIV10,PN148_AD_3R_DIV10,none,none,none,none,not_applicable,normalized_thumbnail_ncc_threshold_0.995,none,unassigned
sted_fiber_data,PN148_3R_AD_DIV10 (Series 5) [1].tif,fiber_image,877041331c123f60dd1c5d170c1a18af7ffd97d59affdd410bc8c8bf9727dd03,d03e8301258c96dbc9b51661b73ce9612bfeec09b36e0c694280d5ac14eb1e8e,img_3eb9582a5c396fb263cd,1024,1024,1,1,uint8,8,0,255,19.7632,27.3879,0,0,0,0,4,11,23,69,150,214,255,255,118,55753,PN148,AD,3R,AD_3R,10,DIV10,5,PN148_3R_AD_DIV10,PN148_3R_AD_DIV10,PN148_AD_3R_DIV10,parsed,PN148,3R,AD,DIV10,PN148_AD_3R_DIV10,none,none,none,none,not_applicable,normalized_thumbnail_ncc_threshold_0.995,saturation;elongated_high_intensity_component,unassigned
sted_fiber_data,PN148_3R_AD_DIV10 (Series 6) [1].tif,fiber_image,996695a27c83010e0936cdd3b4e73e62a59d1418623ed16dabe8a6d8cd7ca493,a837fe356c7a689684f0d992068b8ff454f0cb28a7e8769ca64f2a0ca4c207ae,img_326a83325050177883ff,1024,1024,1,1,uint8,8,0,97,5.05611,4.39214,0,0,0,0,1,4,8,13,18,31,97,255,0,146740,PN148,AD,3R,AD_3R,10,DIV10,6,PN148_3R_AD_DIV10,PN148_3R_AD_DIV10,PN148_AD_3R_DIV10,parsed,PN148,3R,AD,DIV10,PN148_AD_3R_DIV10,none,none,none,none,not_applicable,normalized_thumbnail_ncc_threshold_0.995,none,unassigned
sted_fiber_data,PN148_3R_AD_DIV10 (Series 7) [1].tif,fiber_image,e4a003857e696df5b2283fa8299bbccdb6d3f9c1b9e242332d5da07c155ba270,e742c61509a78ae0d7e5732d6e665192a11af1262026ee0a9a28edc3fc0b3da2,img_ea91c645683f7bd78ded,1024,1024,1,1,uint8,8,0,255,9.39697,15.6453,0,0,0,0,3,6,11,29,84,170,255,255,3,98144,PN148,AD,3R,AD_3R,10,DIV10,7,PN148_3R_AD_DIV10,PN148_3R_AD_DIV10,PN148_AD_3R_DIV10,parsed,PN148,3R,AD,DIV10,PN148_AD_3R_DIV10,none,none,none,none,not_applicable,normalized_thumbnail_ncc_threshold_0.995,saturation,unassigned
sted_fiber_data,PN148_3R_AD_DIV10 (Series 8) [1].tif,fiber_image,05452880f3406c70bff346d7aa419af480a194b1cac4e1dabcc360c1ee968f58,68fce9dbb3e26a2fecc920729522297ffbddc0eeb7eeeaaae80b05a7273a86eb,img_d076806a156c74e5e9ab,1024,1024,1,1,uint8,8,0,255,18.5061,28.6081,0,0,0,0,4,9,21,67,159,220,255,255,94,56341,PN148,AD,3R,AD_3R,10,DIV10,8,PN148_3R_AD_DIV10,PN148_3R_AD_DIV10,PN148_AD_3R_DIV10,parsed,PN148,3R,AD,DIV10,PN148_AD_3R_DIV10,none,none,none,none,not_applicable,normalized_thumbnail_ncc_threshold_0.995,saturation,unassigned
sted_fiber_data,PN148_3R_AD_DIV10 (Series 9) [1].tif,fiber_image,b12ff1c6a4a96dabb1fd4cd9120912a929acfd939e3625dc841d8ca3833a2b45,e99c453f10bd3e7aba9490ade95f17c3ebd813e3a488923aa6aa2e4640971be5,img_ac59ddadde44b32aad03,1024,1024,1,1,uint8,8,0,32,3.16486,2.9272,0,0,0,0,1,3,4,9,13,18,32,255,0,174315,PN148,AD,3R,AD_3R,10,DIV10,9,PN148_3R_AD_DIV10,PN148_3R_AD_DIV10,PN148_AD_3R_DIV10,parsed,PN148,3R,AD,DIV10,PN148_AD_3R_DIV10,none,none,none,none,not_applicable,normalized_thumbnail_ncc_threshold_0.995,none,unassigned
sted_fiber_data,PN148_3R_AD_DIV11 (Series 0) [1].tif,fiber_image,b41b0345e4e5628bc6eb5b186001070324d6430abf548fcc208527c47b6b8b0d,2678723e47c09c8f58079f5136f7f406fbd0dd2ca8d2c8e045dab6f713ace453,img_afdfb6f5fe1befc1d488,1024,1024,1,1,uint8,8,0,149,10.239,8.54909,0,0,0,1,4,8,14,26,41,67,149,255,0,39525,PN148,AD,3R,AD_3R,11,DIV11,0,PN148_3R_AD_DIV11,PN148_3R_AD_DIV11,PN148_AD_3R_DIV11,parsed,PN148,3R,AD,DIV11,PN148_AD_3R_DIV11,none,none,none,none,not_applicable,normalized_thumbnail_ncc_threshold_0.995,none,unassigned
sted_fiber_data,PN148_3R_AD_DIV11 (Series 1) [1].tif,fiber_image,9c68b148ad5428565e2aba14eb2527bab1775cebe05c685fece6360e4027bc07,8f989b424e6061425ee44928a0489b17557584b3983791140a6f81267cbc8765,img_7a46bf510c5e3496e9a0,1024,1024,1,1,uint8,8,0,31,2.82887,2.57239,0,0,0,0,1,3,4,8,11,14,31,255,0,182859,PN148,AD,3R,AD_3R,11,DIV11,1,PN148_3R_AD_DIV11,PN148_3R_AD_DIV11,PN148_AD_3R_DIV11,parsed,PN148,3R,AD,DIV11,PN148_AD_3R_DIV11,none,none,none,none,not_applicable,normalized_thumbnail_ncc_threshold_0.995,none,unassigned
sted_fiber_data,PN148_3R_AD_DIV11 (Series 10) [1].tif,fiber_image,7ded105c28d90c4ba37369b95376d00809ef44f099c8558d14ed4d64e3d60c53,7a903e6a14e297887b17c3ac1e0dce05601c9bdb569751ed2b9e63ce4646a82e,img_11be543bc5496ac91286,1024,1024,1,1,uint8,8,0,95,5.40751,4.40634,0,0,0,0,3,4,8,13,19,34,95,255,0,87267,PN148,AD,3R,AD_3R,11,DIV11,10,PN148_3R_AD_DIV11,PN148_3R_AD_DIV11,PN148_AD_3R_DIV11,parsed,PN148,3R,AD,DIV11,PN148_AD_3R_DIV11,none,none,none,none,not_applicable,normalized_thumbnail_ncc_threshold_0.995,elongated_high_intensity_component,unassigned
sted_fiber_data,PN148_3R_AD_DIV11 (Series 11) [1].tif,fiber_image,fb30d9cc337d89fc3bf9324cc7138fdc3a0b11bbe0b1c7255e53b87201172b3c,a07e7f7a9ddb354428ebdb414f5488d21c776a4eb82ef4eb9d3d51a98d0b52e9,img_d78c531fbd045674570a,1024,1024,1,1,uint8,8,0,54,3.13612,3.12029,0,0,0,0,1,3,4,9,13,19,54,255,0,208866,PN148,AD,3R,AD_3R,11,DIV11,11,PN148_3R_AD_DIV11,PN148_3R_AD_DIV11,PN148_AD_3R_DIV11,parsed,PN148,3R,AD,DIV11,PN148_AD_3R_DIV11,none,none,none,none,not_applicable,normalized_thumbnail_ncc_threshold_0.995,none,unassigned
sted_fiber_data,PN148_3R_AD_DIV11 (Series 12) [1].tif,fiber_image,b8038d22866af6c8d8e3a30ff9462e9454ff8dbe60a0b272e8f8802e759000a9,d07bd54723a4a01b63508e1549fcafad139a1805af4589b6279fcf5198fdfb50,img_a35724c4af1171295a36,1024,1024,1,1,uint8,8,0,41,5.10252,3.98941,0,0,0,0,3,4,8,13,18,23,41,255,0,74476,PN148,AD,3R,AD_3R,11,DIV11,12,PN148_3R_AD_DIV11,PN148_3R_AD_DIV11,PN148_AD_3R_DIV11,parsed,PN148,3R,AD,DIV11,PN148_AD_3R_DIV11,none,none,none,none,not_applicable,normalized_thumbnail_ncc_threshold_0.995,none,unassigned
sted_fiber_data,PN148_3R_AD_DIV11 (Series 13) [1].tif,fiber_image,2ba5f7f6471e5ed25b1800063a8837571f17631b765f21f7d217820881252611,c75c5455ce835d3db1f2628293e189ea44a94bd0253ff9e81602b9a6e733fc50,img_908b7626488400e9bd20,1024,1024,1,1,uint8,8,0,51,2.62355,2.62353,0,0,0,0,1,3,4,8,11,16,51,255,0,225175,PN148,AD,3R,AD_3R,11,DIV11,13,PN148_3R_AD_DIV11,PN148_3R_AD_DIV11,PN148_AD_3R_DIV11,parsed,PN148,3R,AD,DIV11,PN148_AD_3R_DIV11,none,none,none,none,not_applicable,normalized_thumbnail_ncc_threshold_0.995,elongated_high_intensity_component,unassigned
sted_fiber_data,PN148_3R_AD_DIV11 (Series 14) [1].tif,fiber_image,d41b2e927ec8cb9da79ccf9fef3a442aba8dc843a3487dab81d2ede2fe53bfbd,65b6bf3334963eb430acf844dbba778b373d4b90eeffe89ecddd4c850492f032,img_0b664bdb72a82de0b584,1024,1024,1,1,uint8,8,0,33,3.15062,2.88838,0,0,0,0,1,3,4,9,13,18,33,255,0,174584,PN148,AD,3R,AD_3R,11,DIV11,14,PN148_3R_AD_DIV11,PN148_3R_AD_DIV11,PN148_AD_3R_DIV11,parsed,PN148,3R,AD,DIV11,PN148_AD_3R_DIV11,none,none,none,none,not_applicable,normalized_thumbnail_ncc_threshold_0.995,none,unassigned
sted_fiber_data,PN148_3R_AD_DIV11 (Series 2) [1].tif,fiber_image,a97707df47534fabe3df45560e649f5e538f997ce63a14e85098bf10bad72b05,65031486d3ec244eb701c1f5d2f2faec9cd778bb2b2f1b86e1c08d3c9ef1c440,img_30ef8b924a37d36c8358,1024,1024,1,1,uint8,8,0,115,5.49136,4.88561,0,0,0,0,3,4,8,14,21,42,115,255,0,86731,PN148,AD,3R,AD_3R,11,DIV11,2,PN148_3R_AD_DIV11,PN148_3R_AD_DIV11,PN148_AD_3R_DIV11,parsed,PN148,3R,AD,DIV11,PN148_AD_3R_DIV11,none,none,none,none,not_applicable,normalized_thumbnail_ncc_threshold_0.995,none,unassigned
sted_fiber_data,PN148_3R_AD_DIV11 (Series 3) [1].tif,fiber_image,a33886481b49af8fed3a819efa48f3b0ae0650941d172c4d9fdb2966ee11fcfd,b855a17f9d61c5c8e58360b689bc40b26b8af0077a941e860d69c3854b30ea3c,img_a3993391af4e7f675d55,1024,1024,1,1,uint8,8,0,102,1.9007,2.73182,0,0,0,0,0,1,3,8,13,19,102,255,0,394161,PN148,AD,3R,AD_3R,11,DIV11,3,PN148_3R_AD_DIV11,PN148_3R_AD_DIV11,PN148_AD_3R_DIV11,parsed,PN148,3R,AD,DIV11,PN148_AD_3R_DIV11,none,none,none,none,not_applicable,normalized_thumbnail_ncc_threshold_0.995,elongated_high_intensity_component,unassigned
sted_fiber_data,PN148_3R_AD_DIV11 (Series 4) [1].tif,fiber_image,34729fe62651822aa36e01bb36ae478670dcf20c10a5d6e56da286c08fd2d11b,2dd581bbe6ff2db7a9951e68b6cbef565f2d070c3204c0659ef12408b3d9be17,img_4c0e59b9383f6afe093d,1024,1024,1,1,uint8,8,0,76,4.16685,3.80547,0,0,0,0,1,3,6,11,16,23,76,255,0,139572,PN148,AD,3R,AD_3R,11,DIV11,4,PN148_3R_AD_DIV11,PN148_3R_AD_DIV11,PN148_AD_3R_DIV11,parsed,PN148,3R,AD,DIV11,PN148_AD_3R_DIV11,none,none,none,none,not_applicable,normalized_thumbnail_ncc_threshold_0.995,none,unassigned
sted_fiber_data,PN148_3R_AD_DIV11 (Series 5) [1].tif,fiber_image,e51b23bd8d79ff78928653919ee259c0270d96c020c871dc5f6de399e16d4110,76e6beb73309df6a88659481387112c0e97703c074fbe58a90c957e3e0588ee1,img_aa6e949a5fb4e1af4311,1024,1024,1,1,uint8,8,0,36,1.53228,1.96355,0,0,0,0,0,1,3,6,8,13,36,255,0,418801,PN148,AD,3R,AD_3R,11,DIV11,5,PN148_3R_AD_DIV11,PN148_3R_AD_DIV11,PN148_AD_3R_DIV11,parsed,PN148,3R,AD,DIV11,PN148_AD_3R_DIV11,none,none,none,none,not_applicable,normalized_thumbnail_ncc_threshold_0.995,none,unassigned
sted_fiber_data,PN148_3R_AD_DIV11 (Series 6) [1].tif,fiber_image,fdc64d79635e18bc024d11a70cec8f5c94cc13f7e6815ea99dfe351bff05bf21,0847489dc4591608468fada56a6632d30c245489d186bebfbb07bf3746d42672,img_56ef07d8b186f329bbb1,1024,1024,1,1,uint8,8,0,71,2.7981,2.87797,0,0,0,0,1,3,4,8,13,16,71,255,0,248247,PN148,AD,3R,AD_3R,11,DIV11,6,PN148_3R_AD_DIV11,PN148_3R_AD_DIV11,PN148_AD_3R_DIV11,parsed,PN148,3R,AD,DIV11,PN148_AD_3R_DIV11,none,none,none,none,not_applicable,normalized_thumbnail_ncc_threshold_0.995,none,unassigned
sted_fiber_data,PN148_3R_AD_DIV11 (Series 7) [1].tif,fiber_image,51a0a6f2c17f4cd727f75b7b677c5f3807f46743a1dc4247cce6c23d0956fa88,aeecda1f5a0770ff63290ed1e3de3635c9e351c1e4f616b6de885c67939b7c0e,img_4c32c3f3ec62b42b61b2,1024,1024,1,1,uint8,8,0,41,2.20185,2.33356,0,0,0,0,0,1,3,6,9,14,41,255,0,269021,PN148,AD,3R,AD_3R,11,DIV11,7,PN148_3R_AD_DIV11,PN148_3R_AD_DIV11,PN148_AD_3R_DIV11,parsed,PN148,3R,AD,DIV11,PN148_AD_3R_DIV11,none,none,none,none,not_applicable,normalized_thumbnail_ncc_threshold_0.995,none,unassigned
sted_fiber_data,PN148_3R_AD_DIV11 (Series 8) [1].tif,fiber_image,5ad3836bd178eba53373e9b33da8933e57cd4ada86eb30d51cd48752746a4bab,cd4fb918157394c39772e104481d7ca455f7aa945f72b174d01133c64aa7a950,img_0db246d8332433f77358,1024,1024,1,1,uint8,8,0,127,5.59126,7.50257,0,0,0,0,1,3,8,21,34,56,127,255,0,180705,PN148,AD,3R,AD_3R,11,DIV11,8,PN148_3R_AD_DIV11,PN148_3R_AD_DIV11,PN148_AD_3R_DIV11,parsed,PN148,3R,AD,DIV11,PN148_AD_3R_DIV11,none,none,none,none,not_applicable,normalized_thumbnail_ncc_threshold_0.995,elongated_high_intensity_component,unassigned
sted_fiber_data,PN148_3R_AD_DIV11 (Series 9) [1].tif,fiber_image,6a23bb6b9700268f40c6e5f2f618ac4d944119e379cabf5a333b38f59bfa8698,a1e8d2cc89de836a2d8e38b75742fa9c5d47bb3da04b73f84c7dec7e46b2bc2e,img_80637c6ee2c20941bd30,1024,1024,1,1,uint8,8,0,159,6.0241,5.89413,0,0,0,0,3,4,8,16,28,54,159,255,0,94722,PN148,AD,3R,AD_3R,11,DIV11,9,PN148_3R_AD_DIV11,PN148_3R_AD_DIV11,PN148_AD_3R_DIV11,parsed,PN148,3R,AD,DIV11,PN148_AD_3R_DIV11,none,none,none,none,not_applicable,normalized_thumbnail_ncc_threshold_0.995,none,unassigned
sted_fiber_data,PN148_3R_AD_DIV13 (Series 0) [1].tif,fiber_image,b111865413f8b418b100f576b7903b8925f83bafa573407236c368e889d58b30,1338093e96d1c1e03c1574db900e867ef6f12bf2b314e9a003e65b37cc99e8bb,img_b8aa44c8935923b65010,1024,1024,1,1,uint8,8,0,89,4.15391,4.0145,0,0,0,0,1,3,6,11,16,26,89,255,0,174996,PN148,AD,3R,AD_3R,13,DIV13,0,PN148_3R_AD_DIV13,PN148_3R_AD_DIV13,PN148_AD_3R_DIV13,parsed,PN148,3R,AD,DIV13,PN148_AD_3R_DIV13,none,none,none,none,not_applicable,normalized_thumbnail_ncc_threshold_0.995,none,unassigned
sted_fiber_data,PN148_3R_AD_DIV13 (Series 1) [1].tif,fiber_image,bb7604df3939e93c48b27d4e336b62fdb5c70a6e347ac8363d9d282523b79bd2,75f7e6c77788e299cdd8cee6e20ae28e8a0bc96fe31912475554681a1275735c,img_f28654f3b799f32db30b,1024,1024,1,1,uint8,8,0,97,4.48172,3.83522,0,0,0,0,1,4,6,11,16,26,97,255,0,106225,PN148,AD,3R,AD_3R,13,DIV13,1,PN148_3R_AD_DIV13,PN148_3R_AD_DIV13,PN148_AD_3R_DIV13,parsed,PN148,3R,AD,DIV13,PN148_AD_3R_DIV13,none,none,none,none,not_applicable,normalized_thumbnail_ncc_threshold_0.995,none,unassigned
sted_fiber_data,PN148_3R_AD_DIV13 (Series 10) [1].tif,fiber_image,6745e72ad1c5553afb6e35d5a6d02febc15418f884a08e8f6ef86ac2fc8a02a9,4c4705ba8f4ab9f731fd27f4cef93f0a9c69527f44075adb3e80d12fb7b259db,img_0751617f37f573b03bb5,1024,1024,1,1,uint8,8,0,66,1.90786,2.57492,0,0,0,0,0,1,3,6,11,24,66,255,0,334564,PN148,AD,3R,AD_3R,13,DIV13,10,PN148_3R_AD_DIV13,PN148_3R_AD_DIV13,PN148_AD_3R_DIV13,parsed,PN148,3R,AD,DIV13,PN148_AD_3R_DIV13,none,none,none,none,not_applicable,normalized_thumbnail_ncc_threshold_0.995,elongated_high_intensity_component,unassigned
sted_fiber_data,PN148_3R_AD_DIV13 (Series 11) [1].tif,fiber_image,f030bfddc7889e95d0ed0ca1412b2e362b7993e095577792ff6c65ff863bc8cd,68aa474921a36906bf35a422c3e73219d086acc0280853653ea496c2258308dc,img_6786c4e69a2dd3728358,1024,1024,1,1,uint8,8,0,39,5.85498,3.99187,0,0,0,1,3,6,8,13,18,23,39,255,0,49253,PN148,AD,3R,AD_3R,13,DIV13,11,PN148_3R_AD_DIV13,PN148_3R_AD_DIV13,PN148_AD_3R_DIV13,parsed,PN148,3R,AD,DIV13,PN148_AD_3R_DIV13,none,none,none,none,not_applicable,normalized_thumbnail_ncc_threshold_0.995,none,unassigned
sted_fiber_data,PN148_3R_AD_DIV13 (Series 12) [1].tif,fiber_image,36404084e11f7fd7708e95e4f036a5e1626fcd8bdcba52b666825e63f99a0994,3e8b1d2b249042747d3b0e0fcf0552a90be7d6282810e302a78ddceea1f40d4f,img_6b3bc654e1815c44bda5,1024,1024,1,1,uint8,8,0,41,3.80912,3.49808,0,0,0,0,1,3,6,11,14,19,41,255,0,195518,PN148,AD,3R,AD_3R,13,DIV13,12,PN148_3R_AD_DIV13,PN148_3R_AD_DIV13,PN148_AD_3R_DIV13,parsed,PN148,3R,AD,DIV13,PN148_AD_3R_DIV13,none,none,none,none,not_applicable,normalized_thumbnail_ncc_threshold_0.995,none,unassigned
sted_fiber_data,PN148_3R_AD_DIV13 (Series 13) [1].tif,fiber_image,33c327383d397fed3d4a74ebb50ad3830d3c2050508ca8096b79b2739a9260bc,567d7f8b42b9d0966c6a587a190defeb203cf53d786a7cd040a0f81b9b5dc030,img_1d558d24d093e7bd630c,1024,1024,1,1,uint8,8,0,36,3.93975,3.25,0,0,0,0,1,3,6,9,14,18,36,255,0,126801,PN148,AD,3R,AD_3R,13,DIV13,13,PN148_3R_AD_DIV13,PN148_3R_AD_DIV13,PN148_AD_3R_DIV13,parsed,PN148,3R,AD,DIV13,PN148_AD_3R_DIV13,none,none,none,none,not_applicable,normalized_thumbnail_ncc_threshold_0.995,none,unassigned
sted_fiber_data,PN148_3R_AD_DIV13 (Series 14) [1].tif,fiber_image,04ad52a9596abe31f82f984509f6b83b303e826a8c56ab4630490e5eb161ea1d,02386f0d097a707f60df3de5148b95c9f54cad76f5a11b61b78125df536ef3d9,img_3d874fa92402c1373dbf,1024,1024,1,1,uint8,8,0,46,3.89208,3.21634,0,0,0,0,1,3,6,9,14,18,46,255,0,125146,PN148,AD,3R,AD_3R,13,DIV13,14,PN148_3R_AD_DIV13,PN148_3R_AD_DIV13,PN148_AD_3R_DIV13,parsed,PN148,3R,AD,DIV13,PN148_AD_3R_DIV13,none,none,none,none,not_applicable,normalized_thumbnail_ncc_threshold_0.995,none,unassigned
sted_fiber_data,PN148_3R_AD_DIV13 (Series 2) [1].tif,fiber_image,8481dc45784cd2ece601dfd7810b49d100a680910464cc64a61b9cb21634d73c,94cd7dd0cb6630d236d64bf82ec656970d3181577845ac4537e2203c88ca68bd,img_d6a40cce7dc882de2b3e,1024,1024,1,1,uint8,8,0,39,3.73007,3.34445,0,0,0,0,1,3,6,11,14,19,39,255,0,162792,PN148,AD,3R,AD_3R,13,DIV13,2,PN148_3R_AD_DIV13,PN148_3R_AD_DIV13,PN148_AD_3R_DIV13,parsed,PN148,3R,AD,DIV13,PN148_AD_3R_DIV13,none,none,none,none,not_applicable,normalized_thumbnail_ncc_threshold_0.995,none,unassigned
sted_fiber_data,PN148_3R_AD_DIV13 (Series 3) [1].tif,fiber_image,eb38b5370f1b13bf58aed90b42a8affdca508bf6ecefb6dbeddd2c9d9d95de00,2c52ef19c93e80261f385028a4a77245f056fdb3fdcff9684b2fc624ee4ea8bf,img_423b6d1536fbc93bf500,1024,1024,1,1,uint8,8,0,31,4.16392,3.26348,0,0,0,0,1,4,6,11,14,19,31,255,0,100324,PN148,AD,3R,AD_3R,13,DIV13,3,PN148_3R_AD_DIV13,PN148_3R_AD_DIV13,PN148_AD_3R_DIV13,parsed,PN148,3R,AD,DIV13,PN148_AD_3R_DIV13,none,none,none,none,not_applicable,normalized_thumbnail_ncc_threshold_0.995,none,unassigned
sted_fiber_data,PN148_3R_AD_DIV13 (Series 4) [1].tif,fiber_image,3d221035da490484dd6f345ca512942e9d14badaf37072d102614b303c4699ee,b6227ad6154197ffcfd69869e019a5dcc6d17080589ecce53a5d8fae40eeacb6,img_da1d6e434343b6f22aa8,1024,1024,1,1,uint8,8,0,44,4.09456,3.51242,0,0,0,0,1,3,6,11,14,21,44,255,0,131075,PN148,AD,3R,AD_3R,13,DIV13,4,PN148_3R_AD_DIV13,PN148_3R_AD_DIV13,PN148_AD_3R_DIV13,parsed,PN148,3R,AD,DIV13,PN148_AD_3R_DIV13,none,none,none,none,not_applicable,normalized_thumbnail_ncc_threshold_0.995,none,unassigned
sted_fiber_data,PN148_3R_AD_DIV13 (Series 5) [1].tif,fiber_image,0c056f84d303c021553d61445fe66c28f6ef73c8a42e232e299b35b47d91958a,bbafa3d94ab6c462d4566e5089229e401f73cb80bc3ff92b82886c1402d064bf,img_dacb151ade2039062abe,1024,1024,1,1,uint8,8,0,36,2.47856,2.74872,0,0,0,0,0,1,4,8,11,16,36,255,0,302360,PN148,AD,3R,AD_3R,13,DIV13,5,PN148_3R_AD_DIV13,PN148_3R_AD_DIV13,PN148_AD_3R_DIV13,parsed,PN148,3R,AD,DIV13,PN148_AD_3R_DIV13,none,none,none,none,not_applicable,normalized_thumbnail_ncc_threshold_0.995,none,unassigned
sted_fiber_data,PN148_3R_AD_DIV13 (Series 6) [1].tif,fiber_image,821be49d9e39bee5feabfd52395f42c7b4233b0a167a6e6d3654be0243853642,f3f1dbf7fe949f67ab15809223dcd7f25b85d256999352e3a13ef3633fce2f33,img_adf0a73f0c61c7077f54,1024,1024,1,1,uint8,8,0,42,4.45374,3.99238,0,0,0,0,1,4,6,13,16,22,42,255,0,156870,PN148,AD,3R,AD_3R,13,DIV13,6,PN148_3R_AD_DIV13,PN148_3R_AD_DIV13,PN148_AD_3R_DIV13,parsed,PN148,3R,AD,DIV13,PN148_AD_3R_DIV13,none,none,none,none,not_applicable,normalized_thumbnail_ncc_threshold_0.995,none,unassigned
sted_fiber_data,PN148_3R_AD_DIV13 (Series 7) [1].tif,fiber_image,3e758120381b35fbe8695449b2613b5af62edde856515098549a925231c9e9a6,0a4b1b511edffc4a4f7dc3f0ddd6172580ab6119cdd29ac4a90dc05b7699332f,img_1f10802bd4257d677129,1024,1024,1,1,uint8,8,0,62,15.9576,8.416,0,0,0,1,9,16,21,29,36,44,62,255,0,20672,PN148,AD,3R,AD_3R,13,DIV13,7,PN148_3R_AD_DIV13,PN148_3R_AD_DIV13,PN148_AD_3R_DIV13,parsed,PN148,3R,AD,DIV13,PN148_AD_3R_DIV13,none,none,none,none,not_applicable,normalized_thumbnail_ncc_threshold_0.995,none,unassigned
sted_fiber_data,PN148_3R_AD_DIV13 (Series 8) [1].tif,fiber_image,23b4532f598d5c0dc56f8232f279a43278494cebef31847a05869b0f74209dc3,1f8d56ca79b61c8861a8a906058e2fbf2542caad988ed32d41bc5e1e4b883aee,img_8ae737e06573d8545ce4,1024,1024,1,1,uint8,8,0,51,2.88157,3.14188,0,0,0,0,1,3,4,9,14,21,51,255,0,241203,PN148,AD,3R,AD_3R,13,DIV13,8,PN148_3R_AD_DIV13,PN148_3R_AD_DIV13,PN148_AD_3R_DIV13,parsed,PN148,3R,AD,DIV13,PN148_AD_3R_DIV13,none,none,none,none,not_applicable,normalized_thumbnail_ncc_threshold_0.995,none,unassigned
sted_fiber_data,PN148_3R_AD_DIV13 (Series 9) [1].tif,fiber_image,996f028a47372767dc5b9b049d6ebda2837bb3c0942e512ef74178b92ca22099,8c182e1487162fd453d256220dddfb950b6da25b76f51f4de72265bb0939bfad,img_1e5cb83f9f64e0c16706,1024,1024,1,1,uint8,8,0,104,3.38895,3.53305,0,0,0,0,1,3,6,9,14,24,104,255,0,233571,PN148,AD,3R,AD_3R,13,DIV13,9,PN148_3R_AD_DIV13,PN148_3R_AD_DIV13,PN148_AD_3R_DIV13,parsed,PN148,3R,AD,DIV13,PN148_AD_3R_DIV13,none,none,none,none,not_applicable,normalized_thumbnail_ncc_threshold_0.995,elongated_high_intensity_component,unassigned
sted_fiber_data,PN148_3R_AD_DIV15 (Series 0) [1].tif,fiber_image,53928f9afb722b049c6bac78c201cdc1efc05e5f6f849a43a26a722ee2022d43,63789084199abfa622a73d671f07fcf7e3e43a666f42a6cd288234dc3382fa1d,img_8830a6d9acf5e56b640e,1024,1024,1,1,uint8,8,0,56,4.13265,3.43368,0,0,0,0,1,3,6,11,14,19,56,255,0,118185,PN148,AD,3R,AD_3R,15,DIV15,0,PN148_3R_AD_DIV15,PN148_3R_AD_DIV15,PN148_AD_3R_DIV15,parsed,PN148,3R,AD,DIV15,PN148_AD_3R_DIV15,none,none,none,none,not_applicable,normalized_thumbnail_ncc_threshold_0.995,none,unassigned
sted_fiber_data,PN148_3R_AD_DIV15 (Series 1) [1].tif,fiber_image,2d058a635107e4f03c3ed794af6f6db6aa3f49d2abaf940b454748e5291ba54e,2b394a3fee5bc8727f3cc9bef9095dcf40465b9bde9d2b9fcc0232b180b1a8cc,img_505cd7e24570746eb343,1024,1024,1,1,uint8,8,0,49,7.55308,5.29798,0,0,0,0,3,8,11,18,23,29,49,255,0,59778,PN148,AD,3R,AD_3R,15,DIV15,1,PN148_3R_AD_DIV15,PN148_3R_AD_DIV15,PN148_AD_3R_DIV15,parsed,PN148,3R,AD,DIV15,PN148_AD_3R_DIV15,none,none,none,none,not_applicable,normalized_thumbnail_ncc_threshold_0.995,none,unassigned
sted_fiber_data,PN148_3R_AD_DIV15 (Series 10) [1].tif,fiber_image,41604531d899f26e8938dce3e82f40ba3458089810db7772647b2a015bdf1237,689934940650ca5fecb212748ab9ae64606cfe092a130f124c65faafa84dd9d6,img_018568ce77d9fe75045e,1024,1024,1,1,uint8,8,0,37,4.68809,3.91641,0,0,0,0,1,4,8,13,16,21,37,255,0,144000,PN148,AD,3R,AD_3R,15,DIV15,10,PN148_3R_AD_DIV15,PN148_3R_AD_DIV15,PN148_AD_3R_DIV15,parsed,PN148,3R,AD,DIV15,PN148_AD_3R_DIV15,none,none,none,none,not_applicable,normalized_thumbnail_ncc_threshold_0.995,none,unassigned
sted_fiber_data,PN148_3R_AD_DIV15 (Series 11) [1].tif,fiber_image,84d9923758ef84f0333147df084bcdf10284fc1f8b39e0c7fff9743622395f4b,fad734949e2d456f2f247771b803833424e81095c0d7a58338b866b7ad02bf4d,img_a944862c7fce872e3dba,1024,1024,1,1,uint8,8,0,41,5.71854,4.63623,0,0,0,0,3,4,9,14,19,24,41,255,0,96965,PN148,AD,3R,AD_3R,15,DIV15,11,PN148_3R_AD_DIV15,PN148_3R_AD_DIV15,PN148_AD_3R_DIV15,parsed,PN148,3R,AD,DIV15,PN148_AD_3R_DIV15,none,none,none,none,not_applicable,normalized_thumbnail_ncc_threshold_0.995,none,unassigned
sted_fiber_data,PN148_3R_AD_DIV15 (Series 12) [1].tif,fiber_image,4378e4a4db24f8f0045c7df94814a8b3143dbbbd347e135a9a421e4802b25451,1d748f57c22b44eea4bea3f8aa7d8e285ea5f204440ddeae8ef6af6055865380,img_8e0c51682feb1faa3091,1024,1024,1,1,uint8,8,0,37,5.18663,3.9591,0,0,0,0,3,4,8,13,16,23,37,255,0,84144,PN148,AD,3R,AD_3R,15,DIV15,12,PN148_3R_AD_DIV15,PN148_3R_AD_DIV15,PN148_AD_3R_DIV15,parsed,PN148,3R,AD,DIV15,PN148_AD_3R_DIV15,none,none,none,none,not_applicable,normalized_thumbnail_ncc_threshold_0.995,none,unassigned
sted_fiber_data,PN148_3R_AD_DIV15 (Series 13) [1].tif,fiber_image,8fe54af41f482dc6c8bef0a3e2dc90cb60036aa4d11a83693e20df039766f8c0,87649d4b85b69b899cdcf8afd4e9ac4bbbeff93169c4deacea058e224c14a9b4,img_584433664b76efa247a2,1024,1024,1,1,uint8,8,0,44,5.56618,4.24933,0,0,0,0,3,4,8,14,18,24,44,255,0,80857,PN148,AD,3R,AD_3R,15,DIV15,13,PN148_3R_AD_DIV15,PN148_3R_AD_DIV15,PN148_AD_3R_DIV15,parsed,PN148,3R,AD,DIV15,PN148_AD_3R_DIV15,none,none,none,none,not_applicable,normalized_thumbnail_ncc_threshold_0.995,none,unassigned
sted_fiber_data,PN148_3R_AD_DIV15 (Series 14) [1].tif,fiber_image,dd161396fef820d440cb275eb1a0e955fb1dd6baecda1edfa330e32184b2b26c,3756829c12cda4df320ad7f10f116cc52b111b8f4deadd367db465e8cd3bc4c4,img_cba861b4b4b990e6fa6d,1024,1024,1,1,uint8,8,0,42,2.79419,2.87282,0,0,0,0,1,3,4,8,13,16,42,255,0,260767,PN148,AD,3R,AD_3R,15,DIV15,14,PN148_3R_AD_DIV15,PN148_3R_AD_DIV15,PN148_AD_3R_DIV15,parsed,PN148,3R,AD,DIV15,PN148_AD_3R_DIV15,none,none,none,none,not_applicable,normalized_thumbnail_ncc_threshold_0.995,none,unassigned
sted_fiber_data,PN148_3R_AD_DIV15 (Series 2) [1].tif,fiber_image,297f06db7d9d80b869e95ad0f2dfacc1fe1b19a7bf0def8c0bdafdfacf2a5de2,df3e029e5351d994608f07e67ecd308fa9787f95bdb73af9d142366274c457cd,img_4e2660d408847da12b06,1024,1024,1,1,uint8,8,0,36,4.09139,3.3423,0,0,0,0,1,3,6,11,14,19,36,255,0,124640,PN148,AD,3R,AD_3R,15,DIV15,2,PN148_3R_AD_DIV15,PN148_3R_AD_DIV15,PN148_AD_3R_DIV15,parsed,PN148,3R,AD,DIV15,PN148_AD_3R_DIV15,none,none,none,none,not_applicable,normalized_thumbnail_ncc_threshold_0.995,none,unassigned
sted_fiber_data,PN148_3R_AD_DIV15 (Series 3) [1].tif,fiber_image,e80b5151baa1699d842c828669568e10ba0d2c9d3f1228bbf7f2e3eaf3d0ff8e,4b492b7a22637c9dbd24eb011adf00e397784a01c2e7d9b2ff4779a3e68f97e7,img_1d372b942bfe596d7a49,1024,1024,1,1,uint8,8,0,61,10.4273,6.97532,0,0,0,1,4,9,14,23,29,36,61,255,0,45755,PN148,AD,3R,AD_3R,15,DIV15,3,PN148_3R_AD_DIV15,PN148_3R_AD_DIV15,PN148_AD_3R_DIV15,parsed,PN148,3R,AD,DIV15,PN148_AD_3R_DIV15,none,none,none,none,not_applicable,normalized_thumbnail_ncc_threshold_0.995,none,unassigned
sted_fiber_data,PN148_3R_AD_DIV15 (Series 4) [1].tif,fiber_image,67dc3f78f5a8da27fcdf07711c2e5d4670ea13d6686ae4ecc5f27067139cd714,d35ea303467ad80f1bec1327ea7bf02ac5d0fe5388fd3ccadb89be4cf67b25cd,img_79c11dc8dd0b0a49f865,1024,1024,1,1,uint8,8,0,39,6.17381,4.34764,0,0,0,0,3,6,9,14,19,24,39,255,0,66932,PN148,AD,3R,AD_3R,15,DIV15,4,PN148_3R_AD_DIV15,PN148_3R_AD_DIV15,PN148_AD_3R_DIV15,parsed,PN148,3R,AD,DIV15,PN148_AD_3R_DIV15,none,none,none,none,not_applicable,normalized_thumbnail_ncc_threshold_0.995,none,unassigned
sted_fiber_data,PN148_3R_AD_DIV15 (Series 5) [1].tif,fiber_image,a59e90ee6c250133d557be3871ed03dabc7cf24979844dec95d692589bb4b8ab,3acdfef7d91f2c6598a9a64e64eb5080baf41e5ed6326ef25a703a2067b9e0b6,img_85ce748975a3393c2d17,1024,1024,1,1,uint8,8,0,36,4.25617,3.59132,0,0,0,0,1,4,6,11,14,19.85,36,255,0,130461,PN148,AD,3R,AD_3R,15,DIV15,5,PN148_3R_AD_DIV15,PN148_3R_AD_DIV15,PN148_AD_3R_DIV15,parsed,PN148,3R,AD,DIV15,PN148_AD_3R_DIV15,none,none,none,none,not_applicable,normalized_thumbnail_ncc_threshold_0.995,none,unassigned
sted_fiber_data,PN148_3R_AD_DIV15 (Series 6) [1].tif,fiber_image,3b6cb1e66209766017bdec88b494c256100f7b293d9bfc1b028acc43de47b938,1c29fda749d6e2fd8f9ff8e72ef9dad823798557bc7c814b8fa223583df98465,img_21d9ddf0ffd8048bcd84,1024,1024,1,1,uint8,8,0,36,3.06058,2.93244,0,0,0,0,1,3,4,9,13,18,36,255,0,191378,PN148,AD,3R,AD_3R,15,DIV15,6,PN148_3R_AD_DIV15,PN148_3R_AD_DIV15,PN148_AD_3R_DIV15,parsed,PN148,3R,AD,DIV15,PN148_AD_3R_DIV15,none,none,none,none,not_applicable,normalized_thumbnail_ncc_threshold_0.995,none,unassigned
sted_fiber_data,PN148_3R_AD_DIV15 (Series 7) [1].tif,fiber_image,186070633e9592a9cb650ab9a3bc34170be974b0c7b6f1e2f47b0e0fef47dfa3,e5c6a8d4d99d925c76ab297c6a31ae305927cb1bc4748e217fc7d86f73c99bba,img_c1500306e49cc8e495f8,1024,1024,1,1,uint8,8,0,41,3.09623,2.82878,0,0,0,0,1,3,4,9,13,16,41,255,0,182640,PN148,AD,3R,AD_3R,15,DIV15,7,PN148_3R_AD_DIV15,PN148_3R_AD_DIV15,PN148_AD_3R_DIV15,parsed,PN148,3R,AD,DIV15,PN148_AD_3R_DIV15,none,none,none,none,not_applicable,normalized_thumbnail_ncc_threshold_0.995,none,unassigned
sted_fiber_data,PN148_3R_AD_DIV15 (Series 8) [1].tif,fiber_image,b7154209002bc36271931190233128c6d07ce40e2f2a0895ec4e2845b84588a9,fcb7df466dd1455a93665811252c6f1c754c52f8c7911e69b80bc169f07ee09a,img_798cf1833a642ab80384,1024,1024,1,1,uint8,8,0,49,6.42289,5.43361,0,0,0,0,3,6,9,16,22,28,49,255,0,118588,PN148,AD,3R,AD_3R,15,DIV15,8,PN148_3R_AD_DIV15,PN148_3R_AD_DIV15,PN148_AD_3R_DIV15,parsed,PN148,3R,AD,DIV15,PN148_AD_3R_DIV15,none,none,none,none,not_applicable,normalized_thumbnail_ncc_threshold_0.995,none,unassigned
sted_fiber_data,PN148_3R_AD_DIV15 (Series 9) [1].tif,fiber_image,fbca9d269628e4dba38b32dea5af9c7ad82f35aa69588fa06a26a7c26af97555,7d84bf1b4e15fc455d9b4e95484aecb042f9e8c168f2bdab702e051483f57837,img_b6351590f24603e95d3f,1024,1024,1,1,uint8,8,0,36,3.60359,3.18707,0,0,0,0,1,3,6,9,14,19,36,255,0,139027,PN148,AD,3R,AD_3R,15,DIV15,9,PN148_3R_AD_DIV15,PN148_3R_AD_DIV15,PN148_AD_3R_DIV15,parsed,PN148,3R,AD,DIV15,PN148_AD_3R_DIV15,none,none,none,none,not_applicable,normalized_thumbnail_ncc_threshold_0.995,none,unassigned
sted_fiber_data,PN148_3R_PID_DIV05 (Series 0) [1].tif,fiber_image,cf28311046b7e4fc05260be897d8b30bab156a99eb4c38c4c5a6ef4b3ef524c0,e96d516e8612612c0a120563cfa52c6b8dd1f8df7224d0d5778fe1968edf7a2e,img_0040227f2d45f5a55970,1024,1024,1,1,uint8,8,0,174,13.209,14.5361,0,0,0,0,3,9,19,41,71,109,174,255,0,74354,PN148,PID,3R,PID_3R,5,DIV05,0,PN148_3R_PID_DIV05,PN148_3R_PID_DIV05,PN148_PID_3R_DIV05,parsed,PN148,3R,PID,DIV05,PN148_PID_3R_DIV05,none,none,none,none,not_applicable,normalized_thumbnail_ncc_threshold_0.995,elongated_high_intensity_component,unassigned
sted_fiber_data,PN148_3R_PID_DIV05 (Series 1) [1].tif,fiber_image,c8d9d63a7191a0fc8d49a11c2c49a0d81a4257196c0fdd4ce33c41acc01875de,548cc929f9f31ae492f4cd6a4a2647cf3982c8781cb5dacfc147342d0108ba6e,img_a228a561455936e948e7,1024,1024,1,1,uint8,8,0,77,3.97486,3.91783,0,0,0,0,1,3,6,11,16,36,77,255,0,148415,PN148,PID,3R,PID_3R,5,DIV05,1,PN148_3R_PID_DIV05,PN148_3R_PID_DIV05,PN148_PID_3R_DIV05,parsed,PN148,3R,PID,DIV05,PN148_PID_3R_DIV05,none,none,none,none,not_applicable,normalized_thumbnail_ncc_threshold_0.995,none,unassigned
sted_fiber_data,PN148_3R_PID_DIV05 (Series 10) [1].tif,fiber_image,ad960398dae594a55a9cc6bb08a13d64b18a309c6ccf72a82450672f204ac9c2,3a73063904d6d8e303cd732a0053e4271e9a6a82d781260ce8922060d7775c0d,img_467a144c1914e7179f96,1024,1024,1,1,uint8,8,0,157,11.2728,10.5247,0,0,0,1,4,8,14,32,51,77,157,255,0,30904,PN148,PID,3R,PID_3R,5,DIV05,10,PN148_3R_PID_DIV05,PN148_3R_PID_DIV05,PN148_PID_3R_DIV05,parsed,PN148,3R,PID,DIV05,PN148_PID_3R_DIV05,none,none,none,none,not_applicable,normalized_thumbnail_ncc_threshold_0.995,elongated_high_intensity_component,unassigned
sted_fiber_data,PN148_3R_PID_DIV05 (Series 11) [1].tif,fiber_image,cd5016ef4798c859893d6ad20c54f68a524138c5cee2e694a209d663730a9126,81f0245b33fb6bde76c08dd6a69a9ab6fb10f211a54893c57a6412a33e50c448,img_4e272d59b77eda23dc70,1024,1024,1,1,uint8,8,0,89,4.44271,4.48496,0,0,0,0,1,3,6,13,22,39,89,255,0,130432,PN148,PID,3R,PID_3R,5,DIV05,11,PN148_3R_PID_DIV05,PN148_3R_PID_DIV05,PN148_PID_3R_DIV05,parsed,PN148,3R,PID,DIV05,PN148_PID_3R_DIV05,none,none,none,none,not_applicable,normalized_thumbnail_ncc_threshold_0.995,elongated_high_intensity_component,unassigned
sted_fiber_data,PN148_3R_PID_DIV05 (Series 12) [1].tif,fiber_image,a65d36a0f0ec1d705278ce3adf088bcd805d6b5daacdf03127c2931cd6551ab6,87d6e52ec32dca058a2198dda5257d073bb56dc6b1eab03ffd11cf8dedbe02b0,img_8c3e1bafe832abb0ecab,1024,1024,1,1,uint8,8,0,87,4.34688,4.52888,0,0,0,0,1,3,6,13,19,39,87,255,0,178665,PN148,PID,3R,PID_3R,5,DIV05,12,PN148_3R_PID_DIV05,PN148_3R_PID_DIV05,PN148_PID_3R_DIV05,parsed,PN148,3R,PID,DIV05,PN148_PID_3R_DIV05,none,none,none,none,not_applicable,normalized_thumbnail_ncc_threshold_0.995,elongated_high_intensity_component,unassigned
sted_fiber_data,PN148_3R_PID_DIV05 (Series 13) [1].tif,fiber_image,53c21c682323679aa7befdb20fec97074507586caf52421a6296f75e80e90c17,52a7fc2acedb4ce91157d8795b0627d8a4808503d554ed9e498ea40684be1ead,img_fc983fb7b06ded76939c,1024,1024,1,1,uint8,8,0,175,7.7831,10.3294,0,0,0,0,3,4,9,23,56,105,175,255,0,69998,PN148,PID,3R,PID_3R,5,DIV05,13,PN148_3R_PID_DIV05,PN148_3R_PID_DIV05,PN148_PID_3R_DIV05,parsed,PN148,3R,PID,DIV05,PN148_PID_3R_DIV05,none,none,none,none,not_applicable,normalized_thumbnail_ncc_threshold_0.995,elongated_high_intensity_component,unassigned
sted_fiber_data,PN148_3R_PID_DIV05 (Series 14) [1].tif,fiber_image,2a4b38dba5599fab8ace6941126a44939bf21d865dd52c9ec3c0c2d4229b9715,e5e9e19a840d536d682aaa91f465bf62dd1ef850dd6f9135816df8ce6d015e2d,img_cad83080e420fd977a9b,1024,1024,1,1,uint8,8,0,107,4.90764,4.80672,0,0,0,0,1,4,6,13,24,44,107,255,0,89804,PN148,PID,3R,PID_3R,5,DIV05,14,PN148_3R_PID_DIV05,PN148_3R_PID_DIV05,PN148_PID_3R_DIV05,parsed,PN148,3R,PID,DIV05,PN148_PID_3R_DIV05,none,none,none,none,not_applicable,normalized_thumbnail_ncc_threshold_0.995,elongated_high_intensity_component,unassigned
sted_fiber_data,PN148_3R_PID_DIV05 (Series 2) [1].tif,fiber_image,f03680df0b973bb8b8d471dece1b38fc783445e784b63c679ab47aefa34e14e4,e1fa14a9ca08eb6d26501a9033c4ad4e4e2ab34f5aacf6998ea5d7b5cb8dd760,img_2682051c7397e1b12852,1024,1024,1,1,uint8,8,0,177,12.846,12.3172,0,0,0,1,4,9,18,36,61,94,177,255,0,50446,PN148,PID,3R,PID_3R,5,DIV05,2,PN148_3R_PID_DIV05,PN148_3R_PID_DIV05,PN148_PID_3R_DIV05,parsed,PN148,3R,PID,DIV05,PN148_PID_3R_DIV05,none,none,none,none,not_applicable,normalized_thumbnail_ncc_threshold_0.995,elongated_high_intensity_component,unassigned
sted_fiber_data,PN148_3R_PID_DIV05 (Series 3) [1].tif,fiber_image,de64676662a4cbb42af29137cc92f3215cd95306a9ddb851fbbf14db8065324a,904b498be13210d51bce1e0f7de5da83d4d3a9f7d0f9997566aced0d1913eaa7,img_b7d88db967435df05497,1024,1024,1,1,uint8,8,0,69,5.01746,4.52281,0,0,0,0,3,4,6,13,22,37,69,255,0,80702,PN148,PID,3R,PID_3R,5,DIV05,3,PN148_3R_PID_DIV05,PN148_3R_PID_DIV05,PN148_PID_3R_DIV05,parsed,PN148,3R,PID,DIV05,PN148_PID_3R_DIV05,none,none,none,none,not_applicable,normalized_thumbnail_ncc_threshold_0.995,none,unassigned
sted_fiber_data,PN148_3R_PID_DIV05 (Series 4) [1].tif,fiber_image,7eacc8afe0698fd6487c99c0739bdd004bdc803d7ca5b0e2727e6a4d3d80fdc3,995bb70350357997ef769c7d1913c7548c5a46265d324ac95d8e669bbb116e51,img_70509117c44d8bfb9cca,1024,1024,1,1,uint8,8,0,94,3.67952,3.8653,0,0,0,0,1,3,6,11,16,34,94,255,0,188089,PN148,PID,3R,PID_3R,5,DIV05,4,PN148_3R_PID_DIV05,PN148_3R_PID_DIV05,PN148_PID_3R_DIV05,parsed,PN148,3R,PID,DIV05,PN148_PID_3R_DIV05,none,none,none,none,not_applicable,normalized_thumbnail_ncc_threshold_0.995,none,unassigned
sted_fiber_data,PN148_3R_PID_DIV05 (Series 5) [1].tif,fiber_image,ffd19b3715cb3a9eacc243010fa80c9f38d68990b284640af9e2afd2ac877121,7974d6951c263b1be0294e939c43f5cf1c05ea9f201b135c3c34eda95c49366a,img_c768f56a53f78ba6ec9c,1024,1024,1,1,uint8,8,0,89,5.63708,5.62671,0,0,0,0,3,4,8,14,31,51,89,255,0,65654,PN148,PID,3R,PID_3R,5,DIV05,5,PN148_3R_PID_DIV05,PN148_3R_PID_DIV05,PN148_PID_3R_DIV05,parsed,PN148,3R,PID,DIV05,PN148_PID_3R_DIV05,none,none,none,none,not_applicable,normalized_thumbnail_ncc_threshold_0.995,none,unassigned
sted_fiber_data,PN148_3R_PID_DIV05 (Series 6) [1].tif,fiber_image,95e3dfb58180017d6cc309b14959b304df3bc9d3c33424b554ad51da3f4ca235,517bf4c921a2e3901a9b6b6f0c320486a9536e3b3b6f6d15fea9686deb3c4df8,img_6be6ec8bc3e26c4c81a0,1024,1024,1,1,uint8,8,0,77,3.62419,3.76172,0,0,0,0,1,3,6,11,16,34,77,255,0,173400,PN148,PID,3R,PID_3R,5,DIV05,6,PN148_3R_PID_DIV05,PN148_3R_PID_DIV05,PN148_PID_3R_DIV05,parsed,PN148,3R,PID,DIV05,PN148_PID_3R_DIV05,none,none,none,none,not_applicable,normalized_thumbnail_ncc_threshold_0.995,elongated_high_intensity_component,unassigned
sted_fiber_data,PN148_3R_PID_DIV05 (Series 7) [1].tif,fiber_image,6b31a5ae54792b61998b124c8754ec2eccd003ae4c8cf0d7c2a692003cf10601,955599707a0a9408ac91fe9986a84a03a9b5420f9f70892365381cc4cd30121c,img_33f44c3ef71f140e1662,1024,1024,1,1,uint8,8,0,92,5.41705,5.55074,0,0,0,0,1,4,8,14,28,47,92,255,0,89688,PN148,PID,3R,PID_3R,5,DIV05,7,PN148_3R_PID_DIV05,PN148_3R_PID_DIV05,PN148_PID_3R_DIV05,parsed,PN148,3R,PID,DIV05,PN148_PID_3R_DIV05,none,none,none,none,not_applicable,normalized_thumbnail_ncc_threshold_0.995,none,unassigned
sted_fiber_data,PN148_3R_PID_DIV05 (Series 8) [1].tif,fiber_image,4dfe7334b7fe9cf2fa1d120ee76a55815c1ca5f019efb183582f9fd13403208c,ac4884bea694e85232eded293d97852ebacc9f6d4fde82505c5382b78399de46,img_6ee60f52b435a1e290f0,1024,1024,1,1,uint8,8,0,109,6.43593,5.78814,0,0,0,0,3,6,9,16,29,51,109,255,0,55645,PN148,PID,3R,PID_3R,5,DIV05,8,PN148_3R_PID_DIV05,PN148_3R_PID_DIV05,PN148_PID_3R_DIV05,parsed,PN148,3R,PID,DIV05,PN148_PID_3R_DIV05,none,none,none,none,not_applicable,normalized_thumbnail_ncc_threshold_0.995,none,unassigned
sted_fiber_data,PN148_3R_PID_DIV05 (Series 9) [1].tif,fiber_image,1c1ab44ff7874e90d00a3088ae080f0d8f3543edea4afe43fd9afb3af7004246,8801eb9e76900e2241512af35dfcb1e32945bd3d4e61e9371fa5e3ce9ae86729,img_bd06985746786ab4b480,1024,1024,1,1,uint8,8,0,150,7.14652,6.2017,0,0,0,0,3,6,9,18,29,51,150,255,0,66804,PN148,PID,3R,PID_3R,5,DIV05,9,PN148_3R_PID_DIV05,PN148_3R_PID_DIV05,PN148_PID_3R_DIV05,parsed,PN148,3R,PID,DIV05,PN148_PID_3R_DIV05,none,none,none,none,not_applicable,normalized_thumbnail_ncc_threshold_0.995,none,unassigned
sted_fiber_data,PN148_3R_PID_DIV10 (Series 0) [1].tif,fiber_image,a720720e8478368f14f6f8ee8e2f61362110701c593e3c0f491c0ebc03bf499f,8d8bb0cded265f0d568afc6a8c9d051cd7c6717087858c987a51b98b13a77298,img_b8b1a0b2f361dd31336e,1024,1024,1,1,uint8,8,0,97,7.59215,9.6472,0,0,0,0,1,4,9,28,42.25,64,97,255,0,136721,PN148,PID,3R,PID_3R,10,DIV10,0,PN148_3R_PID_DIV10,PN148_3R_PID_DIV10,PN148_PID_3R_DIV10,parsed,PN148,3R,PID,DIV10,PN148_PID_3R_DIV10,none,none,none,none,not_applicable,normalized_thumbnail_ncc_threshold_0.995,none,unassigned
sted_fiber_data,PN148_3R_PID_DIV10 (Series 1) [1].tif,fiber_image,1424c69392a1b3c218fdb46d35d6ed4e393ae1f0802aac6fd6f2eb591f53aef8,f7e6448febb4b34efbdace03d4989989d72ccfdcf2f02ec24a0cac128a0d8b3d,img_e5bf6af441e7ff9d2fa4,1024,1024,1,1,uint8,8,0,51,5.2414,5.18385,0,0,0,0,1,4,8,16,22,31,51,255,0,144673,PN148,PID,3R,PID_3R,10,DIV10,1,PN148_3R_PID_DIV10,PN148_3R_PID_DIV10,PN148_PID_3R_DIV10,parsed,PN148,3R,PID,DIV10,PN148_PID_3R_DIV10,none,none,none,none,not_applicable,normalized_thumbnail_ncc_threshold_0.995,none,unassigned
sted_fiber_data,PN148_3R_PID_DIV10 (Series 10) [1].tif,fiber_image,92e5883be378c515bedea3ac0c2259fc320a5f04c3260caaca790180d5bebcea,f5d8766ee04729d988cfb94e9bc1a42c90599f737fe97675a373aef909e773bb,img_a84ed7f43a2d2b70ed60,1024,1024,1,1,uint8,8,0,44,3.50612,3.58612,0,0,0,0,1,3,4,11,16,23,44,255,0,183915,PN148,PID,3R,PID_3R,10,DIV10,10,PN148_3R_PID_DIV10,PN148_3R_PID_DIV10,PN148_PID_3R_DIV10,parsed,PN148,3R,PID,DIV10,PN148_PID_3R_DIV10,none,none,none,none,not_applicable,normalized_thumbnail_ncc_threshold_0.995,none,unassigned
sted_fiber_data,PN148_3R_PID_DIV10 (Series 11) [1].tif,fiber_image,d3c755770f1b86164a96d3fbd7b823a65c0a6625ae23a6cef311fe6d30b580c8,6f4eb7ebb5868d937f0649caea59425142cb7297bfc905844f9ac2f6c86a0fcb,img_1401d88091fec4c6fff9,1024,1024,1,1,uint8,8,0,87,5.06374,4.04987,0,0,0,0,3,4,8,13,18,27,87,255,0,74069,PN148,PID,3R,PID_3R,10,DIV10,11,PN148_3R_PID_DIV10,PN148_3R_PID_DIV10,PN148_PID_3R_DIV10,parsed,PN148,3R,PID,DIV10,PN148_PID_3R_DIV10,none,none,none,none,not_applicable,normalized_thumbnail_ncc_threshold_0.995,none,unassigned
sted_fiber_data,PN148_3R_PID_DIV10 (Series 12) [1].tif,fiber_image,feed407cf6781ad597e634c9eda13135c2fa6098ea20554822a16021d2a8be48,826542ebfe0581177608d4b1967e0e8fbdc211f96f5c51e0a601fec970bb95c3,img_1b0532e3a244ed5fbb0b,1024,1024,1,1,uint8,8,0,72,5.75791,4.07447,0,0,0,0,3,4,8,13,18,24,72,255,0,52940,PN148,PID,3R,PID_3R,10,DIV10,12,PN148_3R_PID_DIV10,PN148_3R_PID_DIV10,PN148_PID_3R_DIV10,parsed,PN148,3R,PID,DIV10,PN148_PID_3R_DIV10,none,none,none,none,not_applicable,normalized_thumbnail_ncc_threshold_0.995,none,unassigned
sted_fiber_data,PN148_3R_PID_DIV10 (Series 13) [1].tif,fiber_image,113b2a17fa057822cbf862cbb51e80a4ba503837ff7f027ce4b313bfd4b639ca,4451c87027a508d808da8c99752c4bb15701d17dc7e6cb6975622bc7cc23ded8,img_03d8a2726eb4cfb5c7fd,1024,1024,1,1,uint8,8,0,66,2.78829,2.93282,0,0,0,0,1,3,4,8,13,18,66,255,0,236988,PN148,PID,3R,PID_3R,10,DIV10,13,PN148_3R_PID_DIV10,PN148_3R_PID_DIV10,PN148_PID_3R_DIV10,parsed,PN148,3R,PID,DIV10,PN148_PID_3R_DIV10,none,none,none,none,not_applicable,normalized_thumbnail_ncc_threshold_0.995,none,unassigned
sted_fiber_data,PN148_3R_PID_DIV10 (Series 14) [1].tif,fiber_image,7f42888d11a6e47b5c26a7562ede5b2439997fb0b935c32baa1a03ff963ceaa2,4791494a1ee1f4e0d06840ab10a31d5671c508005b2ec524782622799b2e2476,img_a11a43452232dceb9078,1024,1024,1,1,uint8,8,0,39,3.09904,2.95519,0,0,0,0,1,3,4,9,13,18,39,255,0,189714,PN148,PID,3R,PID_3R,10,DIV10,14,PN148_3R_PID_DIV10,PN148_3R_PID_DIV10,PN148_PID_3R_DIV10,parsed,PN148,3R,PID,DIV10,PN148_PID_3R_DIV10,none,none,none,none,not_applicable,normalized_thumbnail_ncc_threshold_0.995,none,unassigned
sted_fiber_data,PN148_3R_PID_DIV10 (Series 2) [1].tif,fiber_image,3355f3ecec76967f13fe9b754a81e94e25af5756a306251b278b707ddcb01f47,6c3c0426e6ffbe4b1e763c2136b58777f4063cb2a4969a687a78dcaafe0f11bc,img_d923330841d93407614c,1024,1024,1,1,uint8,8,0,61,6.88556,8.06394,0,0,0,0,1,3,11,24,32,41,61,255,0,211208,PN148,PID,3R,PID_3R,10,DIV10,2,PN148_3R_PID_DIV10,PN148_3R_PID_DIV10,PN148_PID_3R_DIV10,parsed,PN148,3R,PID,DIV10,PN148_PID_3R_DIV10,none,none,none,none,not_applicable,normalized_thumbnail_ncc_threshold_0.995,none,unassigned
sted_fiber_data,PN148_3R_PID_DIV10 (Series 3) [1].tif,fiber_image,2991a39f2d51209b2c1d1601248bad7d34bcb4d8959a805ee8c935b2729b84dc,d4f1939f97691841ca3d439e87842072a02df35ed59f064437b399bd575b22fa,img_20a5ec1f94addff44ca4,1024,1024,1,1,uint8,8,0,145,4.85129,4.63339,0,0,0,0,1,4,8,13,18,36,145,255,0,149017,PN148,PID,3R,PID_3R,10,DIV10,3,PN148_3R_PID_DIV10,PN148_3R_PID_DIV10,PN148_PID_3R_DIV10,parsed,PN148,3R,PID,DIV10,PN148_PID_3R_DIV10,none,none,none,none,not_applicable,normalized_thumbnail_ncc_threshold_0.995,none,unassigned
sted_fiber_data,PN148_3R_PID_DIV10 (Series 4) [1].tif,fiber_image,5cffc04bce85e8bc739116e6c5e7c5fea1876b10849530a012315efed06f0b7d,a2dd08d6df542645612ea74bd195beafaec594f9928a4b9b6920e46f09469940,img_3a6812916c9af572575a,1024,1024,1,1,uint8,8,0,82,7.62192,6.11774,0,0,0,0,3,6,11,19,26,34,82,255,0,69475,PN148,PID,3R,PID_3R,10,DIV10,4,PN148_3R_PID_DIV10,PN148_3R_PID_DIV10,PN148_PID_3R_DIV10,parsed,PN148,3R,PID,DIV10,PN148_PID_3R_DIV10,none,none,none,none,not_applicable,normalized_thumbnail_ncc_threshold_0.995,none,unassigned
sted_fiber_data,PN148_3R_PID_DIV10 (Series 5) [1].tif,fiber_image,a176492066ee9f4e4e7355f7c58563ac4277a52468410cc8885d29c4ae5f44b2,90d6eb85a84bbca8c437b58d08188353c6b52def1c88ae27578936675dbabb51,img_ead6c8678425b6d09225,1024,1024,1,1,uint8,8,0,65,5.08165,4.93225,0,0,0,0,1,4,8,14,19,27,65,255,0,211125,PN148,PID,3R,PID_3R,10,DIV10,5,PN148_3R_PID_DIV10,PN148_3R_PID_DIV10,PN148_PID_3R_DIV10,parsed,PN148,3R,PID,DIV10,PN148_PID_3R_DIV10,none,none,none,none,not_applicable,normalized_thumbnail_ncc_threshold_0.995,none,unassigned
sted_fiber_data,PN148_3R_PID_DIV10 (Series 6) [1].tif,fiber_image,569dbe00b3311a4de615df9dc96b167a052428e4e5a56904c7ded8a0b58cf2c4,7d490d09d2733fcff94b520069030bfa1d172cb9936c3993683503a8e6905298,img_614937584f1f83de37b1,1024,1024,1,1,uint8,8,0,152,6.52051,5.84379,0,0,0,0,3,6,9,18,24,42,152,255,0,85010,PN148,PID,3R,PID_3R,10,DIV10,6,PN148_3R_PID_DIV10,PN148_3R_PID_DIV10,PN148_PID_3R_DIV10,parsed,PN148,3R,PID,DIV10,PN148_PID_3R_DIV10,none,none,none,none,not_applicable,normalized_thumbnail_ncc_threshold_0.995,none,unassigned
sted_fiber_data,PN148_3R_PID_DIV10 (Series 7) [1].tif,fiber_image,0998685d2fd53596825954300ad7a620258d46bcea8788c3e61f847fe9d6add4,90230c18cdd7cb289a133c54ba0a6e6bfb8bec5757df33c8789351c3554250e9,img_b78019391282d6f65f0e,1024,1024,1,1,uint8,8,0,77,5.03359,4.38311,0,0,0,0,1,4,8,14,19,26,77,255,0,113737,PN148,PID,3R,PID_3R,10,DIV10,7,PN148_3R_PID_DIV10,PN148_3R_PID_DIV10,PN148_PID_3R_DIV10,parsed,PN148,3R,PID,DIV10,PN148_PID_3R_DIV10,none,none,none,none,not_applicable,normalized_thumbnail_ncc_threshold_0.995,none,unassigned
sted_fiber_data,PN148_3R_PID_DIV10 (Series 8) [1].tif,fiber_image,8d5a3759c5cb5796ff5f45c40f1c3b9ebdf819ed1f63f1d9820b594fc9c28602,83cb4a2fe7761bb1e1251626887eeda1f5db82ed5b4ff92c907ed113be28c0ba,img_2044e486b5cc92ef8b66,1024,1024,1,1,uint8,8,0,159,5.80223,5.01087,0,0,0,0,3,4,8,14,19,36,159,255,0,104042,PN148,PID,3R,PID_3R,10,DIV10,8,PN148_3R_PID_DIV10,PN148_3R_PID_DIV10,PN148_PID_3R_DIV10,parsed,PN148,3R,PID,DIV10,PN148_PID_3R_DIV10,none,none,none,none,not_applicable,normalized_thumbnail_ncc_threshold_0.995,none,unassigned
sted_fiber_data,PN148_3R_PID_DIV10 (Series 9) [1].tif,fiber_image,c79c3420b682834a4a5622e44f04427c17e92ffd3f5d14c8144d3175cfb1ffbe,158f3ad7e4d6d836c68d3e26e8eab955e3f90166ab3bea1aee8227573a672084,img_1253a70b03726226554d,1024,1024,1,1,uint8,8,0,61,6.48049,6.04522,0,0,0,0,3,4,9,19,26,36,61,255,0,92904,PN148,PID,3R,PID_3R,10,DIV10,9,PN148_3R_PID_DIV10,PN148_3R_PID_DIV10,PN148_PID_3R_DIV10,parsed,PN148,3R,PID,DIV10,PN148_PID_3R_DIV10,none,none,none,none,not_applicable,normalized_thumbnail_ncc_threshold_0.995,none,unassigned
sted_fiber_data,PN148_3R_PID_DIV3 (Series 0) [1].tif,fiber_image,216c0ffacbd672c0eaed81d11d89f20bf7f26e333d9f4b3e7d56edd5f2ceb50b,145fe880e3add40ab9b3a338b9b7f5a49f97b896461ebc23eb758c393802e412,img_7275744ad01f9811e671,1024,1024,1,1,uint8,8,0,139,6.05078,5.53826,0,0,0,0,3,4,8,14,26,51,139,255,0,73785,PN148,PID,3R,PID_3R,3,DIV3,0,PN148_3R_PID_DIV3,PN148_3R_PID_DIV3,PN148_PID_3R_DIV03,parsed,PN148,3R,PID,DIV3,PN148_PID_3R_DIV03,none,none,none,none,not_applicable,normalized_thumbnail_ncc_threshold_0.995,elongated_high_intensity_component,unassigned
sted_fiber_data,PN148_3R_PID_DIV3 (Series 1) [1].tif,fiber_image,ceb32cf32eb2be5eacacf59eefd75b69e47d091d4b0c30c7f732d8d1f48fd325,a5daa412a397165bd91998fc70a87a141c5cd4626595721204137f85fde66d2e,img_bf1694d4e365cff35a62,1024,1024,1,1,uint8,8,0,255,16.5064,26.271,0,0,0,0,4,8,18,67,144,200,255,255,13,59760,PN148,PID,3R,PID_3R,3,DIV3,1,PN148_3R_PID_DIV3,PN148_3R_PID_DIV3,PN148_PID_3R_DIV03,parsed,PN148,3R,PID,DIV3,PN148_PID_3R_DIV03,none,none,none,none,not_applicable,normalized_thumbnail_ncc_threshold_0.995,saturation,unassigned
sted_fiber_data,PN148_3R_PID_DIV3 (Series 10) [1].tif,fiber_image,e4f8ed1b3ecb84212f401772107af2b63e3de58d0846b737fad3e8f79b8f0ae8,efe8176243e2b905e3aad808e9d70e940d62747fc29f9e16c6dd2f4b825bacbf,img_c94137ae3e45b77f72db,1024,1024,1,1,uint8,8,0,121,6.66909,7.32894,0,0,0,0,1,4,9,21,32,54,121,255,0,139596,PN148,PID,3R,PID_3R,3,DIV3,10,PN148_3R_PID_DIV3,PN148_3R_PID_DIV3,PN148_PID_3R_DIV03,parsed,PN148,3R,PID,DIV3,PN148_PID_3R_DIV03,none,none,none,none,not_applicable,normalized_thumbnail_ncc_threshold_0.995,none,unassigned
sted_fiber_data,PN148_3R_PID_DIV3 (Series 11) [1].tif,fiber_image,c9989002d71732f37dc63c0929cc5d74159a924a98818b1897107e4b99934191,49fd0bcc5890a269b8a6385999907213ae4e3796aa27263dc5534bfc342e8014,img_ef66d932879e2b208bbe,1024,1024,1,1,uint8,8,0,119,4.2687,5.93588,0,0,0,0,1,3,6,14,28,59,119,255,0,246358,PN148,PID,3R,PID_3R,3,DIV3,11,PN148_3R_PID_DIV3,PN148_3R_PID_DIV3,PN148_PID_3R_DIV03,parsed,PN148,3R,PID,DIV3,PN148_PID_3R_DIV03,none,none,none,none,not_applicable,normalized_thumbnail_ncc_threshold_0.995,none,unassigned
sted_fiber_data,PN148_3R_PID_DIV3 (Series 12) [1].tif,fiber_image,72474bdb09a5da8d3f8515e97b459ad437e39c3ff246ee7ee4432ac737d2e13c,49cdb65d6fc715c7ed6eb5dd353b8048ca9fa3eb5de9875500e65331fe7f9afe,img_0916cadf8dc3c71e66d3,1024,1024,1,1,uint8,8,0,199,5.80558,10.6702,0,0,0,0,1,3,6,21,52,119,199,255,0,202706,PN148,PID,3R,PID_3R,3,DIV3,12,PN148_3R_PID_DIV3,PN148_3R_PID_DIV3,PN148_PID_3R_DIV03,parsed,PN148,3R,PID,DIV3,PN148_PID_3R_DIV03,none,none,none,none,not_applicable,normalized_thumbnail_ncc_threshold_0.995,none,unassigned
sted_fiber_data,PN148_3R_PID_DIV3 (Series 13) [1].tif,fiber_image,4b851f4c2ae6d62abf9b4de93d4643227dc46006158ff24db5a442f0279e3a08,fbba7116a105bf435ebebd058a353f0a8f432a0ba274b019b9abc98d56068d3d,img_148ac93b65e098647334,1024,1024,1,1,uint8,8,0,137,5.39557,7.56437,0,0,0,0,1,3,6,18,36,77,137,255,0,170820,PN148,PID,3R,PID_3R,3,DIV3,13,PN148_3R_PID_DIV3,PN148_3R_PID_DIV3,PN148_PID_3R_DIV03,parsed,PN148,3R,PID,DIV3,PN148_PID_3R_DIV03,none,none,none,none,not_applicable,normalized_thumbnail_ncc_threshold_0.995,none,unassigned
sted_fiber_data,PN148_3R_PID_DIV3 (Series 14) [1].tif,fiber_image,6529fbe6e73376ba6743aa4e1a578307a00c39b395f13e47dc715ee545597767,216fb87499380d1308f77caacbd433184d479f2213556d535b6f85355ed19678,img_8c2d498da7a38bb2781a,1024,1024,1,1,uint8,8,0,197,17.5613,17.6312,0,0,0,1,6,13,23,49,91,137,197,255,0,47392,PN148,PID,3R,PID_3R,3,DIV3,14,PN148_3R_PID_DIV3,PN148_3R_PID_DIV3,PN148_PID_3R_DIV03,parsed,PN148,3R,PID,DIV3,PN148_PID_3R_DIV03,none,none,none,none,not_applicable,normalized_thumbnail_ncc_threshold_0.995,none,unassigned
sted_fiber_data,PN148_3R_PID_DIV3 (Series 2) [1].tif,fiber_image,ceafdec683680bd7bc81b4a2033c5104ea8cea2665c2f916d16f3002eb86503e,3d5291b3edfdcb5b0e754296aef2019db8f101bac5e6f9aaaf1d512460298fec,img_41b124c7125fd8108499,1024,1024,1,1,uint8,8,0,245,22.3712,26.4586,0,0,0,1,8,14,26,81,135,174,245,255,0,15511,PN148,PID,3R,PID_3R,3,DIV3,2,PN148_3R_PID_DIV3,PN148_3R_PID_DIV3,PN148_PID_3R_DIV03,parsed,PN148,3R,PID,DIV3,PN148_PID_3R_DIV03,none,none,none,none,not_applicable,normalized_thumbnail_ncc_threshold_0.995,none,unassigned
sted_fiber_data,PN148_3R_PID_DIV3 (Series 3) [1].tif,fiber_image,10a143a8c5bd034b593869f4ea3e5f4de6c95456f288aadd38f6ca975007123f,46bf53e6a4c8f8c49de45ac07e065429e0a412192f49202207cf53ec83aaeffd,img_690123f10228d6e1f446,1024,1024,1,1,uint8,8,0,82,3.14478,3.90924,0,0,0,0,1,3,4,9,19,36,82,255,0,200772,PN148,PID,3R,PID_3R,3,DIV3,3,PN148_3R_PID_DIV3,PN148_3R_PID_DIV3,PN148_PID_3R_DIV03,parsed,PN148,3R,PID,DIV3,PN148_PID_3R_DIV03,none,none,none,none,not_applicable,normalized_thumbnail_ncc_threshold_0.995,none,unassigned
sted_fiber_data,PN148_3R_PID_DIV3 (Series 4) [1].tif,fiber_image,8dcab9201c08a06ca3659e973f825ac9a76f5585c87d780de1310ba576918c03,471201dba56264691a3b2bb847374a5bba75c35f45a8fa0f944cd1a0c5084f84,img_f8b087715400eaf2d090,1024,1024,1,1,uint8,8,0,255,9.23993,20.4609,0,0,0,0,1,4,8,34,126,187,255,255,3,137708,PN148,PID,3R,PID_3R,3,DIV3,4,PN148_3R_PID_DIV3,PN148_3R_PID_DIV3,PN148_PID_3R_DIV03,parsed,PN148,3R,PID,DIV3,PN148_PID_3R_DIV03,none,none,none,none,not_applicable,normalized_thumbnail_ncc_threshold_0.995,saturation,unassigned
sted_fiber_data,PN148_3R_PID_DIV3 (Series 5) [1].tif,fiber_image,d345d5a9d3fe4fde5a39560b18c01c46a5b05ac7ddf28c9f5a3f8ed9089154f6,5b2bade8bfba7e18c4fddb1cf5bed366aa5f1d7999c52a46d89308e4ab9517be,img_9e7050eea828ab4885cd,1024,1024,1,1,uint8,8,0,182,9.21987,11.0512,0,0,0,0,3,6,11,31,54,87,182,255,0,81914,PN148,PID,3R,PID_3R,3,DIV3,5,PN148_3R_PID_DIV3,PN148_3R_PID_DIV3,PN148_PID_3R_DIV03,parsed,PN148,3R,PID,DIV3,PN148_PID_3R_DIV03,none,none,none,none,not_applicable,normalized_thumbnail_ncc_threshold_0.995,none,unassigned
sted_fiber_data,PN148_3R_PID_DIV3 (Series 6) [1].tif,fiber_image,62006bf45a71ba5c3f6abdf081a833340ac7d4e8ffa5a909adc6fb2304ae9a8f,a499b0b4330efcd15b4150d5044a8d19963788ffeaafc5410a91f6690b09451a,img_862a8482f2a82d7f0e76,1024,1024,1,1,uint8,8,0,137,8.46141,10.078,0,0,0,0,1,4,13,28,47,76,137,255,0,137260,PN148,PID,3R,PID_3R,3,DIV3,6,PN148_3R_PID_DIV3,PN148_3R_PID_DIV3,PN148_PID_3R_DIV03,parsed,PN148,3R,PID,DIV3,PN148_PID_3R_DIV03,none,none,none,none,not_applicable,normalized_thumbnail_ncc_threshold_0.995,none,unassigned
sted_fiber_data,PN148_3R_PID_DIV3 (Series 7) [1].tif,fiber_image,dcf31dc33015d035d6417d4433eed84f542432af848951a26e9aa7f0afeb6774,dd91c2a856400927a61e8853583fface85cd88a6331644acb2d19316f8b8ee8c,img_a637c5c54d068c15bf2f,1024,1024,1,1,uint8,8,0,255,9.358,17.4959,0,0,0,0,1,4,11,29,79,209,255,255,27,107718,PN148,PID,3R,PID_3R,3,DIV3,7,PN148_3R_PID_DIV3,PN148_3R_PID_DIV3,PN148_PID_3R_DIV03,parsed,PN148,3R,PID,DIV3,PN148_PID_3R_DIV03,none,none,none,none,not_applicable,normalized_thumbnail_ncc_threshold_0.995,saturation,unassigned
sted_fiber_data,PN148_3R_PID_DIV3 (Series 8) [1].tif,fiber_image,7078f46087cc35af1b6c3de2dcd1911cac29dde220eeeed6c45f124d1d0b4353,defb2a1d41099a331ce071556a63fee316fc3275577e77f5e8d1bbe74bc239d6,img_f91ee4e1edb9a29fcec5,1024,1024,1,1,uint8,8,0,185,7.7736,9.59044,0,0,0,0,3,6,9,23,49,96,185,255,0,73654,PN148,PID,3R,PID_3R,3,DIV3,8,PN148_3R_PID_DIV3,PN148_3R_PID_DIV3,PN148_PID_3R_DIV03,parsed,PN148,3R,PID,DIV3,PN148_PID_3R_DIV03,none,none,none,none,not_applicable,normalized_thumbnail_ncc_threshold_0.995,none,unassigned
sted_fiber_data,PN148_3R_PID_DIV3 (Series 9) [1].tif,fiber_image,e0b87e7a974b9ed3270fd5324ca8d2919c8f6a26f2c1d3e756635613bff827d0,744a2be8fe5e033c6b6ba5933d38c7da188bb261a46e27592a289c057570b9f8,img_2c31dc8f71170d7bb3ad,1024,1024,1,1,uint8,8,0,255,9.78013,15.2302,0,0,0,0,3,4,11,36,74,164.425,255,255,4,95903,PN148,PID,3R,PID_3R,3,DIV3,9,PN148_3R_PID_DIV3,PN148_3R_PID_DIV3,PN148_PID_3R_DIV03,parsed,PN148,3R,PID,DIV3,PN148_PID_3R_DIV03,none,none,none,none,not_applicable,normalized_thumbnail_ncc_threshold_0.995,saturation,unassigned
sted_fiber_data,PN148_3R_PID_DIV7 (Series 0) [1].tif,fiber_image,af0fef0f2e4ad4e262ee57e6f932515b563ffe95dbc790cb10014cd9aa32520a,fa553c3e5e0fa3417ee103a04185f746fb8990bf826a4fc74398b0d49d3e4fc0,img_0d1a204dc44c503a4866,1024,1024,1,1,uint8,8,0,233,19.9831,20.2944,0,0,0,1,8,14,24,62,99,150,233,255,0,15889,PN148,PID,3R,PID_3R,7,DIV7,0,PN148_3R_PID_DIV7,PN148_3R_PID_DIV7,PN148_PID_3R_DIV07,parsed,PN148,3R,PID,DIV7,PN148_PID_3R_DIV07,none,none,none,none,not_applicable,normalized_thumbnail_ncc_threshold_0.995,elongated_high_intensity_component,unassigned
sted_fiber_data,PN148_3R_PID_DIV7 (Series 1) [1].tif,fiber_image,431eea0cfd71f5620213c72d78321226d6d0242ece636316be25d6fd57f1b738,09b3db2a5a236bf8f79d6168eb115ae6ab25189fa830e928235a2ec9798a3ab9,img_205220a50b2d1d57defc,1024,1024,1,1,uint8,8,0,115,7.08927,5.47835,0,0,0,1,4,6,9,16,24,54,115,255,0,31350,PN148,PID,3R,PID_3R,7,DIV7,1,PN148_3R_PID_DIV7,PN148_3R_PID_DIV7,PN148_PID_3R_DIV07,parsed,PN148,3R,PID,DIV7,PN148_PID_3R_DIV07,none,none,none,none,not_applicable,normalized_thumbnail_ncc_threshold_0.995,elongated_high_intensity_component,unassigned
sted_fiber_data,PN148_3R_PID_DIV7 (Series 10) [1].tif,fiber_image,2524e9dd6bf248c3478c15dd9dc2a82eaa494763078873af55faa72545272125,17a81b155bb6bd1655ff1d43c9d75955003b0bea00b35baf94e2a407e028ecdd,img_533007e638a691068bd3,1024,1024,1,1,uint8,8,0,129,2.80394,3.11158,0,0,0,0,1,3,4,8,13,29,129,255,0,221446,PN148,PID,3R,PID_3R,7,DIV7,10,PN148_3R_PID_DIV7,PN148_3R_PID_DIV7,PN148_PID_3R_DIV07,parsed,PN148,3R,PID,DIV7,PN148_PID_3R_DIV07,none,none,none,none,not_applicable,normalized_thumbnail_ncc_threshold_0.995,elongated_high_intensity_component,unassigned
sted_fiber_data,PN148_3R_PID_DIV7 (Series 11) [1].tif,fiber_image,19facfe77cca6b587bace70813c37b3cbaaa65c18a7c1ae0e02ea2b05f51669e,8a258da3d0fe5ec6044e3126bf1cc7fe77ef72a18a8675e499802dfb9a8a2f33,img_4675b14df14a72fb7c03,1024,1024,1,1,uint8,8,0,76,2.74341,3.40357,0,0,0,0,0,1,4,9,14,32,76,255,0,305939,PN148,PID,3R,PID_3R,7,DIV7,11,PN148_3R_PID_DIV7,PN148_3R_PID_DIV7,PN148_PID_3R_DIV07,parsed,PN148,3R,PID,DIV7,PN148_PID_3R_DIV07,none,none,none,none,not_applicable,normalized_thumbnail_ncc_threshold_0.995,none,unassigned
sted_fiber_data,PN148_3R_PID_DIV7 (Series 12) [1].tif,fiber_image,66bb4503c9b317f5a14f4719c04a2f8a7c7892b596584f8dd938140b3ccd03b7,ec4767ad59f9d8539eed2ccdcd110c9e94a6c7805ee3694f336f36ab110f3ae5,img_2cffb9fb839b31b6b96c,1024,1024,1,1,uint8,8,0,91,4.07452,4.49845,0,0,0,0,1,3,6,11,22,39,91,255,0,153488,PN148,PID,3R,PID_3R,7,DIV7,12,PN148_3R_PID_DIV7,PN148_3R_PID_DIV7,PN148_PID_3R_DIV07,parsed,PN148,3R,PID,DIV7,PN148_PID_3R_DIV07,none,none,none,none,not_applicable,normalized_thumbnail_ncc_threshold_0.995,elongated_high_intensity_component,unassigned
sted_fiber_data,PN148_3R_PID_DIV7 (Series 13) [1].tif,fiber_image,c9a072b527f0201349ec7408fecdcacb394ba46889c55fd2b8bb6512e7931f32,8331aba1177df155d6ef241c579c5a2de987c59f537ac0a8ba85a6c48febf3e6,img_b2b2a03436473065584e,1024,1024,1,1,uint8,8,0,65,6.03593,4.89997,0,0,0,0,3,4,9,16,21,29,65,255,0,89574,PN148,PID,3R,PID_3R,7,DIV7,13,PN148_3R_PID_DIV7,PN148_3R_PID_DIV7,PN148_PID_3R_DIV07,parsed,PN148,3R,PID,DIV7,PN148_PID_3R_DIV07,none,none,none,none,not_applicable,normalized_thumbnail_ncc_threshold_0.995,none,unassigned
sted_fiber_data,PN148_3R_PID_DIV7 (Series 14) [1].tif,fiber_image,86feae3d2fdacc005abcc7b8357e3f6288cf7580763a17d9dca037e53d3a2cb5,6903bcbef11f31b945b674ddfc21c28e05f109edda24abdbf0d2406750b34eb7,img_dca55343b014ab0419c4,1024,1024,1,1,uint8,8,0,200,17.8162,17.0102,0,0,0,1,6,13,23,52,82,115,200,255,0,27915,PN148,PID,3R,PID_3R,7,DIV7,14,PN148_3R_PID_DIV7,PN148_3R_PID_DIV7,PN148_PID_3R_DIV07,parsed,PN148,3R,PID,DIV7,PN148_PID_3R_DIV07,none,none,none,none,not_applicable,normalized_thumbnail_ncc_threshold_0.995,none,unassigned
sted_fiber_data,PN148_3R_PID_DIV7 (Series 2) [1].tif,fiber_image,8973d1a94b66129d103088dd3b3f3e628a7c27287fe1134b8672a3d85a00bfbd,14a1d8a046061aba67cec94d52a6d8f354ee4302570b6a8a505332e519da06c0,img_b97cefa946bc1a409b76,1024,1024,1,1,uint8,8,0,110,5.38786,5.29056,0,0,0,0,1,4,8,14,23,46,110,255,0,127276,PN148,PID,3R,PID_3R,7,DIV7,2,PN148_3R_PID_DIV7,PN148_3R_PID_DIV7,PN148_PID_3R_DIV07,parsed,PN148,3R,PID,DIV7,PN148_PID_3R_DIV07,none,none,none,none,not_applicable,normalized_thumbnail_ncc_threshold_0.995,elongated_high_intensity_component,unassigned
sted_fiber_data,PN148_3R_PID_DIV7 (Series 3) [1].tif,fiber_image,ba3cb4c034c0bdbcc063db32abdd9451d9c83a11098f64245c31df52ea54acd2,0a9af17f0d479c5749592246c7f4ae4d0eed83381b0bea7333a3730f0df7f47b,img_736d4b8c902709d24159,1024,1024,1,1,uint8,8,0,99,6.78434,5.73608,0,0,0,0,3,6,9,16,26,49,99,255,0,69759,PN148,PID,3R,PID_3R,7,DIV7,3,PN148_3R_PID_DIV7,PN148_3R_PID_DIV7,PN148_PID_3R_DIV07,parsed,PN148,3R,PID,DIV7,PN148_PID_3R_DIV07,none,none,none,none,not_applicable,normalized_thumbnail_ncc_threshold_0.995,none,unassigned
sted_fiber_data,PN148_3R_PID_DIV7 (Series 4) [1].tif,fiber_image,491067c1aeb377f83e970f30b1d0ca54b1f28d989bfbbb57e7ebbcc0627be43d,6163d78bf1280067f9e05611ce89b6d382ee8bf45e69531b84135bf87a9d31bd,img_5076b20251b137a928b4,1024,1024,1,1,uint8,8,0,79,4.58385,4.81787,0,0,0,0,1,3,6,13,23,42,79,255,0,148977,PN148,PID,3R,PID_3R,7,DIV7,4,PN148_3R_PID_DIV7,PN148_3R_PID_DIV7,PN148_PID_3R_DIV07,parsed,PN148,3R,PID,DIV7,PN148_PID_3R_DIV07,none,none,none,none,not_applicable,normalized_thumbnail_ncc_threshold_0.995,none,unassigned
sted_fiber_data,PN148_3R_PID_DIV7 (Series 5) [1].tif,fiber_image,20c46a9a448a08bb4c10dec3f0a3594346cfc48df3397804c068fafcfd06039d,369157f798bc6470718e702501bce27e4f697da999620a11174b7589980b24f4,img_4d9a2f4d880ca2e83491,1024,1024,1,1,uint8,8,0,71,4.44702,3.92349,0,0,0,0,1,4,6,11,18,31,71,255,0,113987,PN148,PID,3R,PID_3R,7,DIV7,5,PN148_3R_PID_DIV7,PN148_3R_PID_DIV7,PN148_PID_3R_DIV07,parsed,PN148,3R,PID,DIV7,PN148_PID_3R_DIV07,none,none,none,none,not_applicable,normalized_thumbnail_ncc_threshold_0.995,none,unassigned
sted_fiber_data,PN148_3R_PID_DIV7 (Series 6) [1].tif,fiber_image,a32772234aa955d538305b1dee0b408732b2114305994e81f137b78675b165e9,3b7406f8627b8c85f3063ba4a5d2748cdcfb0c7370ce21fef046246b51eda629,img_0ed37af941480a47be4f,1024,1024,1,1,uint8,8,0,87,4.58493,4.22972,0,0,0,0,1,4,6,13,18,36,87,255,0,113370,PN148,PID,3R,PID_3R,7,DIV7,6,PN148_3R_PID_DIV7,PN148_3R_PID_DIV7,PN148_PID_3R_DIV07,parsed,PN148,3R,PID,DIV7,PN148_PID_3R_DIV07,none,none,none,none,not_applicable,normalized_thumbnail_ncc_threshold_0.995,elongated_high_intensity_component,unassigned
sted_fiber_data,PN148_3R_PID_DIV7 (Series 7) [1].tif,fiber_image,f1bf93e8e7c5eee168c274e68dcb9a5a063fb84f792b44d7e0a72561b0b24ac3,5e29477f236397b786c3a613133616a5aa111da38723001243ca2f6c775e4161,img_26cc1078ab3e274285bf,1024,1024,1,1,uint8,8,0,127,6.94129,5.7802,0,0,0,0,3,6,9,16,24,47,127,255,0,72961,PN148,PID,3R,PID_3R,7,DIV7,7,PN148_3R_PID_DIV7,PN148_3R_PID_DIV7,PN148_PID_3R_DIV07,parsed,PN148,3R,PID,DIV7,PN148_PID_3R_DIV07,none,none,none,none,not_applicable,normalized_thumbnail_ncc_threshold_0.995,none,unassigned
sted_fiber_data,PN148_3R_PID_DIV7 (Series 8) [1].tif,fiber_image,5e28436ce1f189cab578e7b0e47e036387276f26de597473ae8afc8c00b94835,3e105f7156eddb2a8a8854102ab514d1f98543fe47a2f6383f68ed7c9132ee44,img_e445db9fd2a8dd7b5000,1024,1024,1,1,uint8,8,0,79,4.69171,3.69878,0,0,0,0,3,4,6,11,16,24,79,255,0,83893,PN148,PID,3R,PID_3R,7,DIV7,8,PN148_3R_PID_DIV7,PN148_3R_PID_DIV7,PN148_PID_3R_DIV07,parsed,PN148,3R,PID,DIV7,PN148_PID_3R_DIV07,none,none,none,none,not_applicable,normalized_thumbnail_ncc_threshold_0.995,none,unassigned
sted_fiber_data,PN148_3R_PID_DIV7 (Series 9) [1].tif,fiber_image,82b11aadf6e77635e3a4a8fd333865fdcb5c51f8d2a9759ec6b3de399ccc0daf,906c5e42289759205a89264cfaf6e3d2bb1c39eeb3c6b1ed587b627cef415f2d,img_a5fefd560b68ed611520,1024,1024,1,1,uint8,8,0,169,6.51666,6.42851,0,0,0,0,3,4,9,16,32,57.85,169,255,0,80101,PN148,PID,3R,PID_3R,7,DIV7,9,PN148_3R_PID_DIV7,PN148_3R_PID_DIV7,PN148_PID_3R_DIV07,parsed,PN148,3R,PID,DIV7,PN148_PID_3R_DIV07,none,none,none,none,not_applicable,normalized_thumbnail_ncc_threshold_0.995,none,unassigned
sted_fiber_data,PN148_4R_AD_DIV03 (Series 0) [1].tif,fiber_image,60b871c50882b0dca01dcd9b00b8deb74a071a8d8804cb9455a89fe64854baa7,89f858c13f3ab0d2f1b0bf7ec44daabaf6f8d73c09248cc5c7b86c956a06891a,img_ffe8f9679077448a6547,1024,1024,1,1,uint8,8,0,255,18.6402,33.6077,0,0,0,1,4,8,17,91,182,242,255,255,473,35603,PN148,AD,4R,AD_4R,3,DIV03,0,PN148_4R_AD_DIV03,PN148_4R_AD_DIV03,PN148_AD_4R_DIV03,parsed,PN148,4R,AD,DIV03,PN148_AD_4R_DIV03,none,none,none,none,not_applicable,normalized_thumbnail_ncc_threshold_0.995,saturation,unassigned
sted_fiber_data,PN148_4R_AD_DIV03 (Series 1) [1].tif,fiber_image,594e9664f3a7d6a1ba701b3b6f65769d000b18a8e07fa76db76610b236cc0184,4b33a2710321f41bceef584cfd70440c8bc300d48dd5d2e8d6b6c6b2d20100e5,img_e65ecd6daf2b967a2c7c,1024,1024,1,1,uint8,8,0,212,7.82189,21.7355,0,0,0,0,1,3,4,33,129,164,212,255,0,234251,PN148,AD,4R,AD_4R,3,DIV03,1,PN148_4R_AD_DIV03,PN148_4R_AD_DIV03,PN148_AD_4R_DIV03,parsed,PN148,4R,AD,DIV03,PN148_AD_4R_DIV03,none,none,none,none,not_applicable,normalized_thumbnail_ncc_threshold_0.995,elongated_high_intensity_component,unassigned
sted_fiber_data,PN148_4R_AD_DIV03 (Series 10) [1].tif,fiber_image,126f01448daeb6e96dfbe0ff9dc71a233c0c52f936c84b0b1cda3435c2907f5f,0f2b7f8dcea917dfde6b1412fa9b2b8be1433512580441e1b7144026495f1c83,img_839563e0a840ae895b70,1024,1024,1,1,uint8,8,0,220,32.5118,34.6216,0,0,0,3,8,19,44,110,145,175,220,255,0,11194,PN148,AD,4R,AD_4R,3,DIV03,10,PN148_4R_AD_DIV03,PN148_4R_AD_DIV03,PN148_AD_4R_DIV03,parsed,PN148,4R,AD,DIV03,PN148_AD_4R_DIV03,none,none,none,none,not_applicable,normalized_thumbnail_ncc_threshold_0.995,none,unassigned
sted_fiber_data,PN148_4R_AD_DIV03 (Series 11) [1].tif,fiber_image,6e9f712b4f0c159b1d2d90b0d79ee4694c34a3a083e44abc4bc270c82dfbedfe,3e86f70cdec78242d51f018768bb912b0e7c96c5547d7b19e386f021c0460933,img_6cca2db2f0fbf1c19322,1024,1024,1,1,uint8,8,0,255,32.7143,40.7152,0,0,0,1,8,19,39,124,204,255,255,255,1293,27953,PN148,AD,4R,AD_4R,3,DIV03,11,PN148_4R_AD_DIV03,PN148_4R_AD_DIV03,PN148_AD_4R_DIV03,parsed,PN148,4R,AD,DIV03,PN148_AD_4R_DIV03,none,none,none,none,not_applicable,normalized_thumbnail_ncc_threshold_0.995,saturation,unassigned
sted_fiber_data,PN148_4R_AD_DIV03 (Series 12) [1].tif,fiber_image,62319769f2281cf38036ff6650a6c572cc12472a5fa51b9c9872ab2c7d0fac7f,aa7bbda8f500c81bb6473706c3052745cbc31360145bd5f16173194070df7ccc,img_a932604b0214b11266f3,1024,1024,1,1,uint8,8,0,181,12.1738,18.494,0,0,0,0,3,6,13,52,96,127,181,255,0,88252,PN148,AD,4R,AD_4R,3,DIV03,12,PN148_4R_AD_DIV03,PN148_4R_AD_DIV03,PN148_AD_4R_DIV03,parsed,PN148,4R,AD,DIV03,PN148_AD_4R_DIV03,none,none,none,none,not_applicable,normalized_thumbnail_ncc_threshold_0.995,none,unassigned
sted_fiber_data,PN148_4R_AD_DIV03 (Series 13) [1].tif,fiber_image,fe52cd95ca0f586250a2ae5ff4bc745d15a747e7235835a889b6b3879c851497,ca2f226e6918dc0da437b4ec2495e15e8df6c643016ad3efe71d54a74feeaa4a,img_a5a6ba5893f585b84b23,1024,1024,1,1,uint8,8,0,107,4.64304,5.83056,0,0,0,0,1,3,6,16,28,48,107,255,0,181003,PN148,AD,4R,AD_4R,3,DIV03,13,PN148_4R_AD_DIV03,PN148_4R_AD_DIV03,PN148_AD_4R_DIV03,parsed,PN148,4R,AD,DIV03,PN148_AD_4R_DIV03,none,none,none,none,not_applicable,normalized_thumbnail_ncc_threshold_0.995,elongated_high_intensity_component,unassigned
sted_fiber_data,PN148_4R_AD_DIV03 (Series 14) [1].tif,fiber_image,efdb4dec1a5bc9589b5f6289dca0cea674989dff702a2db653f80a5c6be3ac43,4bac113a34f4e82352f2c1aba2758c93abbb74d9a893e42e8bf16540fd5362c7,img_648b6eb1c272ca979fb1,1024,1024,1,1,uint8,8,0,97,4.0711,4.78296,0,0,0,0,1,3,6,13,23,44,97,255,0,138665,PN148,AD,4R,AD_4R,3,DIV03,14,PN148_4R_AD_DIV03,PN148_4R_AD_DIV03,PN148_AD_4R_DIV03,parsed,PN148,4R,AD,DIV03,PN148_AD_4R_DIV03,none,none,none,none,not_applicable,normalized_thumbnail_ncc_threshold_0.995,none,unassigned
sted_fiber_data,PN148_4R_AD_DIV03 (Series 2) [1].tif,fiber_image,a0876d251b4daa9b5898be1f0a78eeb509de2f527802ce8e3a6565ed80c889bb,5214fbfc9c957f1e6b0ef901b7a10b00ad779e42e5ef59d3cf1f3a1ab92d21b8,img_9558a1d71dcf6b95f7a4,1024,1024,1,1,uint8,8,0,99,5.45316,5.79394,0,0,0,0,1,4,8,16,31,47,99,255,0,91241,PN148,AD,4R,AD_4R,3,DIV03,2,PN148_4R_AD_DIV03,PN148_4R_AD_DIV03,PN148_AD_4R_DIV03,parsed,PN148,4R,AD,DIV03,PN148_AD_4R_DIV03,none,none,none,none,not_applicable,normalized_thumbnail_ncc_threshold_0.995,none,unassigned
sted_fiber_data,PN148_4R_AD_DIV03 (Series 3) [1].tif,fiber_image,28c5e6468aba2f431c6aaca713fd86fe952fee55fc57a3556fb4ee01a4859e20,6ba582af0288e7cceaa3f294fb11df8dac1b296db8a0c7d2f0153b866a90db5f,img_6b5b98f8d96a87042e50,1024,1024,1,1,uint8,8,0,107,9.11105,8.33432,0,0,0,1,3,8,13,24,41,62,107,255,0,43148,PN148,AD,4R,AD_4R,3,DIV03,3,PN148_4R_AD_DIV03,PN148_4R_AD_DIV03,PN148_AD_4R_DIV03,parsed,PN148,4R,AD,DIV03,PN148_AD_4R_DIV03,none,none,none,none,not_applicable,normalized_thumbnail_ncc_threshold_0.995,none,unassigned
sted_fiber_data,PN148_4R_AD_DIV03 (Series 4) [1].tif,fiber_image,cba2a3ce7b6ae22a774490228acbbed96a4c6ac1156763594b5aa85276373cec,72a4722dc0d59a385d9edcef89618f0e9ae8089b033f7df757833d77484870d3,img_01532e0ad5b9f9fe2c48,1024,1024,1,1,uint8,8,0,255,16.1681,23.5487,0,0,0,1,4,9,18,52,135,207,255,255,59,33527,PN148,AD,4R,AD_4R,3,DIV03,4,PN148_4R_AD_DIV03,PN148_4R_AD_DIV03,PN148_AD_4R_DIV03,parsed,PN148,4R,AD,DIV03,PN148_AD_4R_DIV03,none,none,none,none,not_applicable,normalized_thumbnail_ncc_threshold_0.995,saturation,unassigned
sted_fiber_data,PN148_4R_AD_DIV03 (Series 5) [1].tif,fiber_image,d1834dbf816cad0eb52979d3b9bc76422ceb9aaf679ca0ffbd74fbfd8cb44bd9,d9d3cc8ecd507e3c4a422288c06a2c99b504594bc612a65485de0d06a032949d,img_8d0c2b628359ba7e4a2d,1024,1024,1,1,uint8,8,0,136,7.46898,6.94128,0,0,0,0,3,6,11,19,32,61,136,255,0,57981,PN148,AD,4R,AD_4R,3,DIV03,5,PN148_4R_AD_DIV03,PN148_4R_AD_DIV03,PN148_AD_4R_DIV03,parsed,PN148,4R,AD,DIV03,PN148_AD_4R_DIV03,none,none,none,none,not_applicable,normalized_thumbnail_ncc_threshold_0.995,none,unassigned
sted_fiber_data,PN148_4R_AD_DIV03 (Series 6) [1].tif,fiber_image,62cc55521ee72e09500bf88b39e3065e76185cd5f5ae34475b0ffd18f4656021,b4d5fea51c1bb9a89df641cb32cdb9ec8cc2ad2067b3c7dfb623602844a37cc4,img_822bb28426cde4056c4f,1024,1024,1,1,uint8,8,0,107,5.60935,5.98056,0,0,0,0,1,4,8,16,31,51,107,255,0,98234,PN148,AD,4R,AD_4R,3,DIV03,6,PN148_4R_AD_DIV03,PN148_4R_AD_DIV03,PN148_AD_4R_DIV03,parsed,PN148,4R,AD,DIV03,PN148_AD_4R_DIV03,none,none,none,none,not_applicable,normalized_thumbnail_ncc_threshold_0.995,none,unassigned
sted_fiber_data,PN148_4R_AD_DIV03 (Series 7) [1].tif,fiber_image,35f22eae620700e8e8ead63d6440e8116ee7b2669a73ae6a3154f750ed1d82ce,5133e39e5e28a3337add8aa9a6a47b02a0446d5c1d83572f0dd585143b6d7eba,img_3cdc071da1fdc63f3ff6,1024,1024,1,1,uint8,8,0,120,6.95341,8.31843,0,0,0,0,1,4,9,24,36,56,120,255,0,133183,PN148,AD,4R,AD_4R,3,DIV03,7,PN148_4R_AD_DIV03,PN148_4R_AD_DIV03,PN148_AD_4R_DIV03,parsed,PN148,4R,AD,DIV03,PN148_AD_4R_DIV03,none,none,none,none,not_applicable,normalized_thumbnail_ncc_threshold_0.995,none,unassigned
sted_fiber_data,PN148_4R_AD_DIV03 (Series 8) [1].tif,fiber_image,f2ccd5beeb4a0d03d4013f640e1d79fe7fcb902f2a21ad37af954095eb1cdda9,386106ce1e42acf8b2c6a433c271a281bda382acc6b86b52ed4d36dc4285a3eb,img_96b6ee51a7c5c83b1aa5,1024,1024,1,1,uint8,8,0,115,7.0956,6.29706,0,0,0,0,3,6,9,19,28,44,115,255,0,72638,PN148,AD,4R,AD_4R,3,DIV03,8,PN148_4R_AD_DIV03,PN148_4R_AD_DIV03,PN148_AD_4R_DIV03,parsed,PN148,4R,AD,DIV03,PN148_AD_4R_DIV03,none,none,none,none,not_applicable,normalized_thumbnail_ncc_threshold_0.995,none,unassigned
sted_fiber_data,PN148_4R_AD_DIV03 (Series 9) [1].tif,fiber_image,d61f07496e8355623bbed4f271936ddaf1e426338614c55654b759d7e21fa959,2685dcf58110f7d27ce66e0a0d53bdb0416771c904f0456dd5fbb2779d6d4680,img_cfd0cb960ac5c186e421,1024,1024,1,1,uint8,8,0,154,6.7463,5.28958,0,0,0,0,3,6,9,16,23,36,154,255,0,63944,PN148,AD,4R,AD_4R,3,DIV03,9,PN148_4R_AD_DIV03,PN148_4R_AD_DIV03,PN148_AD_4R_DIV03,parsed,PN148,4R,AD,DIV03,PN148_AD_4R_DIV03,none,none,none,none,not_applicable,normalized_thumbnail_ncc_threshold_0.995,none,unassigned
sted_fiber_data,PN148_4R_AD_DIV05 (Series 0) [1].tif,fiber_image,d0e9715aa510ef9cfdfb5ae06e751c6f48a071186ec17aca046a73cc09847f4d,90d2059e49ebe17961f6865cec63d19f2179ae1729f6558ccb6b063b63a2dccd,img_e3bf5a6236649911bada,1024,1024,1,1,uint8,8,0,84,8.55944,5.29823,0,0,0,1,4,8,11,18,24,34,84,255,0,16869,PN148,AD,4R,AD_4R,5,DIV05,0,PN148_4R_AD_DIV05,PN148_4R_AD_DIV05,PN148_AD_4R_DIV05,parsed,PN148,4R,AD,DIV05,PN148_AD_4R_DIV05,none,none,none,none,not_applicable,normalized_thumbnail_ncc_threshold_0.995,none,unassigned
sted_fiber_data,PN148_4R_AD_DIV05 (Series 1) [1].tif,fiber_image,f337ceead111a5e21858cd690d1192eb6203b08cc6e3e776fb63640b53b9225b,300d841cd2e06d42f6bf23126b3bb892c872980981870b2ec1f19d2a1304dce0,img_c804720d6fd07d9e6679,1024,1024,1,1,uint8,8,0,134,9.58157,6.03416,0,0,0,1,4,9,13,21,26,39,134,255,0,21883,PN148,AD,4R,AD_4R,5,DIV05,1,PN148_4R_AD_DIV05,PN148_4R_AD_DIV05,PN148_AD_4R_DIV05,parsed,PN148,4R,AD,DIV05,PN148_AD_4R_DIV05,none,none,none,none,not_applicable,normalized_thumbnail_ncc_threshold_0.995,none,unassigned
sted_fiber_data,PN148_4R_AD_DIV05 (Series 10) [1].tif,fiber_image,61cbe1c23c9dc3f06b5281fb4a7bc126905e3a36538891e27cfe6c9fd4e39a8b,e4c448bcaee730788886920f43699dca0c8f699fa4ec5cda2156d91a6675593f,img_77b73ab46b8cd538492a,1024,1024,1,1,uint8,8,0,177,6.68963,8.43311,0,0,0,0,3,4,8,24,42,67,177,255,0,83949,PN148,AD,4R,AD_4R,5,DIV05,10,PN148_4R_AD_DIV05,PN148_4R_AD_DIV05,PN148_AD_4R_DIV05,parsed,PN148,4R,AD,DIV05,PN148_AD_4R_DIV05,none,none,none,none,not_applicable,normalized_thumbnail_ncc_threshold_0.995,none,unassigned
sted_fiber_data,PN148_4R_AD_DIV05 (Series 11) [1].tif,fiber_image,2ae39968166c3da10a5f65772c360a07420330c8fa665172f615c144f3b5d723,13b156baa7bbebb5b61a38ceb84e2a90a4d8b37d7f2f8034f87472f3db29551b,img_637db4d17f922cdc72d4,1024,1024,1,1,uint8,8,0,255,22.6535,26.5638,0,0,0,1,6,14,29,72,129,223,255,255,233,28829,PN148,AD,4R,AD_4R,5,DIV05,11,PN148_4R_AD_DIV05,PN148_4R_AD_DIV05,PN148_AD_4R_DIV05,parsed,PN148,4R,AD,DIV05,PN148_AD_4R_DIV05,none,none,none,none,not_applicable,normalized_thumbnail_ncc_threshold_0.995,saturation,unassigned
sted_fiber_data,PN148_4R_AD_DIV05 (Series 12) [1].tif,fiber_image,aaba7777e11cc90a3bf01df811f99c3b5b9054103ab9402f2dc85826f99da0ce,d79865794aa8acf164a3c9435ec348d16881669990223971e23cd5e63236edcf,img_9be7971faaa17ec1d33d,1024,1024,1,1,uint8,8,0,255,9.39506,17.3049,0,0,0,1,3,6,11,24,67,255,255,255,1389,44281,PN148,AD,4R,AD_4R,5,DIV05,12,PN148_4R_AD_DIV05,PN148_4R_AD_DIV05,PN148_AD_4R_DIV05,parsed,PN148,4R,AD,DIV05,PN148_AD_4R_DIV05,none,none,none,none,not_applicable,normalized_thumbnail_ncc_threshold_0.995,saturation,unassigned
sted_fiber_data,PN148_4R_AD_DIV05 (Series 13) [1].tif,fiber_image,a6cb5a886efe8d5202df07ea708b4d392becf9ddc5b990330241ee67b04e3248,e517dc812c688376ada2621c145573e4b30eb00f3309152d64c8ca5abd62e255,img_dc28709b0cb3df55e38f,1024,1024,1,1,uint8,8,0,205,6.70176,9.24559,0,0,0,0,3,4,8,19,46,109,205,255,0,83465,PN148,AD,4R,AD_4R,5,DIV05,13,PN148_4R_AD_DIV05,PN148_4R_AD_DIV05,PN148_AD_4R_DIV05,parsed,PN148,4R,AD,DIV05,PN148_AD_4R_DIV05,none,none,none,none,not_applicable,normalized_thumbnail_ncc_threshold_0.995,none,unassigned
sted_fiber_data,PN148_4R_AD_DIV05 (Series 14) [1].tif,fiber_image,cfc3deb34a7aef644ed63caf806bc393ecceb7d8435713ccf42edfdaece5720b,25e3d5114182693597c41e7043bd356895781f9b775467439df7c11ef6a001ba,img_b29fda7a6fd531ef42be,1024,1024,1,1,uint8,8,0,255,11.9209,21.5003,0,0,0,0,3,6,13,39,120,237,255,255,658,68849,PN148,AD,4R,AD_4R,5,DIV05,14,PN148_4R_AD_DIV05,PN148_4R_AD_DIV05,PN148_AD_4R_DIV05,parsed,PN148,4R,AD,DIV05,PN148_AD_4R_DIV05,none,none,none,none,not_applicable,normalized_thumbnail_ncc_threshold_0.995,saturation,unassigned
sted_fiber_data,PN148_4R_AD_DIV05 (Series 2) [1].tif,fiber_image,dd08e2cdea858919936550f832e6e5585910afe780c33de0c3fdfe04206b42aa,db050e4bd48993a257639a750f2ac3dbcda7e0379447ff8db7957c01c0e956c3,img_f88e2fd3edb259ec1964,1024,1024,1,1,uint8,8,0,190,12.9766,16.4895,0,0,0,0,3,6,14,51,75,105,190,255,0,58395,PN148,AD,4R,AD_4R,5,DIV05,2,PN148_4R_AD_DIV05,PN148_4R_AD_DIV05,PN148_AD_4R_DIV05,parsed,PN148,4R,AD,DIV05,PN148_AD_4R_DIV05,none,none,none,none,not_applicable,normalized_thumbnail_ncc_threshold_0.995,elongated_high_intensity_component,unassigned
sted_fiber_data,PN148_4R_AD_DIV05 (Series 3) [1].tif,fiber_image,afb216328c9a93296a8aae8d43fdb3271d29505dfb9c9260707954b2e0e8a354,9b6517b122c5efe4aa9308fce00c11794587347cce64e871cd193f0b4d3f9cd7,img_ed67f4642a4028cb033a,1024,1024,1,1,uint8,8,0,66,6.76594,4.60971,0,0,0,1,3,6,9,14,21,36,66,255,0,31292,PN148,AD,4R,AD_4R,5,DIV05,3,PN148_4R_AD_DIV05,PN148_4R_AD_DIV05,PN148_AD_4R_DIV05,parsed,PN148,4R,AD,DIV05,PN148_AD_4R_DIV05,none,none,none,none,not_applicable,normalized_thumbnail_ncc_threshold_0.995,none,unassigned
sted_fiber_data,PN148_4R_AD_DIV05 (Series 4) [1].tif,fiber_image,96174f4bf899c4e6a829d5ecf28979335c98a897c552662ee244580b629a68bb,31b078c64bfe439b86dc82eb7530159b11f0ccf7e0398534daa74ff97b021cf0,img_8c816d0e2e8147917871,1024,1024,1,1,uint8,8,0,255,11.9255,14.5106,0,0,0,1,4,8,14,34,74,155,255,255,21,30000,PN148,AD,4R,AD_4R,5,DIV05,4,PN148_4R_AD_DIV05,PN148_4R_AD_DIV05,PN148_AD_4R_DIV05,parsed,PN148,4R,AD,DIV05,PN148_AD_4R_DIV05,none,none,none,none,not_applicable,normalized_thumbnail_ncc_threshold_0.995,saturation;elongated_high_intensity_component,unassigned
sted_fiber_data,PN148_4R_AD_DIV05 (Series 5) [1].tif,fiber_image,771611d42e7463241233ab9ea749548c004a435422898788d9f55ff64bf48af6,c735c80bcca9f6780b1e875ff2cb1c6772513eaff0a182de99f058d95c59083f,img_e87a06f9a35fde3e8a23,1024,1024,1,1,uint8,8,0,144,7.92046,11.1072,0,0,0,0,3,4,8,33,54,82,144,255,0,85625,PN148,AD,4R,AD_4R,5,DIV05,5,PN148_4R_AD_DIV05,PN148_4R_AD_DIV05,PN148_AD_4R_DIV05,parsed,PN148,4R,AD,DIV05,PN148_AD_4R_DIV05,none,none,none,none,not_applicable,normalized_thumbnail_ncc_threshold_0.995,elongated_high_intensity_component,unassigned
sted_fiber_data,PN148_4R_AD_DIV05 (Series 6) [1].tif,fiber_image,3a135b5925b303db0fe5a71505d8cb6060317eb9026bab695e9805ac40d61994,e6e0d45c992fd2bb5a438efd1f0f982b79abba902678cf9217e5745063e7b89f,img_f2a4e8adf955a2b7b6dc,1024,1024,1,1,uint8,8,0,72,7.52631,4.9935,0,0,0,1,4,8,11,16,22,34,72,255,0,38902,PN148,AD,4R,AD_4R,5,DIV05,6,PN148_4R_AD_DIV05,PN148_4R_AD_DIV05,PN148_AD_4R_DIV05,parsed,PN148,4R,AD,DIV05,PN148_AD_4R_DIV05,none,none,none,none,not_applicable,normalized_thumbnail_ncc_threshold_0.995,none,unassigned
sted_fiber_data,PN148_4R_AD_DIV05 (Series 7) [1].tif,fiber_image,ff4aa1872c9688bfc7cb7bd4db48c8544ba055f3a73ed06f3eda8b34eccee332,da713fb8e147bdc86bceb1007abcf889e5091206a66f163ae7b4811654ef4b52,img_15385540729876baa5f7,1024,1024,1,1,uint8,8,0,129,9.23486,9.13805,0,0,0,0,3,6,13,27,42,67,129,255,0,62575,PN148,AD,4R,AD_4R,5,DIV05,7,PN148_4R_AD_DIV05,PN148_4R_AD_DIV05,PN148_AD_4R_DIV05,parsed,PN148,4R,AD,DIV05,PN148_AD_4R_DIV05,none,none,none,none,not_applicable,normalized_thumbnail_ncc_threshold_0.995,none,unassigned
sted_fiber_data,PN148_4R_AD_DIV05 (Series 8) [1].tif,fiber_image,133cbdb08fda06d0808dbdd13be1d27fdd1d07d815cf5fc313d4ecc3b6962311,6d0115bf005fb534f64219f5523b5dd9d70cfcac6b4cdbfa48623719fa8ae32c,img_414f0f6f813db3e80096,1024,1024,1,1,uint8,8,0,162,7.89746,7.2504,0,0,0,1,3,6,11,19,33,76,162,255,0,51029,PN148,AD,4R,AD_4R,5,DIV05,8,PN148_4R_AD_DIV05,PN148_4R_AD_DIV05,PN148_AD_4R_DIV05,parsed,PN148,4R,AD,DIV05,PN148_AD_4R_DIV05,none,none,none,none,not_applicable,normalized_thumbnail_ncc_threshold_0.995,elongated_high_intensity_component,unassigned
sted_fiber_data,PN148_4R_AD_DIV05 (Series 9) [1].tif,fiber_image,b71e5b365402f7e3065a0f2585357cc8ef4c0138ad6565a5e7704620a1fb6e28,92291b69224c5ca22762346220dcc3e067824d5a20e4c25d2760c7b0291e74ff,img_372a243fcfdc47a503d9,1024,1024,1,1,uint8,8,0,177,13.0839,20.5778,0,0,0,0,1,3,13,61,82,104,177,255,0,225229,PN148,AD,4R,AD_4R,5,DIV05,9,PN148_4R_AD_DIV05,PN148_4R_AD_DIV05,PN148_AD_4R_DIV05,parsed,PN148,4R,AD,DIV05,PN148_AD_4R_DIV05,none,none,none,none,not_applicable,normalized_thumbnail_ncc_threshold_0.995,elongated_high_intensity_component,unassigned
sted_fiber_data,PN148_4R_AD_DIV07 (Series 0) [1].tif,fiber_image,8995dc5cedcbc8476af765e272f324a722211ddce4adfcd6e04485d1e2e9b5c5,8003e9fa6abfbf42d4384c47b234769baf14a52825dc5890764257fe5fbf1d58,img_d373ad4884dfcea84daf,1024,1024,1,1,uint8,8,0,252,10.6077,16.2303,0,0,0,0,3,6,13,34,85,174.425,252,255,0,85547,PN148,AD,4R,AD_4R,7,DIV07,0,PN148_4R_AD_DIV07,PN148_4R_AD_DIV07,PN148_AD_4R_DIV07,parsed,PN148,4R,AD,DIV07,PN148_AD_4R_DIV07,none,none,none,none,not_applicable,normalized_thumbnail_ncc_threshold_0.995,elongated_high_intensity_component,unassigned
sted_fiber_data,PN148_4R_AD_DIV07 (Series 1) [1].tif,fiber_image,b68e9e6e73921cc4b996951773cd49262a1b3da04a87e8e11548017d66df5c0a,76e35118da7762d3cff199e2844a76c859915ebba722d96eed30ad7e17ab4c98,img_cc031204543516db8eae,1024,1024,1,1,uint8,8,0,210,7.79347,6.60228,0,0,0,1,3,6,11,19,31,56,210,255,0,41453,PN148,AD,4R,AD_4R,7,DIV07,1,PN148_4R_AD_DIV07,PN148_4R_AD_DIV07,PN148_AD_4R_DIV07,parsed,PN148,4R,AD,DIV07,PN148_AD_4R_DIV07,none,none,none,none,not_applicable,normalized_thumbnail_ncc_threshold_0.995,none,unassigned
sted_fiber_data,PN148_4R_AD_DIV07 (Series 10) [1].tif,fiber_image,5b3064f081ca227e3dc4c6b4ced1c24b7519122cc9914caef79e506f312daa5b,0e7569daa9a2c872c46fddf110b1bf98b67b0ca65b80da6ed0e126f0f73f3208,img_79b14c461144736b09fa,1024,1024,1,1,uint8,8,0,72,3.01219,3.01022,0,0,0,0,1,3,4,9,13,21,72,255,0,190351,PN148,AD,4R,AD_4R,7,DIV07,10,PN148_4R_AD_DIV07,PN148_4R_AD_DIV07,PN148_AD_4R_DIV07,parsed,PN148,4R,AD,DIV07,PN148_AD_4R_DIV07,none,none,none,none,not_applicable,normalized_thumbnail_ncc_threshold_0.995,none,unassigned
sted_fiber_data,PN148_4R_AD_DIV07 (Series 11) [1].tif,fiber_image,075b31c25da1de06ef594df7b12b4aa052197ac83b56b694da108508192d8df2,952f5b8fd9e3f30185e32433ff68ae7b13b2583012a05f54a0dd4fe902c2eae1,img_b60360127e3ae0ac5649,1024,1024,1,1,uint8,8,0,49,2.39251,2.9424,0,0,0,0,0,1,3,8,14,24,49,255,0,282494,PN148,AD,4R,AD_4R,7,DIV07,11,PN148_4R_AD_DIV07,PN148_4R_AD_DIV07,PN148_AD_4R_DIV07,parsed,PN148,4R,AD,DIV07,PN148_AD_4R_DIV07,none,none,none,none,not_applicable,normalized_thumbnail_ncc_threshold_0.995,none,unassigned
sted_fiber_data,PN148_4R_AD_DIV07 (Series 12) [1].tif,fiber_image,7c8443982d0b6988e4d0bc96205ccb822437424467d9e26b2f7ba2727c5a5cc8,171b0b2a3ed4a1fc7b6852c3c1d721949b616ecc69e2114f3bcb603607acda25,img_3d0ffe0ab05e8d0506c7,1024,1024,1,1,uint8,8,0,89,6.42021,4.80134,0,0,0,1,3,6,9,16,21,32,89,255,0,46328,PN148,AD,4R,AD_4R,7,DIV07,12,PN148_4R_AD_DIV07,PN148_4R_AD_DIV07,PN148_AD_4R_DIV07,parsed,PN148,4R,AD,DIV07,PN148_AD_4R_DIV07,none,none,none,none,not_applicable,normalized_thumbnail_ncc_threshold_0.995,elongated_high_intensity_component,unassigned
sted_fiber_data,PN148_4R_AD_DIV07 (Series 13) [1].tif,fiber_image,38c37fd8acbc438128a07987ca772f8eb198c94d055776032c14b066d207c149,eb17eceb72738c652d52e0b01252bdf33e0bcbb78b0367b7d6cb5944b7a3c240,img_9cc7dcf4db10cb43177e,1024,1024,1,1,uint8,8,0,112,7.42872,5.71399,0,0,0,0,3,6,11,18,24,37,112,255,0,76624,PN148,AD,4R,AD_4R,7,DIV07,13,PN148_4R_AD_DIV07,PN148_4R_AD_DIV07,PN148_AD_4R_DIV07,parsed,PN148,4R,AD,DIV07,PN148_AD_4R_DIV07,none,none,none,none,not_applicable,normalized_thumbnail_ncc_threshold_0.995,none,unassigned
sted_fiber_data,PN148_4R_AD_DIV07 (Series 14) [1].tif,fiber_image,ee80b8dbb3eadf80c243680431840eb6493130186970bd48e84c55c9dcc3860f,bf762623f502a790d62efbc2d5e862e10a35c42686796e16a6d89dbf1bede754,img_41bb5554774f9a686da7,1024,1024,1,1,uint8,8,0,140,4.76821,4.53721,0,0,0,0,1,4,6,13,21,36,140,255,0,108030,PN148,AD,4R,AD_4R,7,DIV07,14,PN148_4R_AD_DIV07,PN148_4R_AD_DIV07,PN148_AD_4R_DIV07,parsed,PN148,4R,AD,DIV07,PN148_AD_4R_DIV07,none,none,none,none,not_applicable,normalized_thumbnail_ncc_threshold_0.995,none,unassigned
sted_fiber_data,PN148_4R_AD_DIV07 (Series 2) [1].tif,fiber_image,792ac014f8c7b5478e6f80add82d09ffdc5df3b69659a6cc0941b5d28f75fe4a,9605a087e9ffdfbda1344407eabcf2196d2536009e271b43cb25605298273858,img_56a25e3e4997f89c42aa,1024,1024,1,1,uint8,8,0,49,3.87893,3.62686,0,0,0,0,1,3,6,11,14,23,49,255,0,170675,PN148,AD,4R,AD_4R,7,DIV07,2,PN148_4R_AD_DIV07,PN148_4R_AD_DIV07,PN148_AD_4R_DIV07,parsed,PN148,4R,AD,DIV07,PN148_AD_4R_DIV07,none,none,none,none,not_applicable,normalized_thumbnail_ncc_threshold_0.995,none,unassigned
sted_fiber_data,PN148_4R_AD_DIV07 (Series 3) [1].tif,fiber_image,77d6f7d64b8998ef447fb888e42e80cde6bb28abda65f95c38b0a84afefd6e25,1e01e7b9ec953fd2a964b8ef84cd8bf30bd1eb5dff11e3a8e56e33b9b088bd3e,img_57996215113fcf03934b,1024,1024,1,1,uint8,8,0,255,35.1746,38.8951,0,0,0,1,9,24,49,100,213,255,255,255,2850,27288,PN148,AD,4R,AD_4R,7,DIV07,3,PN148_4R_AD_DIV07,PN148_4R_AD_DIV07,PN148_AD_4R_DIV07,parsed,PN148,4R,AD,DIV07,PN148_AD_4R_DIV07,none,none,none,none,not_applicable,normalized_thumbnail_ncc_threshold_0.995,saturation,unassigned
sted_fiber_data,PN148_4R_AD_DIV07 (Series 4) [1].tif,fiber_image,e5b79ad40823879200fa820a1a0a3b0dca7997d4d5b114a33731d0bb032aef44,4eb7ba962c2b9726448e40aa0e51d2096a768da929c392087d5a1ce383ba7cca,img_f20204ee9ed36e48eaf7,1024,1024,1,1,uint8,8,0,229,6.53028,6.92401,0,0,0,1,3,6,8,14,22,107,229,255,0,33453,PN148,AD,4R,AD_4R,7,DIV07,4,PN148_4R_AD_DIV07,PN148_4R_AD_DIV07,PN148_AD_4R_DIV07,parsed,PN148,4R,AD,DIV07,PN148_AD_4R_DIV07,none,none,none,none,not_applicable,normalized_thumbnail_ncc_threshold_0.995,elongated_high_intensity_component,unassigned
sted_fiber_data,PN148_4R_AD_DIV07 (Series 5) [1].tif,fiber_image,aea823f3d9eb28350e6166124c8ba83bc475a51e6eafed535beea5ead606d95d,2dac7cc48f8436b899beb3bf141003dbd0c1d00de3feee32beff867d80b3aa4e,img_5cc6606e92c4864b9701,1024,1024,1,1,uint8,8,0,152,5.38219,7.00186,0,0,0,0,1,4,6,16,36,71,152,255,0,101640,PN148,AD,4R,AD_4R,7,DIV07,5,PN148_4R_AD_DIV07,PN148_4R_AD_DIV07,PN148_AD_4R_DIV07,parsed,PN148,4R,AD,DIV07,PN148_AD_4R_DIV07,none,none,none,none,not_applicable,normalized_thumbnail_ncc_threshold_0.995,none,unassigned
sted_fiber_data,PN148_4R_AD_DIV07 (Series 6) [1].tif,fiber_image,46002d6d64f43481254fcd7f648ee4cfda18fb99e2fcf17677cf80b6ecb4a9ca,15294a017dc2aef2de2b0072386c10389e942bc218d675843a37af45149a34fb,img_21e417b6dc2b1e4c8168,1024,1024,1,1,uint8,8,0,54,8.13683,6.50394,0,0,0,0,3,6,13,21,27,36,54,255,0,60316,PN148,AD,4R,AD_4R,7,DIV07,6,PN148_4R_AD_DIV07,PN148_4R_AD_DIV07,PN148_AD_4R_DIV07,parsed,PN148,4R,AD,DIV07,PN148_AD_4R_DIV07,none,none,none,none,not_applicable,normalized_thumbnail_ncc_threshold_0.995,none,unassigned
sted_fiber_data,PN148_4R_AD_DIV07 (Series 7) [1].tif,fiber_image,7d60a6ad07c39513e6b28e5347196d519f5121d52c84e08c99c1d455be435b52,0976d8c48edae246718bcda6a77819d35c2407559d7420c760a0d27b48df137f,img_689929ef4bf6ab1d3f1a,1024,1024,1,1,uint8,8,0,115,4.74728,4.62425,0,0,0,0,1,4,6,13,19,44,115,255,0,115338,PN148,AD,4R,AD_4R,7,DIV07,7,PN148_4R_AD_DIV07,PN148_4R_AD_DIV07,PN148_AD_4R_DIV07,parsed,PN148,4R,AD,DIV07,PN148_AD_4R_DIV07,none,none,none,none,not_applicable,normalized_thumbnail_ncc_threshold_0.995,none,unassigned
sted_fiber_data,PN148_4R_AD_DIV07 (Series 8) [1].tif,fiber_image,9f1d0321fbe671b454c5f73c97765e100d57a959e76863822d8afc1a37325bec,9afd4ee9da866c7682ceffa352954595bfefd2968e1e201d0aa873c8bbac45c4,img_de7bd76839ab30a140a6,1024,1024,1,1,uint8,8,0,64,3.58493,3.88644,0,0,0,0,0,3,6,11,16,23,64,255,0,328380,PN148,AD,4R,AD_4R,7,DIV07,8,PN148_4R_AD_DIV07,PN148_4R_AD_DIV07,PN148_AD_4R_DIV07,parsed,PN148,4R,AD,DIV07,PN148_AD_4R_DIV07,none,none,none,none,not_applicable,normalized_thumbnail_ncc_threshold_0.995,none,unassigned
sted_fiber_data,PN148_4R_AD_DIV07 (Series 9) [1].tif,fiber_image,befca83c3bbd522a34503eeae813b8bb3593f35f11d0b1f2b7f772a31a9e43b0,fbcbf2be98c5f467a0ed43d50d480bda2e0659e4494dc963390e2a4c2a997edd,img_e785c33ad47f4bb18b26,1024,1024,1,1,uint8,8,0,59,3.83837,3.79364,0,0,0,0,1,3,6,11,16,23,59,255,0,188886,PN148,AD,4R,AD_4R,7,DIV07,9,PN148_4R_AD_DIV07,PN148_4R_AD_DIV07,PN148_AD_4R_DIV07,parsed,PN148,4R,AD,DIV07,PN148_AD_4R_DIV07,none,none,none,none,not_applicable,normalized_thumbnail_ncc_threshold_0.995,none,unassigned
sted_fiber_data,PN148_4R_AD_DIV10 (Series 0) [1].tif,fiber_image,416fda4ce888c03ace1c4f547ad2075b1b945387089e53937a98187304f09e44,507158c5b865e249f7e6a08975f1ecae8740b4a299d4aa473f20cf2ca01efa82,img_bd63c74031414a1fefb3,1024,1024,1,1,uint8,8,0,46,5.20147,4.45747,0,0,0,0,1,4,8,14,19,26,46,255,0,123032,PN148,AD,4R,AD_4R,10,DIV10,0,PN148_4R_AD_DIV10,PN148_4R_AD_DIV10,PN148_AD_4R_DIV10,parsed,PN148,4R,AD,DIV10,PN148_AD_4R_DIV10,none,none,none,none,not_applicable,normalized_thumbnail_ncc_threshold_0.995,none,unassigned
sted_fiber_data,PN148_4R_AD_DIV10 (Series 1) [1].tif,fiber_image,2ba627d10013ebb4245740a7646f383ae3c413b286e794390b59153acea0135c,5a2e2dce0834a7a35f65f41d9d076e2a6d7948c605881ead05c72db2e6eee33f,img_46f3ae514baa7e03beba,1024,1024,1,1,uint8,8,0,67,4.37114,3.56341,0,0,0,0,1,4,6,11,16,24,67,255,0,88285,PN148,AD,4R,AD_4R,10,DIV10,1,PN148_4R_AD_DIV10,PN148_4R_AD_DIV10,PN148_AD_4R_DIV10,parsed,PN148,4R,AD,DIV10,PN148_AD_4R_DIV10,none,none,none,none,not_applicable,normalized_thumbnail_ncc_threshold_0.995,none,unassigned
sted_fiber_data,PN148_4R_AD_DIV10 (Series 10) [1].tif,fiber_image,3ad09489ca67408ce153fa9d4405d08e40add88274bb2855cbde73fff97f11cc,5252ef65ada6c0e09c454930f64831df3efdf8be2cd960265a33f769fb414a95,img_65178436bd414dabb8b0,1024,1024,1,1,uint8,8,0,72,3.91713,3.35518,0,0,0,0,1,3,6,11,14,21,72,255,0,117265,PN148,AD,4R,AD_4R,10,DIV10,10,PN148_4R_AD_DIV10,PN148_4R_AD_DIV10,PN148_AD_4R_DIV10,parsed,PN148,4R,AD,DIV10,PN148_AD_4R_DIV10,none,none,none,none,not_applicable,normalized_thumbnail_ncc_threshold_0.995,none,unassigned
sted_fiber_data,PN148_4R_AD_DIV10 (Series 11) [1].tif,fiber_image,a4bdeeecce787ee8d4ce555d8520d37c3b6d0cf03b079fa06cbe009f3375b327,b5b08a8eaf8ee3d4a130eb95286c4b02fa7f13c6ee819db52648116f4c01dad8,img_31a00366f5f179e9e086,1024,1024,1,1,uint8,8,0,41,4.77384,4.05365,0,0,0,0,1,4,8,13,18,24,41,255,0,110111,PN148,AD,4R,AD_4R,10,DIV10,11,PN148_4R_AD_DIV10,PN148_4R_AD_DIV10,PN148_AD_4R_DIV10,parsed,PN148,4R,AD,DIV10,PN148_AD_4R_DIV10,none,none,none,none,not_applicable,normalized_thumbnail_ncc_threshold_0.995,none,unassigned
sted_fiber_data,PN148_4R_AD_DIV10 (Series 12) [1].tif,fiber_image,2a6db8430442e61c33583c9bb06ed201838ef9380338ec37ef1e88ded6a78ac6,032f9885e26620b66a7ae969a20b392b339dc2c9985ccbea58d0c4ae522e5b7f,img_39a44a19f55fb9c62af7,1024,1024,1,1,uint8,8,0,112,2.96209,3.79669,0,0,0,0,1,1,4,11,17,31,112,255,0,261307,PN148,AD,4R,AD_4R,10,DIV10,12,PN148_4R_AD_DIV10,PN148_4R_AD_DIV10,PN148_AD_4R_DIV10,parsed,PN148,4R,AD,DIV10,PN148_AD_4R_DIV10,none,none,none,none,not_applicable,normalized_thumbnail_ncc_threshold_0.995,elongated_high_intensity_component,unassigned
sted_fiber_data,PN148_4R_AD_DIV10 (Series 13) [1].tif,fiber_image,47dc0ade6f9c71e5ef4fd77e94bdc52aee7535049fa5598318a939b0695d1480,532251b1a9861a77f28502f7ea38b68b208a20debdd2598f655942a550aff7c1,img_e5d17c9921286c5d1928,1024,1024,1,1,uint8,8,0,64,4.48791,3.58624,0,0,0,0,1,4,6,11,16,21,64,255,0,92357,PN148,AD,4R,AD_4R,10,DIV10,13,PN148_4R_AD_DIV10,PN148_4R_AD_DIV10,PN148_AD_4R_DIV10,parsed,PN148,4R,AD,DIV10,PN148_AD_4R_DIV10,none,none,none,none,not_applicable,normalized_thumbnail_ncc_threshold_0.995,none,unassigned
sted_fiber_data,PN148_4R_AD_DIV10 (Series 14) [1].tif,fiber_image,6eefe4b0ce587ec7f863a696ad342c6d744ca7b0cbbc1c908c9e2a2fc5640092,0e3f5a812c036a742c20bdff678b4de9c891f0e65980205bab7d77f7bef4562d,img_cc135a56d0cc52f3dffa,1024,1024,1,1,uint8,8,0,66,6.07056,5.03087,0,0,0,0,3,4,9,16,21,29,66,255,0,83246,PN148,AD,4R,AD_4R,10,DIV10,14,PN148_4R_AD_DIV10,PN148_4R_AD_DIV10,PN148_AD_4R_DIV10,parsed,PN148,4R,AD,DIV10,PN148_AD_4R_DIV10,none,none,none,none,not_applicable,normalized_thumbnail_ncc_threshold_0.995,none,unassigned
sted_fiber_data,PN148_4R_AD_DIV10 (Series 2) [1].tif,fiber_image,babc5427217137ba2d8bdefd0e6bff022b865a49346ee1bd4dc80014039d9731,2e2f880a8b9f2a7e9b20676df1fb6032bed3df896b87f27b55c28ad99764429a,img_331b612f7d2f479e437d,1024,1024,1,1,uint8,8,0,102,3.38858,3.5724,0,0,0,0,1,3,4,9,14,33,102,255,0,183544,PN148,AD,4R,AD_4R,10,DIV10,2,PN148_4R_AD_DIV10,PN148_4R_AD_DIV10,PN148_AD_4R_DIV10,parsed,PN148,4R,AD,DIV10,PN148_AD_4R_DIV10,none,none,none,none,not_applicable,normalized_thumbnail_ncc_threshold_0.995,elongated_high_intensity_component,unassigned
sted_fiber_data,PN148_4R_AD_DIV10 (Series 3) [1].tif,fiber_image,b008ff25df10f3aa9fe32953694961a11c1e15eae4449be396f976ad4896464d,e1fedab8b7a5a4d345796bc34e2dbee0ba5de78fcc52428805d07cf6750eca94,img_4ebe337cfe06f411d894,1024,1024,1,1,uint8,8,0,52,5.99168,4.79809,0,0,0,0,3,4,9,14,21,27,52,255,0,83629,PN148,AD,4R,AD_4R,10,DIV10,3,PN148_4R_AD_DIV10,PN148_4R_AD_DIV10,PN148_AD_4R_DIV10,parsed,PN148,4R,AD,DIV10,PN148_AD_4R_DIV10,none,none,none,none,not_applicable,normalized_thumbnail_ncc_threshold_0.995,none,unassigned
sted_fiber_data,PN148_4R_AD_DIV10 (Series 4) [1].tif,fiber_image,365741367e4453019aeca2e115a9418670376210b628a7e91251cc28a5069999,943e0357e59fd53a4ce1b302a4b8b9e81015782a266763bc144a5c2d2ef1ec77,img_00273a310a71b5db79f4,1024,1024,1,1,uint8,8,0,29,3.37743,2.89618,0,0,0,0,1,3,4,9,13,18,29,255,0,135148,PN148,AD,4R,AD_4R,10,DIV10,4,PN148_4R_AD_DIV10,PN148_4R_AD_DIV10,PN148_AD_4R_DIV10,parsed,PN148,4R,AD,DIV10,PN148_AD_4R_DIV10,none,none,none,none,not_applicable,normalized_thumbnail_ncc_threshold_0.995,none,unassigned
sted_fiber_data,PN148_4R_AD_DIV10 (Series 5) [1].tif,fiber_image,316005da2824bc3c8292aa2890c977c40ed5be978431f00ee804bba9eb2d1184,aec5e2acd11af8045a84e8cb47872844617b6bb6753da3277bf32ef73d5cb88a,img_e9ba8fa15859a8a323ed,1024,1024,1,1,uint8,8,0,100,4.81612,3.93027,0,0,0,0,1,4,8,13,17,24,100,255,0,97283,PN148,AD,4R,AD_4R,10,DIV10,5,PN148_4R_AD_DIV10,PN148_4R_AD_DIV10,PN148_AD_4R_DIV10,parsed,PN148,4R,AD,DIV10,PN148_AD_4R_DIV10,none,none,none,none,not_applicable,normalized_thumbnail_ncc_threshold_0.995,none,unassigned
sted_fiber_data,PN148_4R_AD_DIV10 (Series 6) [1].tif,fiber_image,d4f0baba7c3d6bc659417be9fd13256dd472622f5b9e1bb8b6990d03fa8ed5e1,22b1eda446632f62a8f9718d8167c9bce809b565af8de3d93c79815f38fd3036,img_943808ea0d8b25dea7de,1024,1024,1,1,uint8,8,0,80,4.68668,3.85297,0,0,0,0,1,4,6,13,16,24,80,255,0,102614,PN148,AD,4R,AD_4R,10,DIV10,6,PN148_4R_AD_DIV10,PN148_4R_AD_DIV10,PN148_AD_4R_DIV10,parsed,PN148,4R,AD,DIV10,PN148_AD_4R_DIV10,none,none,none,none,not_applicable,normalized_thumbnail_ncc_threshold_0.995,none,unassigned
sted_fiber_data,PN148_4R_AD_DIV10 (Series 7) [1].tif,fiber_image,c3e8cfc361f8144591607ce4bc94a569a9768266b047ef03cdfe3909d8662a17,cd4793c54efe01142be76b03b0c8866ecc236b8cf29d5f821b68df5624bf5778,img_c05a7da03d4448065d5e,1024,1024,1,1,uint8,8,0,72,6.56836,5.01381,0,0,0,0,3,6,9,16,21,28,72,255,0,63263,PN148,AD,4R,AD_4R,10,DIV10,7,PN148_4R_AD_DIV10,PN148_4R_AD_DIV10,PN148_AD_4R_DIV10,parsed,PN148,4R,AD,DIV10,PN148_AD_4R_DIV10,none,none,none,none,not_applicable,normalized_thumbnail_ncc_threshold_0.995,elongated_high_intensity_component,unassigned
sted_fiber_data,PN148_4R_AD_DIV10 (Series 8) [1].tif,fiber_image,9d9700859345ac3917df81cb21e0f282b6043b5b0ac5669398e8e4712f00843d,2df6e5e6e9fb7a8d01e5a86186f41250b9a794079535594e68dbfb1d355e5064,img_fa70735736b0e419c83c,1024,1024,1,1,uint8,8,0,69,2.84073,2.97169,0,0,0,0,1,3,4,9,13,18,69,255,0,237858,PN148,AD,4R,AD_4R,10,DIV10,8,PN148_4R_AD_DIV10,PN148_4R_AD_DIV10,PN148_AD_4R_DIV10,parsed,PN148,4R,AD,DIV10,PN148_AD_4R_DIV10,none,none,none,none,not_applicable,normalized_thumbnail_ncc_threshold_0.995,none,unassigned
sted_fiber_data,PN148_4R_AD_DIV10 (Series 9) [1].tif,fiber_image,18788b45a8cb52bf174aa7224d576951e8ab2fa510dd485ab70d2cd9da2efa23,1c8197246f142d56b5252267e6b4b294a8279c00238afa7361d4ef08e53af903,img_4cb4bb6c9c71e61aa6bc,1024,1024,1,1,uint8,8,0,119,5.54549,4.62062,0,0,0,0,3,4,8,14,19,29,119,255,0,108698,PN148,AD,4R,AD_4R,10,DIV10,9,PN148_4R_AD_DIV10,PN148_4R_AD_DIV10,PN148_AD_4R_DIV10,parsed,PN148,4R,AD,DIV10,PN148_AD_4R_DIV10,none,none,none,none,not_applicable,normalized_thumbnail_ncc_threshold_0.995,elongated_high_intensity_component,unassigned
sted_fiber_data,PN148_4R_AD_DIV11 (Series 0) [1].tif,fiber_image,726d5b79303af2f3021cb5d5246758e953855cba2dd3dbd540dd963fa27ca9e9,b99092f08d3b558a05734f5b257da81cccba34fa135b3825206ac1c320005138,img_18c88a5dbc0dccf62c2b,1024,1024,1,1,uint8,8,0,56,6.55955,4.70441,0,0,0,1,3,6,9,16,21,29,56,255,0,43720,PN148,AD,4R,AD_4R,11,DIV11,0,PN148_4R_AD_DIV11,PN148_4R_AD_DIV11,PN148_AD_4R_DIV11,parsed,PN148,4R,AD,DIV11,PN148_AD_4R_DIV11,none,none,none,none,not_applicable,normalized_thumbnail_ncc_threshold_0.995,none,unassigned
sted_fiber_data,PN148_4R_AD_DIV11 (Series 1) [1].tif,fiber_image,177d5309de8fcab994575d3877ac3ffaf221b8b9ac25416834b822ab6a585050,39c0c50f3ff16c2c918f52acb8ad6cd30c4e849f2f28f04fd73d2b7d61483a29,img_78c052f87e821ed7ff41,1024,1024,1,1,uint8,8,0,90,13.1839,7.61821,0,0,0,3,8,13,18,27,34,42,90,255,0,10846,PN148,AD,4R,AD_4R,11,DIV11,1,PN148_4R_AD_DIV11,PN148_4R_AD_DIV11,PN148_AD_4R_DIV11,parsed,PN148,4R,AD,DIV11,PN148_AD_4R_DIV11,none,none,none,none,not_applicable,normalized_thumbnail_ncc_threshold_0.995,none,unassigned
sted_fiber_data,PN148_4R_AD_DIV11 (Series 10) [1].tif,fiber_image,a74633a2d706ca1e24c0329572ce8108ebcf0f18fb227eff225c0999c7bb48c5,471194a93211d417424b459de7ed0922669e8abcb54d4d6991dd61938fdc4462,img_2ff366d8b4750ac632ab,1024,1024,1,1,uint8,8,0,46,7.43025,5.11088,0,0,0,1,3,6,11,17,22,29,46,255,0,39007,PN148,AD,4R,AD_4R,11,DIV11,10,PN148_4R_AD_DIV11,PN148_4R_AD_DIV11,PN148_AD_4R_DIV11,parsed,PN148,4R,AD,DIV11,PN148_AD_4R_DIV11,none,none,none,none,not_applicable,normalized_thumbnail_ncc_threshold_0.995,none,unassigned
sted_fiber_data,PN148_4R_AD_DIV11 (Series 11) [1].tif,fiber_image,ba6a595b4ba4d20344dab2700055de4ccd85576f22e8685befb5ee63b8ff9eca,d873881d10be466a0a745f47ace676b38179a7c127c3619bba6e66e15c804af9,img_776443bed316d0f14f2a,1024,1024,1,1,uint8,8,0,57,5.32667,3.57712,0,0,0,1,3,4,8,13,16,21,57,255,0,43531,PN148,AD,4R,AD_4R,11,DIV11,11,PN148_4R_AD_DIV11,PN148_4R_AD_DIV11,PN148_AD_4R_DIV11,parsed,PN148,4R,AD,DIV11,PN148_AD_4R_DIV11,none,none,none,none,not_applicable,normalized_thumbnail_ncc_threshold_0.995,none,unassigned
sted_fiber_data,PN148_4R_AD_DIV11 (Series 12) [1].tif,fiber_image,d75989609b966a77e82c05a162c51d574143fd88af4851a40d4c362846ff237a,3bd4c55276718861591706c18f18a18ddecfdb42627229c3344a7263ac0fa92f,img_bddeacd2f32f288dd891,1024,1024,1,1,uint8,8,0,75,6.73369,4.92819,0,0,0,0,3,6,9,16,21,28,75,255,0,57698,PN148,AD,4R,AD_4R,11,DIV11,12,PN148_4R_AD_DIV11,PN148_4R_AD_DIV11,PN148_AD_4R_DIV11,parsed,PN148,4R,AD,DIV11,PN148_AD_4R_DIV11,none,none,none,none,not_applicable,normalized_thumbnail_ncc_threshold_0.995,none,unassigned
sted_fiber_data,PN148_4R_AD_DIV11 (Series 13) [1].tif,fiber_image,eb2f4ebe19173a9152319a4bebf37ef0a5ddabd354506aac073584f3fbc10e9a,1941fa666e989f093032090e4696f7a149bff1e5b5e54b4d83ffd7e8a2ec3e49,img_15d210d3c4dae741fe80,1024,1024,1,1,uint8,8,0,57,4.03628,3.4394,0,0,0,0,1,3,6,11,14,21,57,255,0,133364,PN148,AD,4R,AD_4R,11,DIV11,13,PN148_4R_AD_DIV11,PN148_4R_AD_DIV11,PN148_AD_4R_DIV11,parsed,PN148,4R,AD,DIV11,PN148_AD_4R_DIV11,none,none,none,none,not_applicable,normalized_thumbnail_ncc_threshold_0.995,none,unassigned
sted_fiber_data,PN148_4R_AD_DIV11 (Series 14) [1].tif,fiber_image,f06e32d3d2c092ef5775392d457efed2f5f16448a2792ad59c4bd0cdf615aa88,da2f07aa585ad2b1d18fceb04ddf49f6a82f3a61fda2a481b94f0c80d209c962,img_7b8e64bf6d5cb3acac20,1024,1024,1,1,uint8,8,0,47,6.58699,4.6602,0,0,0,1,3,6,9,16,21,26,47,255,0,49346,PN148,AD,4R,AD_4R,11,DIV11,14,PN148_4R_AD_DIV11,PN148_4R_AD_DIV11,PN148_AD_4R_DIV11,parsed,PN148,4R,AD,DIV11,PN148_AD_4R_DIV11,none,none,none,none,not_applicable,normalized_thumbnail_ncc_threshold_0.995,none,unassigned
sted_fiber_data,PN148_4R_AD_DIV11 (Series 2) [1].tif,fiber_image,808b0dade800b7e5bc3093e1903be12d41d8319f6e5414fb88ff10621dd533c4,22c5f041ce4cc8eba87ff63ef84b1f610ec6890b99a01821c62fbdad985f180c,img_e1a5d96336c4c0727b61,1024,1024,1,1,uint8,8,0,46,6.50176,4.37901,0,0,0,1,3,6,9,14,19,26,46,255,0,42852,PN148,AD,4R,AD_4R,11,DIV11,2,PN148_4R_AD_DIV11,PN148_4R_AD_DIV11,PN148_AD_4R_DIV11,parsed,PN148,4R,AD,DIV11,PN148_AD_4R_DIV11,none,none,none,none,not_applicable,normalized_thumbnail_ncc_threshold_0.995,none,unassigned
sted_fiber_data,PN148_4R_AD_DIV11 (Series 3) [1].tif,fiber_image,51f388e309241da9fd8140ebe0e5c36985a57f0a287f10684a1e9faa8dcc5ae0,cd50f118185d1257f8c5f0780398969a4968ee57c0e9f8ac0897dac3870b9ddb,img_0f164cb8ee547f9dd9a6,1024,1024,1,1,uint8,8,0,61,8.27954,5.24466,0,0,0,1,4,8,11,18,23,29,61,255,0,22813,PN148,AD,4R,AD_4R,11,DIV11,3,PN148_4R_AD_DIV11,PN148_4R_AD_DIV11,PN148_AD_4R_DIV11,parsed,PN148,4R,AD,DIV11,PN148_AD_4R_DIV11,none,none,none,none,not_applicable,normalized_thumbnail_ncc_threshold_0.995,none,unassigned
sted_fiber_data,PN148_4R_AD_DIV11 (Series 4) [1].tif,fiber_image,c908765040a9613dbf8d3b231090b410293f08c3b0c995680406740a41c95c7d,d9584df7f9d165609906d19548d81dbfe328c60a4dc6f5ff4e9100a0faa6c5d4,img_fa4c23366882cee35ccc,1024,1024,1,1,uint8,8,0,46,5.40734,4.11749,0,0,0,0,3,4,8,13,18,24,46,255,0,80109,PN148,AD,4R,AD_4R,11,DIV11,4,PN148_4R_AD_DIV11,PN148_4R_AD_DIV11,PN148_AD_4R_DIV11,parsed,PN148,4R,AD,DIV11,PN148_AD_4R_DIV11,none,none,none,none,not_applicable,normalized_thumbnail_ncc_threshold_0.995,none,unassigned
sted_fiber_data,PN148_4R_AD_DIV11 (Series 5) [1].tif,fiber_image,84861a60fd678d5454fe02de682839b594eaf42bb9216f048fa0c2903b857363,db3a3ae3d688f14e870e4e0d441cf929926b98cc7e15d3f0a0c272e447236b4b,img_b23af0f484db759424fc,1024,1024,1,1,uint8,8,0,42,6.2797,4.44408,0,0,0,1,3,6,9,14,19,26,42,255,0,43697,PN148,AD,4R,AD_4R,11,DIV11,5,PN148_4R_AD_DIV11,PN148_4R_AD_DIV11,PN148_AD_4R_DIV11,parsed,PN148,4R,AD,DIV11,PN148_AD_4R_DIV11,none,none,none,none,not_applicable,normalized_thumbnail_ncc_threshold_0.995,none,unassigned
sted_fiber_data,PN148_4R_AD_DIV11 (Series 6) [1].tif,fiber_image,06f6b6aa62e4509478c761aba8ae0929ef12aff96d327f6a532c003169eae955,b553cc6384804464fdbd56c454a2f3aa487fe7d1c386f7c307510245c32d03c9,img_eeff1c9a1432fe849e29,1024,1024,1,1,uint8,8,0,77,7.12277,4.8004,0,0,0,1,3,6,9,16,21,27,77,255,0,36356,PN148,AD,4R,AD_4R,11,DIV11,6,PN148_4R_AD_DIV11,PN148_4R_AD_DIV11,PN148_AD_4R_DIV11,parsed,PN148,4R,AD,DIV11,PN148_AD_4R_DIV11,none,none,none,none,not_applicable,normalized_thumbnail_ncc_threshold_0.995,none,unassigned
sted_fiber_data,PN148_4R_AD_DIV11 (Series 7) [1].tif,fiber_image,60741f9c9d18b00e0ba4058895f17cff77f871c30dc3cc80b3dbccf300c2755f,4fb32fdf4612593e291a59471694f4b3ceaac66e064afcb6f11d5d8f82dffaa3,img_b462715140bead2b1473,1024,1024,1,1,uint8,8,0,59,9.00999,5.7363,0,0,0,1,4,8,13,19,26,32,59,255,0,19810,PN148,AD,4R,AD_4R,11,DIV11,7,PN148_4R_AD_DIV11,PN148_4R_AD_DIV11,PN148_AD_4R_DIV11,parsed,PN148,4R,AD,DIV11,PN148_AD_4R_DIV11,none,none,none,none,not_applicable,normalized_thumbnail_ncc_threshold_0.995,none,unassigned
sted_fiber_data,PN148_4R_AD_DIV11 (Series 8) [1].tif,fiber_image,b2f78a47b1c3393a29710020dea44ddaa1ce8c556749f2cdcb209a06e0351529,a6cb45b4099bf459203adb0d3077371aef2bd69024087f642cbe9308f4dfcd16,img_d6984804cb9cad8e69e9,1024,1024,1,1,uint8,8,0,87,8.46175,5.7637,0,0,0,1,4,8,11,19,26,34,87,255,0,29370,PN148,AD,4R,AD_4R,11,DIV11,8,PN148_4R_AD_DIV11,PN148_4R_AD_DIV11,PN148_AD_4R_DIV11,parsed,PN148,4R,AD,DIV11,PN148_AD_4R_DIV11,none,none,none,none,not_applicable,normalized_thumbnail_ncc_threshold_0.995,none,unassigned
sted_fiber_data,PN148_4R_AD_DIV11 (Series 9) [1].tif,fiber_image,1404d05fb27581a98c3964825f127740a95bc22227b3fd7638d7bb781f79e127,1dcfae8b99885d7e2d300c34065721f71b03db8ea9e0535b5a3b25f328de39d7,img_43d38bff63cdc1ef6390,1024,1024,1,1,uint8,8,0,67,6.40702,4.54688,0,0,0,0,3,6,9,14,19,26,67,255,0,53056,PN148,AD,4R,AD_4R,11,DIV11,9,PN148_4R_AD_DIV11,PN148_4R_AD_DIV11,PN148_AD_4R_DIV11,parsed,PN148,4R,AD,DIV11,PN148_AD_4R_DIV11,none,none,none,none,not_applicable,normalized_thumbnail_ncc_threshold_0.995,none,unassigned
sted_fiber_data,PN148_4R_AD_DIV13 (Series 0) [1].tif,fiber_image,00f0340bbafd26dd78a297fa1948289d66591f2dba24b9f0fbdf9243508f692c,81d6e17192070fccf79b2b097e8bb3e70fc8bd52ca3e037d55033a07ecba7622,img_df16d2252b68aacf862e,1024,1024,1,1,uint8,8,0,52,9.3808,7.22006,0,0,0,0,3,8,14,23,29,36,52,255,0,62938,PN148,AD,4R,AD_4R,13,DIV13,0,PN148_4R_AD_DIV13,PN148_4R_AD_DIV13,PN148_AD_4R_DIV13,parsed,PN148,4R,AD,DIV13,PN148_AD_4R_DIV13,none,none,none,none,not_applicable,normalized_thumbnail_ncc_threshold_0.995,none,unassigned
sted_fiber_data,PN148_4R_AD_DIV13 (Series 1) [1].tif,fiber_image,b571f08d97dc55cb02345b97cb1c9f1dea35209d24905647d8ad1d00563d8354,2b29022dc0ec8614dc93b23543d006c4ad9a19c68cd0bdb6c8449488a77653c4,img_2da90fec3611f47027f4,1024,1024,1,1,uint8,8,0,54,10.4297,7.08124,0,0,0,1,4,9,14,23,29,37,54,255,0,28319,PN148,AD,4R,AD_4R,13,DIV13,1,PN148_4R_AD_DIV13,PN148_4R_AD_DIV13,PN148_AD_4R_DIV13,parsed,PN148,4R,AD,DIV13,PN148_AD_4R_DIV13,none,none,none,none,not_applicable,normalized_thumbnail_ncc_threshold_0.995,none,unassigned
sted_fiber_data,PN148_4R_AD_DIV13 (Series 10) [1].tif,fiber_image,ab8bf7d635475c705e6fabf596a3b049b14efd19336ecc16dfbfaf70585b4e5b,765363be95ea5377d437afc3968ecf77a7406b649771d8969dca49d8a3850915,img_49b247329baba41b3bca,1024,1024,1,1,uint8,8,0,59,8.55899,6.35376,0,0,0,0,3,8,13,21,26,34,59,255,0,52958,PN148,AD,4R,AD_4R,13,DIV13,10,PN148_4R_AD_DIV13,PN148_4R_AD_DIV13,PN148_AD_4R_DIV13,parsed,PN148,4R,AD,DIV13,PN148_AD_4R_DIV13,none,none,none,none,not_applicable,normalized_thumbnail_ncc_threshold_0.995,strong_row_or_column_variation,unassigned
sted_fiber_data,PN148_4R_AD_DIV13 (Series 11) [1].tif,fiber_image,a5ab01a21e226776fc2a24ce3f1aa0a8fd8a3fd6d5dbbccd0b7481c01537f46a,a08c6179bcd2ea5ca1f87623585044fc390614ea918f361a661aa1e3a4cb0252,img_5a8ad97e9d63cf64d636,1024,1024,1,1,uint8,8,0,49,7.6175,6.07757,0,0,0,0,3,8,11,19,24,31,49,255,0,137122,PN148,AD,4R,AD_4R,13,DIV13,11,PN148_4R_AD_DIV13,PN148_4R_AD_DIV13,PN148_AD_4R_DIV13,parsed,PN148,4R,AD,DIV13,PN148_AD_4R_DIV13,none,none,none,none,not_applicable,normalized_thumbnail_ncc_threshold_0.995,none,unassigned
sted_fiber_data,PN148_4R_AD_DIV13 (Series 12) [1].tif,fiber_image,95a3bf6fe19bff0b2cdae12aedb8d3402f808aa3e94ebe03732b346b29cda610,3c4d8f4dea038ab66d9b2ea939290269f5ed371d4695a8c434bc5e8963e3b753,img_c8f8b391aa337044d45a,1024,1024,1,1,uint8,8,0,64,11.1314,7.5347,0,0,0,1,4,9,16,26,32,39,64,255,0,20453,PN148,AD,4R,AD_4R,13,DIV13,12,PN148_4R_AD_DIV13,PN148_4R_AD_DIV13,PN148_AD_4R_DIV13,parsed,PN148,4R,AD,DIV13,PN148_AD_4R_DIV13,none,none,none,none,not_applicable,normalized_thumbnail_ncc_threshold_0.995,none,unassigned
sted_fiber_data,PN148_4R_AD_DIV13 (Series 13) [1].tif,fiber_image,5606ec1615393b355c5c795540228fd5631a7607312e3fbae31f6193be84290c,1f45010397eff2b0d6ad351ff699a734390c9c4b5421b37628527df307ce8090,img_ad58368bc1eca3a47489,1024,1024,1,1,uint8,8,0,49,6.64417,4.54516,0,0,0,1,3,6,9,14,19,26,49,255,0,42435,PN148,AD,4R,AD_4R,13,DIV13,13,PN148_4R_AD_DIV13,PN148_4R_AD_DIV13,PN148_AD_4R_DIV13,parsed,PN148,4R,AD,DIV13,PN148_AD_4R_DIV13,none,none,none,none,not_applicable,normalized_thumbnail_ncc_threshold_0.995,none,unassigned
sted_fiber_data,PN148_4R_AD_DIV13 (Series 14) [1].tif,fiber_image,15f660ef8d4d5312f58362dde109c8499688f93b5f4370a483bf3bbb5ec9ce1b,c1a97d929426392c729b6804cb4bec4a81e17dd3d17ec7015534f7245db6d022,img_de5ae8fa102ed9d996cc,1024,1024,1,1,uint8,8,0,54,8.54964,6.03868,0,0,0,1,4,8,13,19,26,32,54,255,0,43482,PN148,AD,4R,AD_4R,13,DIV13,14,PN148_4R_AD_DIV13,PN148_4R_AD_DIV13,PN148_AD_4R_DIV13,parsed,PN148,4R,AD,DIV13,PN148_AD_4R_DIV13,none,none,none,none,not_applicable,normalized_thumbnail_ncc_threshold_0.995,none,unassigned
sted_fiber_data,PN148_4R_AD_DIV13 (Series 2) [1].tif,fiber_image,7ea2c90e5c165321b1f3d2723bfbe99b12708bf751795195552235ecce434163,e682995914ecabeaff6238f6989c1bc52346056f5be567af88c7b581d6fef9c9,img_6658f18b1f62768c02f0,1024,1024,1,1,uint8,8,0,77,8.18794,6.86797,0,0,0,0,3,6,13,21,27,36,77,255,0,101163,PN148,AD,4R,AD_4R,13,DIV13,2,PN148_4R_AD_DIV13,PN148_4R_AD_DIV13,PN148_AD_4R_DIV13,parsed,PN148,4R,AD,DIV13,PN148_AD_4R_DIV13,none,none,none,none,not_applicable,normalized_thumbnail_ncc_threshold_0.995,none,unassigned
sted_fiber_data,PN148_4R_AD_DIV13 (Series 3) [1].tif,fiber_image,d62fa42b11e9ba098106da95c642ca002246123ac7756d8c54f4cab992431b5d,adb1f4ce24d8b183d38e0d78d4dbffe2fbcef18570fde1e0b97244a19553b07a,img_4e5e605d4c6a24528512,1024,1024,1,1,uint8,8,0,44,6.56245,5.12922,0,0,0,0,3,6,9,16,23,29,44,255,0,53162,PN148,AD,4R,AD_4R,13,DIV13,3,PN148_4R_AD_DIV13,PN148_4R_AD_DIV13,PN148_AD_4R_DIV13,parsed,PN148,4R,AD,DIV13,PN148_AD_4R_DIV13,none,none,none,none,not_applicable,normalized_thumbnail_ncc_threshold_0.995,none,unassigned
sted_fiber_data,PN148_4R_AD_DIV13 (Series 4) [1].tif,fiber_image,a6242fdb753f1c64c2d65d3c8f22e6d4d08bbcded0e43c285274cd89ea0be6ea,8c7dd2f35f31ddd4c13f6e4d173dd709fce82810067ff98e7cc5d15195770f96,img_fa29415943a06d5235ad,1024,1024,1,1,uint8,8,0,41,6.66383,5.09784,0,0,0,0,3,6,9,16,21,27,41,255,0,74527,PN148,AD,4R,AD_4R,13,DIV13,4,PN148_4R_AD_DIV13,PN148_4R_AD_DIV13,PN148_AD_4R_DIV13,parsed,PN148,4R,AD,DIV13,PN148_AD_4R_DIV13,none,none,none,none,not_applicable,normalized_thumbnail_ncc_threshold_0.995,none,unassigned
sted_fiber_data,PN148_4R_AD_DIV13 (Series 5) [1].tif,fiber_image,71c5303c9740f3f9ccca5b0c69ccb8a4fe41c312bd7073f94c66bc351d516129,08f838a1955f6e191579ff6093d09d6191ec4197769b04395ef779c3f0bd5ce9,img_98cd2f9af6b0ef96f72b,1024,1024,1,1,uint8,8,0,74,10.0826,7.6501,0,0,0,0,4,9,16,24,31,39,74,255,0,65529,PN148,AD,4R,AD_4R,13,DIV13,5,PN148_4R_AD_DIV13,PN148_4R_AD_DIV13,PN148_AD_4R_DIV13,parsed,PN148,4R,AD,DIV13,PN148_AD_4R_DIV13,none,none,none,none,not_applicable,normalized_thumbnail_ncc_threshold_0.995,none,unassigned
sted_fiber_data,PN148_4R_AD_DIV13 (Series 6) [1].tif,fiber_image,a00679d15bbbf7ddbb320c4a3c88b3ab65d7a023d660cfff19c90a01e1639290,23434a3d25209aca95bbbc0135e882ca52dfed42e3923f373cd971c2f0606241,img_abcef14420bc768db8b2,1024,1024,1,1,uint8,8,0,52,6.48606,4.8011,0,0,0,0,3,6,9,16,21,26,52,255,0,53755,PN148,AD,4R,AD_4R,13,DIV13,6,PN148_4R_AD_DIV13,PN148_4R_AD_DIV13,PN148_AD_4R_DIV13,parsed,PN148,4R,AD,DIV13,PN148_AD_4R_DIV13,none,none,none,none,not_applicable,normalized_thumbnail_ncc_threshold_0.995,none,unassigned
sted_fiber_data,PN148_4R_AD_DIV13 (Series 7) [1].tif,fiber_image,7061e2a262219bebd95d637fa130d24c74fbe5df8df32a8bebc56345c08ab177,e79ea4524665597a1912317acf3248ec0cc489aa3f19b2755aa7efb8dd775983,img_2ded3c9ef550d9aa031a,1024,1024,1,1,uint8,8,0,62,5.39785,4.14724,0,0,0,0,3,4,8,13,18,24,62,255,0,65010,PN148,AD,4R,AD_4R,13,DIV13,7,PN148_4R_AD_DIV13,PN148_4R_AD_DIV13,PN148_AD_4R_DIV13,parsed,PN148,4R,AD,DIV13,PN148_AD_4R_DIV13,none,none,none,none,not_applicable,normalized_thumbnail_ncc_threshold_0.995,none,unassigned
sted_fiber_data,PN148_4R_AD_DIV13 (Series 8) [1].tif,fiber_image,25a9485250350cd7eec1cc200768d1221b82ba3714b232041c5eab7284b1be10,28d10f853d984d4d75c55bf0cc092181c525354c7c44d4a8a842f4b88bc2b1e7,img_4d8a4e9d7e179fe45d74,1024,1024,1,1,uint8,8,0,52,9.69734,6.12615,0,0,0,1,4,9,14,21,26,34,52,255,0,24262,PN148,AD,4R,AD_4R,13,DIV13,8,PN148_4R_AD_DIV13,PN148_4R_AD_DIV13,PN148_AD_4R_DIV13,parsed,PN148,4R,AD,DIV13,PN148_AD_4R_DIV13,none,none,none,none,not_applicable,normalized_thumbnail_ncc_threshold_0.995,none,unassigned
sted_fiber_data,PN148_4R_AD_DIV13 (Series 9) [1].tif,fiber_image,5e46dd025de2af275760770a31773b81904d183d9de5ef376a781956ffb8f59c,73a980896c0411ea8efd1c0d0de1bec6d76b2702420b0e7fe27e1510c3bcc33d,img_4775e3a57acb9e383e77,1024,1024,1,1,uint8,8,0,54,7.77924,5.2156,0,0,0,1,4,8,11,18,23,31,54,255,0,27914,PN148,AD,4R,AD_4R,13,DIV13,9,PN148_4R_AD_DIV13,PN148_4R_AD_DIV13,PN148_AD_4R_DIV13,parsed,PN148,4R,AD,DIV13,PN148_AD_4R_DIV13,none,none,none,none,not_applicable,normalized_thumbnail_ncc_threshold_0.995,none,unassigned
sted_fiber_data,PN148_4R_PSP_DIV10 (Series 0) [1].tif,fiber_image,61a8d6e6887a5350c13e451ce513ee52c148b84b013b168a65309c0a5ec21141,35d2fcbb8a131a14812380a8e0b0e16d8c2ece19bfc8ef774b0e2588f8021cb8,img_925eb5fe5929ad078889,1024,1024,1,1,uint8,8,0,187,8.25131,7.74009,0,0,0,1,3,6,11,22,37,69,187,255,0,37943,PN148,PSP,4R,PSP_4R,10,DIV10,0,PN148_4R_PSP_DIV10,PN148_4R_PSP_DIV10,PN148_PSP_4R_DIV10,parsed,PN148,4R,PSP,DIV10,PN148_PSP_4R_DIV10,none,none,none,none,not_applicable,normalized_thumbnail_ncc_threshold_0.995,none,unassigned
sted_fiber_data,PN148_4R_PSP_DIV10 (Series 1) [1].tif,fiber_image,119c4e71bdb6a4e34846b72cea9dc614a96ea756abd86c054eb72e7cf5905b62,5dcca1040ede26cf89bde476d6c23c4b5e1fb50680643f9523ae1dc12fc82a42,img_93f9de22173a97d73f55,1024,1024,1,1,uint8,8,0,220,9.28901,10.627,0,0,0,0,3,6,13,28,52,92,220,255,0,60355,PN148,PSP,4R,PSP_4R,10,DIV10,1,PN148_4R_PSP_DIV10,PN148_4R_PSP_DIV10,PN148_PSP_4R_DIV10,parsed,PN148,4R,PSP,DIV10,PN148_PSP_4R_DIV10,none,none,none,none,not_applicable,normalized_thumbnail_ncc_threshold_0.995,elongated_high_intensity_component,unassigned
sted_fiber_data,PN148_4R_PSP_DIV10 (Series 10) [1].tif,fiber_image,765c64a528fe68b27d7454f37b7fed2fb033d51a44d530e2246a0cf857b9c0ff,400a03aa7b377ef1fe1d75f261a515ade23bda69ad4f1534cced17e3d93088a5,img_8d38893899fcc6d866d7,1024,1024,1,1,uint8,8,0,87,5.349,4.90248,0,0,0,0,1,4,8,14,21,37,87,255,0,132129,PN148,PSP,4R,PSP_4R,10,DIV10,10,PN148_4R_PSP_DIV10,PN148_4R_PSP_DIV10,PN148_PSP_4R_DIV10,parsed,PN148,4R,PSP,DIV10,PN148_PSP_4R_DIV10,none,none,none,none,not_applicable,normalized_thumbnail_ncc_threshold_0.995,elongated_high_intensity_component,unassigned
sted_fiber_data,PN148_4R_PSP_DIV10 (Series 11) [1].tif,fiber_image,7bb58ec7ec4ee8dff7d98717eb3351a66f52d120c7fa786905bed56310a3d983,ec249fd1595b1ea4934b02292ca3e8c3f6c0834ff075b8bd82d496caa86f0d47,img_1d7ccf3c094483b24e48,1024,1024,1,1,uint8,8,0,134,5.42605,6.04622,0,0,0,0,1,4,8,16,26,52,134,255,0,186720,PN148,PSP,4R,PSP_4R,10,DIV10,11,PN148_4R_PSP_DIV10,PN148_4R_PSP_DIV10,PN148_PSP_4R_DIV10,parsed,PN148,4R,PSP,DIV10,PN148_PSP_4R_DIV10,none,none,none,none,not_applicable,normalized_thumbnail_ncc_threshold_0.995,elongated_high_intensity_component,unassigned
sted_fiber_data,PN148_4R_PSP_DIV10 (Series 12) [1].tif,fiber_image,256598a03d3bf65f1ff411c65d4470ece320be905d8938ba9da82512e602f67e,7b619eeb7ce1abe4c644023ae246db0cbc06aa4289048c9d734f3d9dceb19fc3,img_37f75fbf56ba05e0a0b4,1024,1024,1,1,uint8,8,0,180,15.896,17.0276,0,0,0,0,3,9,27,49,69,100,180,255,0,127970,PN148,PSP,4R,PSP_4R,10,DIV10,12,PN148_4R_PSP_DIV10,PN148_4R_PSP_DIV10,PN148_PSP_4R_DIV10,parsed,PN148,4R,PSP,DIV10,PN148_PSP_4R_DIV10,none,none,none,none,not_applicable,normalized_thumbnail_ncc_threshold_0.995,strong_row_or_column_variation,unassigned
sted_fiber_data,PN148_4R_PSP_DIV10 (Series 13) [1].tif,fiber_image,3f712aeeb034858e71e413b8e099671ab85008da8fc5d9cd210630e73ef1b855,d2f2afab2eed7c1b1ab98967af132d35aaca5d262c672969a6b33a53bd3849a9,img_a941b5a47c346f08dd5e,1024,1024,1,1,uint8,8,0,75,5.51565,4.17788,0,0,0,0,3,4,8,13,18,26,75,255,0,75351,PN148,PSP,4R,PSP_4R,10,DIV10,13,PN148_4R_PSP_DIV10,PN148_4R_PSP_DIV10,PN148_PSP_4R_DIV10,parsed,PN148,4R,PSP,DIV10,PN148_PSP_4R_DIV10,none,none,none,none,not_applicable,normalized_thumbnail_ncc_threshold_0.995,none,unassigned
sted_fiber_data,PN148_4R_PSP_DIV10 (Series 14) [1].tif,fiber_image,a43ab16953b012a1edbe6d8cbf073b85177826f78758a07ce703d71cc0e67acb,99295e7b5cc06b1ef95fecf16ad78f37331b70984f17796a6aea3d8d5c737e70,img_fb722e839dedae94ee32,1024,1024,1,1,uint8,8,0,82,3.8753,3.8306,0,0,0,0,1,3,6,11,16,34,82,255,0,146585,PN148,PSP,4R,PSP_4R,10,DIV10,14,PN148_4R_PSP_DIV10,PN148_4R_PSP_DIV10,PN148_PSP_4R_DIV10,parsed,PN148,4R,PSP,DIV10,PN148_PSP_4R_DIV10,none,none,none,none,not_applicable,normalized_thumbnail_ncc_threshold_0.995,elongated_high_intensity_component,unassigned
sted_fiber_data,PN148_4R_PSP_DIV10 (Series 2) [1].tif,fiber_image,d4889fc8ee38d06a09e76c860e525083e493384bb1d3783a29d025750479b6a4,3479e30c8e8c047a6ba39b919877599c6895982cff1c0222e6545448918caa05,img_24b507136dd71fc32f99,1024,1024,1,1,uint8,8,0,77,4.08851,3.73068,0,0,0,0,1,3,6,11,16,27,77,255,0,133269,PN148,PSP,4R,PSP_4R,10,DIV10,2,PN148_4R_PSP_DIV10,PN148_4R_PSP_DIV10,PN148_PSP_4R_DIV10,parsed,PN148,4R,PSP,DIV10,PN148_PSP_4R_DIV10,none,none,none,none,not_applicable,normalized_thumbnail_ncc_threshold_0.995,elongated_high_intensity_component,unassigned
sted_fiber_data,PN148_4R_PSP_DIV10 (Series 3) [1].tif,fiber_image,03b9624a89ddfc69b7af20c3dc9195d94f88bd9bdfb02fc097059405ce65f099,4af3c5e4b330d69f0878090084ac08f8ff9438e59f372f33f1e0c3038b48b177,img_3fb1fa1b675bfd848e3c,1024,1024,1,1,uint8,8,0,115,3.54014,2.99513,0,0,0,0,1,3,4,9,13,24,115,255,0,110355,PN148,PSP,4R,PSP_4R,10,DIV10,3,PN148_4R_PSP_DIV10,PN148_4R_PSP_DIV10,PN148_PSP_4R_DIV10,parsed,PN148,4R,PSP,DIV10,PN148_PSP_4R_DIV10,none,none,none,none,not_applicable,normalized_thumbnail_ncc_threshold_0.995,none,unassigned
sted_fiber_data,PN148_4R_PSP_DIV10 (Series 4) [1].tif,fiber_image,b689f0b3d664e77947a7a72ae4676bcf62bc58726566c0b43d6ae89867944fe9,97ffc0699069be79d23ec1da045fa3376bcd0b7e4c5487c69f66ae2b3f55e211,img_98e21d577929534cb80e,1024,1024,1,1,uint8,8,0,114,6.2371,4.91277,0,0,0,0,3,6,9,14,21,37,114,255,0,65275,PN148,PSP,4R,PSP_4R,10,DIV10,4,PN148_4R_PSP_DIV10,PN148_4R_PSP_DIV10,PN148_PSP_4R_DIV10,parsed,PN148,4R,PSP,DIV10,PN148_PSP_4R_DIV10,none,none,none,none,not_applicable,normalized_thumbnail_ncc_threshold_0.995,elongated_high_intensity_component,unassigned
sted_fiber_data,PN148_4R_PSP_DIV10 (Series 5) [1].tif,fiber_image,af8ac89dbd02aa0e1787aba4b7883d470c42d9464a50b0fd279c0ed43591cf9a,52b75b2699d4e8a3678d11bcfa9f350f19f3a898636a5e0179337d58bea3303b,img_d65637173e0971c69f9e,1024,1024,1,1,uint8,8,0,90,4.73582,3.99684,0,0,0,0,1,4,6,13,18,29,90,255,0,91867,PN148,PSP,4R,PSP_4R,10,DIV10,5,PN148_4R_PSP_DIV10,PN148_4R_PSP_DIV10,PN148_PSP_4R_DIV10,parsed,PN148,4R,PSP,DIV10,PN148_PSP_4R_DIV10,none,none,none,none,not_applicable,normalized_thumbnail_ncc_threshold_0.995,elongated_high_intensity_component,unassigned
sted_fiber_data,PN148_4R_PSP_DIV10 (Series 6) [1].tif,fiber_image,cd3bbd9133dd05d80c4bb35c61d99853bb3d23049ba3df55c9b79442ae4a393c,f25d8460cdbd9e2b70f3b1395b0f9886ff848ca499187b99346b3011d4e0b3cf,img_fc64d68cbb5e925a9520,1024,1024,1,1,uint8,8,0,160,12.7645,13.5715,0,0,0,0,3,8,18,41,61,90,160,255,0,59485,PN148,PSP,4R,PSP_4R,10,DIV10,6,PN148_4R_PSP_DIV10,PN148_4R_PSP_DIV10,PN148_PSP_4R_DIV10,parsed,PN148,4R,PSP,DIV10,PN148_PSP_4R_DIV10,none,none,none,none,not_applicable,normalized_thumbnail_ncc_threshold_0.995,none,unassigned
sted_fiber_data,PN148_4R_PSP_DIV10 (Series 7) [1].tif,fiber_image,82d67f28b5f293cdc2c9f606008dd0cd65d28f987ba5e537ad193351a4c7c63c,7802a1afbfc8ad1dbe4d8e0746799c7d26679abc1a443c0e6c8fd0e996900a07,img_eb8be5403e55e7a9894f,1024,1024,1,1,uint8,8,0,170,14.093,11.2876,0,0,0,3,6,11,19,36,54,85,170,255,0,11399,PN148,PSP,4R,PSP_4R,10,DIV10,7,PN148_4R_PSP_DIV10,PN148_4R_PSP_DIV10,PN148_PSP_4R_DIV10,parsed,PN148,4R,PSP,DIV10,PN148_PSP_4R_DIV10,none,none,none,none,not_applicable,normalized_thumbnail_ncc_threshold_0.995,none,unassigned
sted_fiber_data,PN148_4R_PSP_DIV10 (Series 8) [1].tif,fiber_image,71522a86ea0cb2a8178134ac91c75a409a8c9af3e20a41f5f21334b678ec0330,2438800296ee6cc6128265b563d0847cb2fe5b4cd437e3114fffb47ec44f4edb,img_e650e1515047a1f7fba6,1024,1024,1,1,uint8,8,0,197,8.2948,9.60048,0,0,0,0,3,6,11,26,47,89,197,255,0,59530,PN148,PSP,4R,PSP_4R,10,DIV10,8,PN148_4R_PSP_DIV10,PN148_4R_PSP_DIV10,PN148_PSP_4R_DIV10,parsed,PN148,4R,PSP,DIV10,PN148_PSP_4R_DIV10,none,none,none,none,not_applicable,normalized_thumbnail_ncc_threshold_0.995,elongated_high_intensity_component,unassigned
sted_fiber_data,PN148_4R_PSP_DIV10 (Series 9) [1].tif,fiber_image,a283b2062101fb3acd5697c6d1a569b24ad4c17702ce0cca6f72c320cc362440,72e9f4d76a3feac7c6cd360cd303d7b850ef5029499f1bddd34d647785cb766b,img_277a7384ed1bc48eb349,1024,1024,1,1,uint8,8,0,92,6.28194,4.96757,0,0,0,0,3,6,9,16,22,34,92,255,0,52883,PN148,PSP,4R,PSP_4R,10,DIV10,9,PN148_4R_PSP_DIV10,PN148_4R_PSP_DIV10,PN148_PSP_4R_DIV10,parsed,PN148,4R,PSP,DIV10,PN148_PSP_4R_DIV10,none,none,none,none,not_applicable,normalized_thumbnail_ncc_threshold_0.995,none,unassigned
sted_fiber_data,PN148_4R_PSP_DIV11 (Series 0) [1].tif,fiber_image,506682861973ab5a296ef3670b082714bdbcd5426f695875b3429cef635f0061,51e45794010da3513ae015586d4a390fc39e54330497df383a83ee100a9311a8,img_b39e45524852b6ff530d,1024,1024,1,1,uint8,8,0,205,8.56758,14.5867,0,0,0,0,1,4,8,42,71,109,205,255,0,117762,PN148,PSP,4R,PSP_4R,11,DIV11,0,PN148_4R_PSP_DIV11,PN148_4R_PSP_DIV11,PN148_PSP_4R_DIV11,parsed,PN148,4R,PSP,DIV11,PN148_PSP_4R_DIV11,none,none,none,none,not_applicable,normalized_thumbnail_ncc_threshold_0.995,elongated_high_intensity_component,unassigned
sted_fiber_data,PN148_4R_PSP_DIV11 (Series 1) [1].tif,fiber_image,ef2aefe2a0ddc0eb29c28d3d402d4302d19d9ff090b24c35b9a8075661980fd2,7f807ba4cadf10f03fe1478207cde877ddb0bce6e525b658f052fcd9adfa23aa,img_cdbd23a60e9615d482a9,1024,1024,1,1,uint8,8,0,255,22.9582,25.5699,0,0,0,1,4,14,34,74,114,169,255,255,8,52353,PN148,PSP,4R,PSP_4R,11,DIV11,1,PN148_4R_PSP_DIV11,PN148_4R_PSP_DIV11,PN148_PSP_4R_DIV11,parsed,PN148,4R,PSP,DIV11,PN148_PSP_4R_DIV11,none,none,none,none,not_applicable,normalized_thumbnail_ncc_threshold_0.995,saturation;elongated_high_intensity_component,unassigned
sted_fiber_data,PN148_4R_PSP_DIV11 (Series 10) [1].tif,fiber_image,3f382ea28dc9d709b7f8c997c8acb830caa06d4f5a2ad9cf74c9eaff47e2afda,689ecea365eb81372cbd2c14973b46aa688cec3c55e98e31512dd21c9bfe7cf9,img_6ac1779c154daef808bc,1024,1024,1,1,uint8,8,0,66,6.40144,4.77828,0,0,0,0,3,6,9,14,21,32,66,255,0,73642,PN148,PSP,4R,PSP_4R,11,DIV11,10,PN148_4R_PSP_DIV11,PN148_4R_PSP_DIV11,PN148_PSP_4R_DIV11,parsed,PN148,4R,PSP,DIV11,PN148_PSP_4R_DIV11,none,none,none,none,not_applicable,normalized_thumbnail_ncc_threshold_0.995,none,unassigned
sted_fiber_data,PN148_4R_PSP_DIV11 (Series 11) [1].tif,fiber_image,423c08bf2670e61de3441e5e3c6de20793842c031a11e3577ce29404401b4234,27067f0e501ee100a3c2a0a42f750e75e9d147d61ad1767df16f0c013e6d6c57,img_f4369e4b5c14b942f1b3,1024,1024,1,1,uint8,8,0,199,17.6801,22.088,0,0,0,0,1,6,31,62,86,114,199,255,0,126491,PN148,PSP,4R,PSP_4R,11,DIV11,11,PN148_4R_PSP_DIV11,PN148_4R_PSP_DIV11,PN148_PSP_4R_DIV11,parsed,PN148,4R,PSP,DIV11,PN148_PSP_4R_DIV11,none,none,none,none,not_applicable,normalized_thumbnail_ncc_threshold_0.995,none,unassigned
sted_fiber_data,PN148_4R_PSP_DIV11 (Series 12) [1].tif,fiber_image,581fee4eecf6e6fa2ccad2cb682ef7b81a0fa6528cd771b21a76f3e1cd4bfd60,4ad957f9b0fcf67b3ccd0b6770e2d71009a2f507e5b58ad7cc8abeeaf1264851,img_ac9a01e752b814118951,1024,1024,1,1,uint8,8,0,179,8.30614,9.0223,0,0,0,0,3,6,11,23,41,96,179,255,0,83639,PN148,PSP,4R,PSP_4R,11,DIV11,12,PN148_4R_PSP_DIV11,PN148_4R_PSP_DIV11,PN148_PSP_4R_DIV11,parsed,PN148,4R,PSP,DIV11,PN148_PSP_4R_DIV11,none,none,none,none,not_applicable,normalized_thumbnail_ncc_threshold_0.995,none,unassigned
sted_fiber_data,PN148_4R_PSP_DIV11 (Series 13) [1].tif,fiber_image,a1daeba77ae555794eaed94e8eb15a4f8d3c6fc1841f2eda2ec6edb223a1a6c7,2d63be13c248a1fdbb07893241567d7f1716d84b6bd0164e32836e7db5c433cd,img_73089e1c2a3c62ad1a6b,1024,1024,1,1,uint8,8,0,238,11.0066,13.5665,0,0,0,0,3,8,14,37,67,114,238,255,0,93106,PN148,PSP,4R,PSP_4R,11,DIV11,13,PN148_4R_PSP_DIV11,PN148_4R_PSP_DIV11,PN148_PSP_4R_DIV11,parsed,PN148,4R,PSP,DIV11,PN148_PSP_4R_DIV11,none,none,none,none,not_applicable,normalized_thumbnail_ncc_threshold_0.995,none,unassigned
sted_fiber_data,PN148_4R_PSP_DIV11 (Series 14) [1].tif,fiber_image,3e6d988cd363a41ffe64839ec48fce1e3dfe12630c8ce0a2b0ed527db36aa087,7c6576bbaff8f6a9c0dc27a282167e93ca283ed76fc2a22b56e792709ff76999,img_ea12c02b467a6903efc4,1024,1024,1,1,uint8,8,0,117,7.74234,6.70313,0,0,0,0,3,6,11,19,31,59,117,255,0,56487,PN148,PSP,4R,PSP_4R,11,DIV11,14,PN148_4R_PSP_DIV11,PN148_4R_PSP_DIV11,PN148_PSP_4R_DIV11,parsed,PN148,4R,PSP,DIV11,PN148_PSP_4R_DIV11,none,none,none,none,not_applicable,normalized_thumbnail_ncc_threshold_0.995,elongated_high_intensity_component,unassigned
sted_fiber_data,PN148_4R_PSP_DIV11 (Series 2) [1].tif,fiber_image,357f782807f4ab9b37b76af802499f5001f0a32b8a98982fe2afdbc05ff30c88,5da8ac808f30b077cb806c09e22e172d8a375f7f2fc60705ea61ed211a326aba,img_1217796ac289584034d6,1024,1024,1,1,uint8,8,0,100,7.36123,6.16797,0,0,0,1,3,6,9,18,29,49,100,255,0,51395,PN148,PSP,4R,PSP_4R,11,DIV11,2,PN148_4R_PSP_DIV11,PN148_4R_PSP_DIV11,PN148_PSP_4R_DIV11,parsed,PN148,4R,PSP,DIV11,PN148_PSP_4R_DIV11,none,none,none,none,not_applicable,normalized_thumbnail_ncc_threshold_0.995,none,unassigned
sted_fiber_data,PN148_4R_PSP_DIV11 (Series 3) [1].tif,fiber_image,7b22213759fefcc3c1bb9928aad92a24a5284c4e12b8ccf2dd1d752119dc690e,cfbe2bb81dc1862123fb3975d93e212d54653b15a2ddba3906b50cc06578ce68,img_bd5b0e2c2538a62f0c1b,1024,1024,1,1,uint8,8,0,117,5.72462,5.99689,0,0,0,0,1,4,8,16,26,54,117,255,0,162543,PN148,PSP,4R,PSP_4R,11,DIV11,3,PN148_4R_PSP_DIV11,PN148_4R_PSP_DIV11,PN148_PSP_4R_DIV11,parsed,PN148,4R,PSP,DIV11,PN148_PSP_4R_DIV11,none,none,none,none,not_applicable,normalized_thumbnail_ncc_threshold_0.995,elongated_high_intensity_component,unassigned
sted_fiber_data,PN148_4R_PSP_DIV11 (Series 4) [1].tif,fiber_image,4d13bacfe1cada35f88fa7809751dc63f31f6f3c47a30f42deeeb648f79a8162,aaf0192699b1dfc83fc001570f81852f99d360d19b9fad175887e73cc6021803,img_615425fa5746d07693b7,1024,1024,1,1,uint8,8,0,122,7.33946,6.95867,0,0,0,0,3,6,11,19,31,54,122,255,0,113724,PN148,PSP,4R,PSP_4R,11,DIV11,4,PN148_4R_PSP_DIV11,PN148_4R_PSP_DIV11,PN148_PSP_4R_DIV11,parsed,PN148,4R,PSP,DIV11,PN148_PSP_4R_DIV11,none,none,none,none,not_applicable,normalized_thumbnail_ncc_threshold_0.995,elongated_high_intensity_component,unassigned
sted_fiber_data,PN148_4R_PSP_DIV11 (Series 5) [1].tif,fiber_image,699e7036b97f6471ea9e0f52c8938bcac349a2ab9d6c0563ee744f8deaa1cd91,1c108de63716807d437bf8b4f710e0844f866260842ad81ae3d7ed02beace965,img_8bbc61e8e76d46a483c3,1024,1024,1,1,uint8,8,0,255,25.5804,32.7859,0,0,0,1,6,14,29,104,155,195,255,255,1,31675,PN148,PSP,4R,PSP_4R,11,DIV11,5,PN148_4R_PSP_DIV11,PN148_4R_PSP_DIV11,PN148_PSP_4R_DIV11,parsed,PN148,4R,PSP,DIV11,PN148_PSP_4R_DIV11,none,none,none,none,not_applicable,normalized_thumbnail_ncc_threshold_0.995,saturation,unassigned
sted_fiber_data,PN148_4R_PSP_DIV11 (Series 6) [1].tif,fiber_image,d25a51eb7dfdc4190639541735cda98d1f0bfa622a2b1caa651f9541733a7a3b,35fcdd1dbab2d5b8b192cc223af5618f46dfb70d0db5de4dc575d6a8f19d0951,img_ee59402cbcbef63f208f,1024,1024,1,1,uint8,8,0,140,5.44589,4.48602,0,0,0,0,3,4,8,14,18,29,140,255,0,110076,PN148,PSP,4R,PSP_4R,11,DIV11,6,PN148_4R_PSP_DIV11,PN148_4R_PSP_DIV11,PN148_PSP_4R_DIV11,parsed,PN148,4R,PSP,DIV11,PN148_PSP_4R_DIV11,none,none,none,none,not_applicable,normalized_thumbnail_ncc_threshold_0.995,none,unassigned
sted_fiber_data,PN148_4R_PSP_DIV11 (Series 7) [1].tif,fiber_image,a3684b4170f7126fe7c85085dc7fb8450485c107b87893b6df029258a54f3e64,08b5b579b1dfea148bd09b5fd76593e4b62f6fde38e7f80c0bc276d58a9d246a,img_8859f959a6db06dd388e,1024,1024,1,1,uint8,8,0,96,7.26068,6.55495,0,0,0,0,3,6,11,19,29,49,96,255,0,82045,PN148,PSP,4R,PSP_4R,11,DIV11,7,PN148_4R_PSP_DIV11,PN148_4R_PSP_DIV11,PN148_PSP_4R_DIV11,parsed,PN148,4R,PSP,DIV11,PN148_PSP_4R_DIV11,none,none,none,none,not_applicable,normalized_thumbnail_ncc_threshold_0.995,elongated_high_intensity_component,unassigned
sted_fiber_data,PN148_4R_PSP_DIV11 (Series 8) [1].tif,fiber_image,08594c40905fb3907827da0c6146cc65e187abfdf3c94a9281ed0b2bbaa48d9e,d2349fb97fc532835932bd4b814eb0c4d247399c054a4243bb5739a6b9d9008e,img_c0b1dee7880bd32b11a0,1024,1024,1,1,uint8,8,0,255,54.5005,45.4655,0,0,3,8,24,39,69,159,207,244,255,255,455,2208,PN148,PSP,4R,PSP_4R,11,DIV11,8,PN148_4R_PSP_DIV11,PN148_4R_PSP_DIV11,PN148_PSP_4R_DIV11,parsed,PN148,4R,PSP,DIV11,PN148_PSP_4R_DIV11,none,none,none,none,not_applicable,normalized_thumbnail_ncc_threshold_0.995,saturation,unassigned
sted_fiber_data,PN148_4R_PSP_DIV11 (Series 9) [1].tif,fiber_image,420a2bb7b89be03c6312b46ad70c00ce5416703f177655d4dd1f77911fd698fd,24c35f3f2dcdff1ffbd7c5333df008ca92b4a51996f6cc9c9f579be70eee1f67,img_ebbe403ae4f78cda02b4,1024,1024,1,1,uint8,8,0,130,6.11001,6.39909,0,0,0,0,1,4,8,18,29,56,130,255,0,93884,PN148,PSP,4R,PSP_4R,11,DIV11,9,PN148_4R_PSP_DIV11,PN148_4R_PSP_DIV11,PN148_PSP_4R_DIV11,parsed,PN148,4R,PSP,DIV11,PN148_PSP_4R_DIV11,none,none,none,none,not_applicable,normalized_thumbnail_ncc_threshold_0.995,elongated_high_intensity_component,unassigned
sted_fiber_data,PN148_4R_PSP_DIV13 (Series 0) [1].tif,fiber_image,c7a7040f8b74b021504d422cf64b7abe518a7640325e13387f5d4bf33283ab38,b70c189305f24526889ce0b71dbc08c97ead2958c48935ac612285ffa0062287,img_3904629bf4bc615400dc,1024,1024,1,1,uint8,8,0,74,7.27363,5.54322,0,0,0,0,3,6,11,18,23,31,74,255,0,65857,PN148,PSP,4R,PSP_4R,13,DIV13,0,PN148_4R_PSP_DIV13,PN148_4R_PSP_DIV13,PN148_PSP_4R_DIV13,parsed,PN148,4R,PSP,DIV13,PN148_PSP_4R_DIV13,none,none,none,none,not_applicable,normalized_thumbnail_ncc_threshold_0.995,none,unassigned
sted_fiber_data,PN148_4R_PSP_DIV13 (Series 1) [1].tif,fiber_image,139877afd686a04d12920b661185c77229e579becdbd43a4441054de307794dd,eb3051c38030bdae79ae80892b36e1b5e02cfb5cfe8cbf34a449077f01cc1b24,img_72741229e0b9f7eab970,1024,1024,1,1,uint8,8,0,64,12.9941,7.66377,0,0,0,1,8,13,18,26,34,42,64,255,0,25688,PN148,PSP,4R,PSP_4R,13,DIV13,1,PN148_4R_PSP_DIV13,PN148_4R_PSP_DIV13,PN148_PSP_4R_DIV13,parsed,PN148,4R,PSP,DIV13,PN148_PSP_4R_DIV13,none,none,none,none,not_applicable,normalized_thumbnail_ncc_threshold_0.995,none,unassigned
sted_fiber_data,PN148_4R_PSP_DIV13 (Series 10) [1].tif,fiber_image,4e352b91dda3cd935ec0a31deba0a22e16a8b1cc8211f695ca7840c1cc19ef67,f3a30db7b45922906eb3a865b96a7deae0ff91b7d900ccf11c751197de317c93,img_c7c97f482b7f28114fef,1024,1024,1,1,uint8,8,0,90,8.01375,5.87493,0,0,0,0,3,8,13,19,24,31,90,255,0,69722,PN148,PSP,4R,PSP_4R,13,DIV13,10,PN148_4R_PSP_DIV13,PN148_4R_PSP_DIV13,PN148_PSP_4R_DIV13,parsed,PN148,4R,PSP,DIV13,PN148_PSP_4R_DIV13,none,none,none,none,not_applicable,normalized_thumbnail_ncc_threshold_0.995,none,unassigned
sted_fiber_data,PN148_4R_PSP_DIV13 (Series 11) [1].tif,fiber_image,cf81c4756fd2d0d6f2e8efa9d32fb420e159f73b06317ba481630696ddf36413,ca3ab99c3c794f670d7ae26b73f451e44b08a1825be7aae6a007d93fb302d9fc,img_3a8bbe92b0679b6e6039,1024,1024,1,1,uint8,8,0,92,12.1881,6.68417,0,0,1,3,8,11,16,24,31,42,92,255,0,9597,PN148,PSP,4R,PSP_4R,13,DIV13,11,PN148_4R_PSP_DIV13,PN148_4R_PSP_DIV13,PN148_PSP_4R_DIV13,parsed,PN148,4R,PSP,DIV13,PN148_PSP_4R_DIV13,none,none,none,none,not_applicable,normalized_thumbnail_ncc_threshold_0.995,none,unassigned
sted_fiber_data,PN148_4R_PSP_DIV13 (Series 12) [1].tif,fiber_image,942e1f1812c21437f46745b781b5d6daa8af8ea61dfd95466f2433e0abd7245a,ea17cd5ab0f6a2cc7208e6021e6b5830630d3cb2b4e2fec47505fd13ab79b17b,img_e4173b111bd1bf9001ff,1024,1024,1,1,uint8,8,0,49,7.06114,4.90835,0,0,0,1,3,6,9,16,21,28,49,255,0,47664,PN148,PSP,4R,PSP_4R,13,DIV13,12,PN148_4R_PSP_DIV13,PN148_4R_PSP_DIV13,PN148_PSP_4R_DIV13,parsed,PN148,4R,PSP,DIV13,PN148_PSP_4R_DIV13,none,none,none,none,not_applicable,normalized_thumbnail_ncc_threshold_0.995,none,unassigned
sted_fiber_data,PN148_4R_PSP_DIV13 (Series 13) [1].tif,fiber_image,cf3fa813a9298144c44f44943a18b889778ca54b69f5f08f20855317f9c77b24,0f85012f6c03f1c0c251d7f26cdfa80350a66d86748d7d998d37912c9e439f12,img_626480454afbb97eba6f,1024,1024,1,1,uint8,8,0,52,7.62567,5.57156,0,0,0,1,3,6,11,18,24,31,52,255,0,49393,PN148,PSP,4R,PSP_4R,13,DIV13,13,PN148_4R_PSP_DIV13,PN148_4R_PSP_DIV13,PN148_PSP_4R_DIV13,parsed,PN148,4R,PSP,DIV13,PN148_PSP_4R_DIV13,none,none,none,none,not_applicable,normalized_thumbnail_ncc_threshold_0.995,none,unassigned
sted_fiber_data,PN148_4R_PSP_DIV13 (Series 14) [1].tif,fiber_image,c8a41a71d2253054959c2b38e85a5c3837b0466ef738489208f1970c86d040f5,d9f569abc3a21eb584b7ad5e8be5b074ddfe78334a95295597bc66f2cc940ca1,img_f678291860e47eb623b1,1024,1024,1,1,uint8,8,0,49,7.7509,6.74131,0,0,0,0,1,6,13,19,26,32,49,255,0,175233,PN148,PSP,4R,PSP_4R,13,DIV13,14,PN148_4R_PSP_DIV13,PN148_4R_PSP_DIV13,PN148_PSP_4R_DIV13,parsed,PN148,4R,PSP,DIV13,PN148_PSP_4R_DIV13,none,none,none,none,not_applicable,normalized_thumbnail_ncc_threshold_0.995,none,unassigned
sted_fiber_data,PN148_4R_PSP_DIV13 (Series 2) [1].tif,fiber_image,42adaff83c46c6a3562daaac1b21708ec0c48d977be223651b55606306cfcadf,ff850b170fc057489b2d4c5ebff7d08e26cd0464aa646efb372787d295cada8b,img_7ba958fc203bc7709f29,1024,1024,1,1,uint8,8,0,54,10.7884,7.10477,0,0,0,1,6,9,14,24,31,39,54,255,0,25395,PN148,PSP,4R,PSP_4R,13,DIV13,2,PN148_4R_PSP_DIV13,PN148_4R_PSP_DIV13,PN148_PSP_4R_DIV13,parsed,PN148,4R,PSP,DIV13,PN148_PSP_4R_DIV13,none,none,none,none,not_applicable,normalized_thumbnail_ncc_threshold_0.995,none,unassigned
sted_fiber_data,PN148_4R_PSP_DIV13 (Series 3) [1].tif,fiber_image,221d5a163c6dc7d762ef8e574aa1ec677a4caba19031d77b0ee0beec0cb8f1b8,9257c0d02404d883ff42498ca022af2350944b3c9487691afe638e28bb3c239e,img_2693ae8a8e6e0e47ebb9,1024,1024,1,1,uint8,8,0,62,10.5764,6.65283,0,0,0,1,6,9,14,23,29,36,62,255,0,30037,PN148,PSP,4R,PSP_4R,13,DIV13,3,PN148_4R_PSP_DIV13,PN148_4R_PSP_DIV13,PN148_PSP_4R_DIV13,parsed,PN148,4R,PSP,DIV13,PN148_PSP_4R_DIV13,none,none,none,none,not_applicable,normalized_thumbnail_ncc_threshold_0.995,none,unassigned
sted_fiber_data,PN148_4R_PSP_DIV13 (Series 4) [1].tif,fiber_image,a658d958bdb1ed79930849db2387b0442ce93f7f9f3caadb8ceff61a9039a29d,10ee8adc3da85a55b2e8dd695049d711f1708dad61c2ac2c09d24ed03f414c54,img_84b4da10642a4bb2da9d,1024,1024,1,1,uint8,8,0,51,7.25517,5.39757,0,0,0,0,3,6,11,18,24,31,51,255,0,55715,PN148,PSP,4R,PSP_4R,13,DIV13,4,PN148_4R_PSP_DIV13,PN148_4R_PSP_DIV13,PN148_PSP_4R_DIV13,parsed,PN148,4R,PSP,DIV13,PN148_PSP_4R_DIV13,none,none,none,none,not_applicable,normalized_thumbnail_ncc_threshold_0.995,none,unassigned
sted_fiber_data,PN148_4R_PSP_DIV13 (Series 5) [1].tif,fiber_image,cb3e47f53fd714d54e3b276ea50197a3bb942ac53f1241ddb0f85ac2d5b17b94,c4b41c19435a84a398743e219a7c5f2cabf99792a561680d2df2b1f9d401f389,img_696d688e95e0a92495b7,1024,1024,1,1,uint8,8,0,72,5.69874,4.41875,0,0,0,0,3,4,8,14,19,26,72,255,0,86812,PN148,PSP,4R,PSP_4R,13,DIV13,5,PN148_4R_PSP_DIV13,PN148_4R_PSP_DIV13,PN148_PSP_4R_DIV13,parsed,PN148,4R,PSP,DIV13,PN148_PSP_4R_DIV13,none,none,none,none,not_applicable,normalized_thumbnail_ncc_threshold_0.995,none,unassigned
sted_fiber_data,PN148_4R_PSP_DIV13 (Series 6) [1].tif,fiber_image,312dda4c0982e813cfd720af1c542b53972c6b8f8506f8125d23b3e80bd63dd9,890ab06eba3b913d1f999ed68cecc7218db02f9ed6a9116f46f4631bb1d4a8c4,img_2fab05a600e18dfa3918,1024,1024,1,1,uint8,8,0,64,5.74123,4.57732,0,0,0,0,3,4,8,14,19,28,64,255,0,81130,PN148,PSP,4R,PSP_4R,13,DIV13,6,PN148_4R_PSP_DIV13,PN148_4R_PSP_DIV13,PN148_PSP_4R_DIV13,parsed,PN148,4R,PSP,DIV13,PN148_PSP_4R_DIV13,none,none,none,none,not_applicable,normalized_thumbnail_ncc_threshold_0.995,none,unassigned
sted_fiber_data,PN148_4R_PSP_DIV13 (Series 7) [1].tif,fiber_image,20d2a7dd73fc57e18ab8ce60f92fa357d75e600b242ff14609eab8c0c952efbd,45c5468995b47e14966fe763516dab41cdf9f1173b45c6fdaf308c6759e5b5b7,img_79ca2e0f353d755b582e,1024,1024,1,1,uint8,8,0,47,7.22049,4.856,0,0,0,1,4,6,9,16,21,28,47,255,0,29212,PN148,PSP,4R,PSP_4R,13,DIV13,7,PN148_4R_PSP_DIV13,PN148_4R_PSP_DIV13,PN148_PSP_4R_DIV13,parsed,PN148,4R,PSP,DIV13,PN148_PSP_4R_DIV13,none,none,none,none,not_applicable,normalized_thumbnail_ncc_threshold_0.995,none,unassigned
sted_fiber_data,PN148_4R_PSP_DIV13 (Series 8) [1].tif,fiber_image,532cb0e5bc0ea5973791077e8ec9dd3eed489d2411e812f138f4e45643db5d0c,d8d0249551ba3dd0cc5df22d4aeacebd41ee0c92684bcdf6b073da2c5777db5d,img_b8d8780cf551fb3e69e1,1024,1024,1,1,uint8,8,0,51,8.38308,5.68774,0,0,0,1,4,8,11,19,24,31,51,255,0,44799,PN148,PSP,4R,PSP_4R,13,DIV13,8,PN148_4R_PSP_DIV13,PN148_4R_PSP_DIV13,PN148_PSP_4R_DIV13,parsed,PN148,4R,PSP,DIV13,PN148_PSP_4R_DIV13,none,none,none,none,not_applicable,normalized_thumbnail_ncc_threshold_0.995,none,unassigned
sted_fiber_data,PN148_4R_PSP_DIV13 (Series 9) [1].tif,fiber_image,ff63767a5864df405fe2a30933447f88c6fee2fa7d0f6b9b3e9c64ca1529edc2,ec6fbfda6f935a7da29faf9c5da18cb3778295fdf6aadd952f561a6832ad98f6,img_6171af8d1dfc1e967d10,1024,1024,1,1,uint8,8,0,44,6.81089,5.12865,0,0,0,0,3,6,9,16,23,29,44,255,0,55922,PN148,PSP,4R,PSP_4R,13,DIV13,9,PN148_4R_PSP_DIV13,PN148_4R_PSP_DIV13,PN148_PSP_4R_DIV13,parsed,PN148,4R,PSP,DIV13,PN148_PSP_4R_DIV13,none,none,none,none,not_applicable,normalized_thumbnail_ncc_threshold_0.995,none,unassigned
sted_fiber_data,PN148_4R_PSP_DIV15 (Series 0) [1].tif,fiber_image,0f8379327773926ddb34356f7b99311d33537e493e0335f068681719d7e2bf9d,30ea873d851ab655ac45a0323a79ba4234ce8d35e7dd47a13defc6b1b7f0687b,img_ace38147a39ab01a728b,1024,1024,1,1,uint8,8,0,59,4.70295,3.58336,0,0,0,0,3,4,6,11,16,21,59,255,0,81291,PN148,PSP,4R,PSP_4R,15,DIV15,0,PN148_4R_PSP_DIV15,PN148_4R_PSP_DIV15,PN148_PSP_4R_DIV15,parsed,PN148,4R,PSP,DIV15,PN148_PSP_4R_DIV15,none,none,none,none,not_applicable,normalized_thumbnail_ncc_threshold_0.995,none,unassigned
sted_fiber_data,PN148_4R_PSP_DIV15 (Series 1) [1].tif,fiber_image,13ddf75fdacf87650673caeaad21fe977e312ea769003e474b288cc53b7efbdd,5a2444a64b5781b63d889b4eb53e040b4a5cc24c9fe0eb9728acb1902bdadfa5,img_97edf1cf7f7438726a63,1024,1024,1,1,uint8,8,0,57,5.06759,3.73772,0,0,0,0,3,4,8,13,16,22,57,255,0,65682,PN148,PSP,4R,PSP_4R,15,DIV15,1,PN148_4R_PSP_DIV15,PN148_4R_PSP_DIV15,PN148_PSP_4R_DIV15,parsed,PN148,4R,PSP,DIV15,PN148_PSP_4R_DIV15,none,none,none,none,not_applicable,normalized_thumbnail_ncc_threshold_0.995,none,unassigned
sted_fiber_data,PN148_4R_PSP_DIV15 (Series 10) [1].tif,fiber_image,f26ec68b2567c73a27c570bb10dd8a1cb6379df82e1422e46cdc0a26f4dbc9b0,8e746f36e98d595cd30b4dfd99c63ef935fc73c4560523a3102fa25fd992035d,img_e2e8462ddb2b1b402f22,1024,1024,1,1,uint8,8,0,46,7.08918,4.96269,0,0,0,0,3,6,9,16,21,27,46,255,0,64251,PN148,PSP,4R,PSP_4R,15,DIV15,10,PN148_4R_PSP_DIV15,PN148_4R_PSP_DIV15,PN148_PSP_4R_DIV15,parsed,PN148,4R,PSP,DIV15,PN148_PSP_4R_DIV15,none,none,none,none,not_applicable,normalized_thumbnail_ncc_threshold_0.995,none,unassigned
sted_fiber_data,PN148_4R_PSP_DIV15 (Series 11) [1].tif,fiber_image,ad2acce5af1c707139c1f3703fd9c2f9e141eb3be4b5245804449faa4c967c4a,d6264eaf6f06c5ddd66e60b20586b38efe841829f6d0351b90d1d77bd8542f55,img_d300cd8d0ec6924a908b,1024,1024,1,1,uint8,8,0,47,6.23945,4.95212,0,0,0,0,3,6,9,16,21,28,47,255,0,91307,PN148,PSP,4R,PSP_4R,15,DIV15,11,PN148_4R_PSP_DIV15,PN148_4R_PSP_DIV15,PN148_PSP_4R_DIV15,parsed,PN148,4R,PSP,DIV15,PN148_PSP_4R_DIV15,none,none,none,none,not_applicable,normalized_thumbnail_ncc_threshold_0.995,none,unassigned
sted_fiber_data,PN148_4R_PSP_DIV15 (Series 12) [1].tif,fiber_image,f3af9fca18be1d2c2d5f80b9f099d3aa4dd00fddaea08382bf6f4819e6ec568a,ac0f916756fa323ce888293272515a1f7e73d55898f2133af15b7b64ccb214db,img_82c4e762312f09a96152,1024,1024,1,1,uint8,8,0,77,4.53526,3.61145,0,0,0,0,1,4,6,11,16,21,77,255,0,94594,PN148,PSP,4R,PSP_4R,15,DIV15,12,PN148_4R_PSP_DIV15,PN148_4R_PSP_DIV15,PN148_PSP_4R_DIV15,parsed,PN148,4R,PSP,DIV15,PN148_PSP_4R_DIV15,none,none,none,none,not_applicable,normalized_thumbnail_ncc_threshold_0.995,none,unassigned
sted_fiber_data,PN148_4R_PSP_DIV15 (Series 13) [1].tif,fiber_image,3b3a9e8b4c2b724a884282387e82042d4532dad011a841ef59ef9f69721048d0,117cceaad69d78ba65dc2692edec4e0c13ba85aabc23b8f624fd38ea7f6bcf5e,img_c76d7c1c95a54910e180,1024,1024,1,1,uint8,8,0,62,11.3259,7.82581,0,0,0,1,6,9,16,26,34,42,62,255,0,26857,PN148,PSP,4R,PSP_4R,15,DIV15,13,PN148_4R_PSP_DIV15,PN148_4R_PSP_DIV15,PN148_PSP_4R_DIV15,parsed,PN148,4R,PSP,DIV15,PN148_PSP_4R_DIV15,none,none,none,none,not_applicable,normalized_thumbnail_ncc_threshold_0.995,none,unassigned
sted_fiber_data,PN148_4R_PSP_DIV15 (Series 14) [1].tif,fiber_image,fd6681698152de2a295ad942d525a8a4220b944a1fe78ad43d1bf72bcf130c89,09ce5fcdd49a31c1e8765e8c8ffb6120c588925779fd1147052f8978d97c1c80,img_2f228a67380a42c4f8b2,1024,1024,1,1,uint8,8,0,41,5.5935,3.84172,0,0,0,1,3,4,8,13,18,23,41,255,0,45521,PN148,PSP,4R,PSP_4R,15,DIV15,14,PN148_4R_PSP_DIV15,PN148_4R_PSP_DIV15,PN148_PSP_4R_DIV15,parsed,PN148,4R,PSP,DIV15,PN148_PSP_4R_DIV15,none,none,none,none,not_applicable,normalized_thumbnail_ncc_threshold_0.995,none,unassigned
sted_fiber_data,PN148_4R_PSP_DIV15 (Series 2) [1].tif,fiber_image,b14f76dd42f432c37d54bdb712ded8f9e034905f535019fc928b5b2061efdecf,703931aaabe79ba39694174bf57bde8c4e4e061d606d519cadd4d9dc14779831,img_a934e8a98dfb2f0df611,1024,1024,1,1,uint8,8,0,54,6.35347,4.38403,0,0,0,1,3,6,9,14,19,26,54,255,0,41627,PN148,PSP,4R,PSP_4R,15,DIV15,2,PN148_4R_PSP_DIV15,PN148_4R_PSP_DIV15,PN148_PSP_4R_DIV15,parsed,PN148,4R,PSP,DIV15,PN148_PSP_4R_DIV15,none,none,none,none,not_applicable,normalized_thumbnail_ncc_threshold_0.995,none,unassigned
sted_fiber_data,PN148_4R_PSP_DIV15 (Series 3) [1].tif,fiber_image,877d7c759158f96732325806a8d7594820511e024f05166620ba2078b006776a,38bc46c11e0dce3d66241316ff0b81f4ff7be742f3948a3939a3d44fc5535139,img_2ef8d7c397aacf466ec6,1024,1024,1,1,uint8,8,0,62,3.97074,3.05187,0,0,0,0,1,3,6,9,13,19,62,255,0,88278,PN148,PSP,4R,PSP_4R,15,DIV15,3,PN148_4R_PSP_DIV15,PN148_4R_PSP_DIV15,PN148_PSP_4R_DIV15,parsed,PN148,4R,PSP,DIV15,PN148_PSP_4R_DIV15,none,none,none,none,not_applicable,normalized_thumbnail_ncc_threshold_0.995,none,unassigned
sted_fiber_data,PN148_4R_PSP_DIV15 (Series 4) [1].tif,fiber_image,40687b28377d3e22c37dbbaaf8060e067b0185e80151149c9962e0d63ad8bf2c,b12ae20dddf86a850e892cac11e273674948d21cba6a349cee19925fb4071bfe,img_a8501284e3b83222bad7,1024,1024,1,1,uint8,8,0,66,6.066,4.35076,0,0,0,1,3,6,8,14,19,26,66,255,0,52032,PN148,PSP,4R,PSP_4R,15,DIV15,4,PN148_4R_PSP_DIV15,PN148_4R_PSP_DIV15,PN148_PSP_4R_DIV15,parsed,PN148,4R,PSP,DIV15,PN148_PSP_4R_DIV15,none,none,none,none,not_applicable,normalized_thumbnail_ncc_threshold_0.995,none,unassigned
sted_fiber_data,PN148_4R_PSP_DIV15 (Series 5) [1].tif,fiber_image,73fbed9ecc09a182b9a0bf65d57dbba2a1f61b43942c815e9c462d21167cfdcf,a1c2a153f4bf2a65788a0fce705ebe9bc9c86143674ca2634f42f848c715b893,img_e640db3da0454578be58,1024,1024,1,1,uint8,8,0,46,7.29218,4.74526,0,0,0,1,4,6,9,16,21,27,46,255,0,30293,PN148,PSP,4R,PSP_4R,15,DIV15,5,PN148_4R_PSP_DIV15,PN148_4R_PSP_DIV15,PN148_PSP_4R_DIV15,parsed,PN148,4R,PSP,DIV15,PN148_PSP_4R_DIV15,none,none,none,none,not_applicable,normalized_thumbnail_ncc_threshold_0.995,none,unassigned
sted_fiber_data,PN148_4R_PSP_DIV15 (Series 6) [1].tif,fiber_image,36159944d0ca7c9ecafc6b3ce3f867f7173bf77f72226dab38a2dfabadefc855,d59bda400dbda9001b5d5455ad0d2cd45ec021361d0ae686606a29e9ee537a93,img_0917a70a8d11d2e4106f,1024,1024,1,1,uint8,8,0,57,7.09312,5.39067,0,0,0,0,3,6,11,18,23,29,57,255,0,62951,PN148,PSP,4R,PSP_4R,15,DIV15,6,PN148_4R_PSP_DIV15,PN148_4R_PSP_DIV15,PN148_PSP_4R_DIV15,parsed,PN148,4R,PSP,DIV15,PN148_PSP_4R_DIV15,none,none,none,none,not_applicable,normalized_thumbnail_ncc_threshold_0.995,none,unassigned
sted_fiber_data,PN148_4R_PSP_DIV15 (Series 7) [1].tif,fiber_image,4c444e47863b00808aadbe57addc0ae77b0cc21adfd0c44be8b618dff7b7b1ff,8eddb61b2f31f8dc5406a7b465b2999a108eeb8fdac6535161982d9fb9b652f8,img_1a7d2ae9bf7572627039,1024,1024,1,1,uint8,8,0,62,10.4074,6.72199,0,0,0,1,6,9,14,23,31,39,62,255,0,15660,PN148,PSP,4R,PSP_4R,15,DIV15,7,PN148_4R_PSP_DIV15,PN148_4R_PSP_DIV15,PN148_PSP_4R_DIV15,parsed,PN148,4R,PSP,DIV15,PN148_PSP_4R_DIV15,none,none,none,none,not_applicable,normalized_thumbnail_ncc_threshold_0.995,none,unassigned
sted_fiber_data,PN148_4R_PSP_DIV15 (Series 8) [1].tif,fiber_image,4c7e2a880d5ff88a81d214bba5386ce2c72f220840a187b66d6e43925854e4c0,d927cad7f54a839a44ed5de1a78d3d44bf56f201d6baa0f7a29a9d151177a7fd,img_4cae7f7d94a4ea1602d5,1024,1024,1,1,uint8,8,0,49,8.13752,5.39144,0,0,0,1,4,8,11,18,24,31,49,255,0,30319,PN148,PSP,4R,PSP_4R,15,DIV15,8,PN148_4R_PSP_DIV15,PN148_4R_PSP_DIV15,PN148_PSP_4R_DIV15,parsed,PN148,4R,PSP,DIV15,PN148_PSP_4R_DIV15,none,none,none,none,not_applicable,normalized_thumbnail_ncc_threshold_0.995,none,unassigned
sted_fiber_data,PN148_4R_PSP_DIV15 (Series 9) [1].tif,fiber_image,ecd0a87e002d7b96409df4314e0406cfd9570e50ff2b74f205e057b1becaa82c,45d3b58a87bc4149e27b0e0a6f7640d5dbdeb179ddbbda3e45e739839ae526f2,img_fd296f8ef97f1983ee13,1024,1024,1,1,uint8,8,0,97,3.22595,3.12152,0,0,0,0,1,3,4,9,13,24,97,255,0,151945,PN148,PSP,4R,PSP_4R,15,DIV15,9,PN148_4R_PSP_DIV15,PN148_4R_PSP_DIV15,PN148_PSP_4R_DIV15,parsed,PN148,4R,PSP,DIV15,PN148_PSP_4R_DIV15,none,none,none,none,not_applicable,normalized_thumbnail_ncc_threshold_0.995,none,unassigned
sted_fiber_data,PN148_4R_PSP_DIV3 (Series 0) [1].tif,fiber_image,f36150eb5660551e05efb3067050fd4557879d7d26d3e72c40b6909602602542,950aed938d528c0c2d348b84295fb009925dbbbdda50e283226d2d0f259c4199,img_220c38631403bf686361,1024,1024,1,1,uint8,8,0,122,5.09327,6.79202,0,0,0,0,1,3,6,16,34,62,122,255,0,132124,PN148,PSP,4R,PSP_4R,3,DIV3,0,PN148_4R_PSP_DIV3,PN148_4R_PSP_DIV3,PN148_PSP_4R_DIV03,parsed,PN148,4R,PSP,DIV3,PN148_PSP_4R_DIV03,none,none,none,none,not_applicable,normalized_thumbnail_ncc_threshold_0.995,elongated_high_intensity_component,unassigned
sted_fiber_data,PN148_4R_PSP_DIV3 (Series 1) [1].tif,fiber_image,8d1dd0f1b41b784d3439ff83e2c3b1668564213bafa5ce94110c814451c32d78,2cdb57ea76a38322315829e83ff0e30aec8da25db9c9f383b1deb37b1eaaa2f8,img_b59e9b6e1a232f4fb6e2,1024,1024,1,1,uint8,8,0,129,5.12711,6.6503,0,0,0,0,1,3,6,16,33,62,129,255,0,176286,PN148,PSP,4R,PSP_4R,3,DIV3,1,PN148_4R_PSP_DIV3,PN148_4R_PSP_DIV3,PN148_PSP_4R_DIV03,parsed,PN148,4R,PSP,DIV3,PN148_PSP_4R_DIV03,none,none,none,none,not_applicable,normalized_thumbnail_ncc_threshold_0.995,none,unassigned
sted_fiber_data,PN148_4R_PSP_DIV3 (Series 10) [1].tif,fiber_image,ef5e9094a086accadc50a3f1ac503b091ed53344718e468878ff8b68c7406c36,c5531fc1ac79f90515761a0208d5134978cbbc2c2aac31ac547a782bf5763174,img_5b871e46aecc75c7aab3,1024,1024,1,1,uint8,8,0,242,12.5023,16.5615,0,0,0,0,3,8,16,42,82,147,242,255,0,93165,PN148,PSP,4R,PSP_4R,3,DIV3,10,PN148_4R_PSP_DIV3,PN148_4R_PSP_DIV3,PN148_PSP_4R_DIV03,parsed,PN148,4R,PSP,DIV3,PN148_PSP_4R_DIV03,none,none,none,none,not_applicable,normalized_thumbnail_ncc_threshold_0.995,none,unassigned
sted_fiber_data,PN148_4R_PSP_DIV3 (Series 11) [1].tif,fiber_image,4c696a819d24a3d41e597e7b9d1f93dab5a952974ebbeb26e3b7217799c85323,c18e992f6d8108fce5119a2c4eaa6d38efb061830524636cec3f40cf59a9d873,img_514eac9301216eb03b1a,1024,1024,1,1,uint8,8,0,180,7.636,10.2124,0,0,0,0,1,4,11,26,47,100,180,255,0,175712,PN148,PSP,4R,PSP_4R,3,DIV3,11,PN148_4R_PSP_DIV3,PN148_4R_PSP_DIV3,PN148_PSP_4R_DIV03,parsed,PN148,4R,PSP,DIV3,PN148_PSP_4R_DIV03,none,none,none,none,not_applicable,normalized_thumbnail_ncc_threshold_0.995,none,unassigned
sted_fiber_data,PN148_4R_PSP_DIV3 (Series 12) [1].tif,fiber_image,42e3fad8443d5f3325b3966fc5d6ada6b659b3b10c48aa18c768d02395729a53,c1f83ea60921058818ac8ca423f43bfac3ef6987d53c7ae1aedfe23e2342cdb0,img_07f5bcb46cd9086218c6,1024,1024,1,1,uint8,8,0,218,19.7176,22.8172,0,0,0,0,3,9,31,66,99,137,218,255,0,64113,PN148,PSP,4R,PSP_4R,3,DIV3,12,PN148_4R_PSP_DIV3,PN148_4R_PSP_DIV3,PN148_PSP_4R_DIV03,parsed,PN148,4R,PSP,DIV3,PN148_PSP_4R_DIV03,none,none,none,none,not_applicable,normalized_thumbnail_ncc_threshold_0.995,elongated_high_intensity_component,unassigned
sted_fiber_data,PN148_4R_PSP_DIV3 (Series 13) [1].tif,fiber_image,31652497787d5be6493c21479e8f620f3eb66a14abbe42fe556da1af5e742428,86477bd930fe670b72ea8db29485ee9b3550d7112e397c2397123afa5bd000b6,img_72f09cdd332505dac508,1024,1024,1,1,uint8,8,0,210,12.3005,16.3785,0,0,0,0,3,6,16,46,79,124,210,255,0,99331,PN148,PSP,4R,PSP_4R,3,DIV3,13,PN148_4R_PSP_DIV3,PN148_4R_PSP_DIV3,PN148_PSP_4R_DIV03,parsed,PN148,4R,PSP,DIV3,PN148_PSP_4R_DIV03,none,none,none,none,not_applicable,normalized_thumbnail_ncc_threshold_0.995,none,unassigned
sted_fiber_data,PN148_4R_PSP_DIV3 (Series 14) [1].tif,fiber_image,340519ff0d8b65ccbf9f4ab24661786b3f3df72abce4c486dc81294dc82819c9,8798afaf25cb7a74cb49467e5ac700dd39f9f776c883a84aa336233a366f05dc,img_b624517f9f850305d564,1024,1024,1,1,uint8,8,0,114,8.05386,9.21332,0,0,0,0,1,6,11,26,43,66,114,255,0,169050,PN148,PSP,4R,PSP_4R,3,DIV3,14,PN148_4R_PSP_DIV3,PN148_4R_PSP_DIV3,PN148_PSP_4R_DIV03,parsed,PN148,4R,PSP,DIV3,PN148_PSP_4R_DIV03,none,none,none,none,not_applicable,normalized_thumbnail_ncc_threshold_0.995,none,unassigned
sted_fiber_data,PN148_4R_PSP_DIV3 (Series 15) [1].tif,fiber_image,ea467473bd0409fdd68211ee3ce245fd9bd7ac1bff452eb29d3f54e0a95e9ea0,1974c8b0b49edc865e0a972cf8f480c6937cb61664a1740a4021342fd5318dd8,img_3c737553e1284b9115e2,1024,1024,1,1,uint8,8,0,255,18.5717,20.4604,0,0,0,1,4,11,26,59,91,149,255,255,7,48693,PN148,PSP,4R,PSP_4R,3,DIV3,15,PN148_4R_PSP_DIV3,PN148_4R_PSP_DIV3,PN148_PSP_4R_DIV03,parsed,PN148,4R,PSP,DIV3,PN148_PSP_4R_DIV03,none,none,none,none,not_applicable,normalized_thumbnail_ncc_threshold_0.995,saturation,unassigned
sted_fiber_data,PN148_4R_PSP_DIV3 (Series 2) [1].tif,fiber_image,a0932ef022bb07aa783cafc52fe6a65ab5953360e24a30c724dac49c5dc99c55,4a4b82cf9f5a492e9180b72efcbdd1b82dc7dc7064c1fc90074d3bd8bea74db3,img_b62b6e75aab65104498f,1024,1024,1,1,uint8,8,0,210,5.65526,8.09572,0,0,0,0,1,3,6,18,38,87,210,255,0,116382,PN148,PSP,4R,PSP_4R,3,DIV3,2,PN148_4R_PSP_DIV3,PN148_4R_PSP_DIV3,PN148_PSP_4R_DIV03,parsed,PN148,4R,PSP,DIV3,PN148_PSP_4R_DIV03,none,none,none,none,not_applicable,normalized_thumbnail_ncc_threshold_0.995,none,unassigned
sted_fiber_data,PN148_4R_PSP_DIV3 (Series 3) [1].tif,fiber_image,a6806a4e28392cb883c99b3307b93e2a741da9ab8439e979827adb2673490ae7,3409a4de854fa6d6f413aa8702dc0748e9b811e8e27d697170b40a042c93421a,img_c63de0188ee083b092b9,1024,1024,1,1,uint8,8,0,112,4.67005,5.602,0,0,0,0,1,3,6,13,29,54,112,255,0,140396,PN148,PSP,4R,PSP_4R,3,DIV3,3,PN148_4R_PSP_DIV3,PN148_4R_PSP_DIV3,PN148_PSP_4R_DIV03,parsed,PN148,4R,PSP,DIV3,PN148_PSP_4R_DIV03,none,none,none,none,not_applicable,normalized_thumbnail_ncc_threshold_0.995,elongated_high_intensity_component,unassigned
sted_fiber_data,PN148_4R_PSP_DIV3 (Series 4) [1].tif,fiber_image,8b1fa93ad2a9ba502339f67fee91e08f3b0da6ba323197c8564a5075dedd1b70,214327b7460cdaa9bc50b6156914b0d9c6e6d6ad8fe60bab4f519f9239ac2289,img_7f062a2eeb09b9e84bd3,1024,1024,1,1,uint8,8,0,225,10.2751,13.6923,0,0,0,0,1,4,14,37,64,112,225,255,0,118308,PN148,PSP,4R,PSP_4R,3,DIV3,4,PN148_4R_PSP_DIV3,PN148_4R_PSP_DIV3,PN148_PSP_4R_DIV03,parsed,PN148,4R,PSP,DIV3,PN148_PSP_4R_DIV03,none,none,none,none,not_applicable,normalized_thumbnail_ncc_threshold_0.995,none,unassigned
sted_fiber_data,PN148_4R_PSP_DIV3 (Series 5) [1].tif,fiber_image,5ab91aec7f651029049ed3c04c8a802aebd512a5f76347f40a85467f2fc2354d,7c7917224f64cfd2556621a28859513a3c011637ce64bdc0e8f08fe3aadf324b,img_436407b4329cf419a700,1024,1024,1,1,uint8,8,0,199,7.93039,11.9694,0,0,0,0,1,4,9,26,59,132,199,255,0,99322,PN148,PSP,4R,PSP_4R,3,DIV3,5,PN148_4R_PSP_DIV3,PN148_4R_PSP_DIV3,PN148_PSP_4R_DIV03,parsed,PN148,4R,PSP,DIV3,PN148_PSP_4R_DIV03,none,none,none,none,not_applicable,normalized_thumbnail_ncc_threshold_0.995,none,unassigned
sted_fiber_data,PN148_4R_PSP_DIV3 (Series 6) [1].tif,fiber_image,faf8c3abf51985cd90bd20cb4c1545248e7a41d53599c2f26b65cf437b42dfdf,cdf70d95b7ceb23522be85ce1f6bdf215ae95f875ea6b599c8a5f8bb2746992f,img_059bb92485a965c6ab4c,1024,1024,1,1,uint8,8,0,225,16.8779,19.0523,0,0,0,0,3,11,24,56,86,125,225,255,0,85391,PN148,PSP,4R,PSP_4R,3,DIV3,6,PN148_4R_PSP_DIV3,PN148_4R_PSP_DIV3,PN148_PSP_4R_DIV03,parsed,PN148,4R,PSP,DIV3,PN148_PSP_4R_DIV03,none,none,none,none,not_applicable,normalized_thumbnail_ncc_threshold_0.995,none,unassigned
sted_fiber_data,PN148_4R_PSP_DIV3 (Series 7) [1].tif,fiber_image,4d3581c961c0be3c10ed24e779fa5a450f9b45f40b2f1fb9434e38331578f222,542b8ba441824ed478e0fc124bc57c61f3ab7d09b6f242c9c14858e98bbec024,img_ab33a9db444c1bebd2cf,1024,1024,1,1,uint8,8,0,255,13.886,24.8632,0,0,0,0,1,4,14,61,135,184,255,255,1,111808,PN148,PSP,4R,PSP_4R,3,DIV3,7,PN148_4R_PSP_DIV3,PN148_4R_PSP_DIV3,PN148_PSP_4R_DIV03,parsed,PN148,4R,PSP,DIV3,PN148_PSP_4R_DIV03,none,none,none,none,not_applicable,normalized_thumbnail_ncc_threshold_0.995,saturation;elongated_high_intensity_component,unassigned
sted_fiber_data,PN148_4R_PSP_DIV3 (Series 8) [1].tif,fiber_image,adf6f2adcbe4dcddde23db344ce32351a1a2425a41135568dd73e993bf148ce9,51524c0a7ee00157899458a7f74ff5625a4b3916cb58abaf1f0aa425257a5387,img_ba71ab86c1a9d026f72b,1024,1024,1,1,uint8,8,0,255,17.3872,24.9986,0,0,0,1,4,8,21,64,132,194,255,255,1,44005,PN148,PSP,4R,PSP_4R,3,DIV3,8,PN148_4R_PSP_DIV3,PN148_4R_PSP_DIV3,PN148_PSP_4R_DIV03,parsed,PN148,4R,PSP,DIV3,PN148_PSP_4R_DIV03,none,none,none,none,not_applicable,normalized_thumbnail_ncc_threshold_0.995,saturation,unassigned
sted_fiber_data,PN148_4R_PSP_DIV3 (Series 9) [1].tif,fiber_image,2726b2dd5c836264d1e41d3cce4ffe7032c7a6a9ea7b870016d876233e26fe20,b8f60954e5b4126595fe15f6b9b5c823907faae69f193f110c57a5b4de764320,img_c79ced8ef7eed678f7b4,1024,1024,1,1,uint8,8,0,162,12.4113,14.2646,0,0,0,1,4,8,16,39,74,107,162,255,0,38613,PN148,PSP,4R,PSP_4R,3,DIV3,9,PN148_4R_PSP_DIV3,PN148_4R_PSP_DIV3,PN148_PSP_4R_DIV03,parsed,PN148,4R,PSP,DIV3,PN148_PSP_4R_DIV03,none,none,none,none,not_applicable,normalized_thumbnail_ncc_threshold_0.995,none,unassigned
sted_fiber_data,PN148_4R_PSP_DIV5 (Series 0) [1].tif,fiber_image,75f99271c9587de9f39d67f9282349c708696dc10e8582316808374bc6a739e8,1cc90ce2dab09fec09a0f7c30bd2125e08383dfc3220983268e5c93d241d0f2c,img_d11dcb2350c8c34784f7,1024,1024,1,1,uint8,8,0,232,14.7031,17.4693,0,0,0,1,4,9,19,47,89,140,232,255,0,48641,PN148,PSP,4R,PSP_4R,5,DIV5,0,PN148_4R_PSP_DIV5,PN148_4R_PSP_DIV5,PN148_PSP_4R_DIV05,parsed,PN148,4R,PSP,DIV5,PN148_PSP_4R_DIV05,none,none,none,none,not_applicable,normalized_thumbnail_ncc_threshold_0.995,elongated_high_intensity_component,unassigned
sted_fiber_data,PN148_4R_PSP_DIV5 (Series 1) [1].tif,fiber_image,7451e8ae3a05288c823ec91c8a9dad0727fc51640fd1296904170bb9c94cbc2b,093cca49ddc1d677e5eb869a767b96fb1e059c7be7a162524ceefe5072868bba,img_33ca380fa86eaa53e107,1024,1024,1,1,uint8,8,0,188,13.3485,13.9406,0,0,0,1,4,9,18,41,66,104,188,255,0,35780,PN148,PSP,4R,PSP_4R,5,DIV5,1,PN148_4R_PSP_DIV5,PN148_4R_PSP_DIV5,PN148_PSP_4R_DIV05,parsed,PN148,4R,PSP,DIV5,PN148_PSP_4R_DIV05,none,none,none,none,not_applicable,normalized_thumbnail_ncc_threshold_0.995,none,unassigned
sted_fiber_data,PN148_4R_PSP_DIV5 (Series 10) [1].tif,fiber_image,9df942b06765a6803f6cbe1452de44005312e7ff497bc5dbff5ecc05e67704f4,2dc15c48d3329a6ef14152f4c96426bc9bee8a6575f789c287c66cda74ad9f94,img_8866e72ff2ed2aa7f931,1024,1024,1,1,uint8,8,0,207,6.59053,10.6749,0,0,0,0,1,3,8,26,54,104,207,255,0,173123,PN148,PSP,4R,PSP_4R,5,DIV5,10,PN148_4R_PSP_DIV5,PN148_4R_PSP_DIV5,PN148_PSP_4R_DIV05,parsed,PN148,4R,PSP,DIV5,PN148_PSP_4R_DIV05,none,none,none,none,not_applicable,normalized_thumbnail_ncc_threshold_0.995,none,unassigned
sted_fiber_data,PN148_4R_PSP_DIV5 (Series 11) [1].tif,fiber_image,b1439f931108429def486dcf4b99ab60353c7101717ea947d72b65ed2ab3a7e0,89f51ee57637487a843f5fbb9e02f70afef75d2616a85339af457e0bad2628e3,img_724d96e0bee36929b82d,1024,1024,1,1,uint8,8,0,255,9.14561,13.1462,0,0,0,0,3,6,11,31,62,143,255,255,8,91245,PN148,PSP,4R,PSP_4R,5,DIV5,11,PN148_4R_PSP_DIV5,PN148_4R_PSP_DIV5,PN148_PSP_4R_DIV05,parsed,PN148,4R,PSP,DIV5,PN148_PSP_4R_DIV05,none,none,none,none,not_applicable,normalized_thumbnail_ncc_threshold_0.995,saturation,unassigned
sted_fiber_data,PN148_4R_PSP_DIV5 (Series 12) [1].tif,fiber_image,c87c69ffef2415f0467c254b23f638677c7ccfab9eced8e57f4ee496472b3121,30c319df6adb9ee3e8c8c478799259547a9b35a78d6e42ea874d15d829f0ad2d,img_ea45cb0415bb8bd05242,1024,1024,1,1,uint8,8,0,255,18.7539,23.2178,0,0,0,1,4,11,23,67,117,172,255,255,2,46000,PN148,PSP,4R,PSP_4R,5,DIV5,12,PN148_4R_PSP_DIV5,PN148_4R_PSP_DIV5,PN148_PSP_4R_DIV05,parsed,PN148,4R,PSP,DIV5,PN148_PSP_4R_DIV05,none,none,none,none,not_applicable,normalized_thumbnail_ncc_threshold_0.995,saturation,unassigned
sted_fiber_data,PN148_4R_PSP_DIV5 (Series 13) [1].tif,fiber_image,1dc0af68a9f9e044be21e6f044c1cff4d5d29070c80da9ebd53baa78b1a41be7,2f05e874115711b572deb3e6a27b7f919eb695089a9037486aa3ee4f29268cae,img_db253fd39e0e0f9cc89e,1024,1024,1,1,uint8,8,0,255,15.5922,20.6049,0,0,0,0,3,8,21,54,97,180,255,255,2,82232,PN148,PSP,4R,PSP_4R,5,DIV5,13,PN148_4R_PSP_DIV5,PN148_4R_PSP_DIV5,PN148_PSP_4R_DIV05,parsed,PN148,4R,PSP,DIV5,PN148_PSP_4R_DIV05,none,none,none,none,not_applicable,normalized_thumbnail_ncc_threshold_0.995,saturation,unassigned
sted_fiber_data,PN148_4R_PSP_DIV5 (Series 14) [1].tif,fiber_image,428aed84fcbb4698ed192b1f74b059f6c1b73ac8e78093c36f3a1f9b654f9132,b68e134581d38bc603530e519dedaa1a21e9c42457ef2e9230c32251a3beace2,img_c7d10bd26a85e0a028e3,1024,1024,1,1,uint8,8,0,175,10.2006,14.4728,0,0,0,0,3,4,11,41,70,114,175,255,0,74155,PN148,PSP,4R,PSP_4R,5,DIV5,14,PN148_4R_PSP_DIV5,PN148_4R_PSP_DIV5,PN148_PSP_4R_DIV05,parsed,PN148,4R,PSP,DIV5,PN148_PSP_4R_DIV05,none,none,none,none,not_applicable,normalized_thumbnail_ncc_threshold_0.995,none,unassigned
sted_fiber_data,PN148_4R_PSP_DIV5 (Series 2) [1].tif,fiber_image,07ccdce04ca1ba001cb3cdf24accba4a8c7883ca2e0ada91c2107532ea8aad9f,959a2f4c3289aa3762f9ff62d2858668945e78e5363c3cae77f2fb7193e11057,img_dfb38c9ebff399b3f86e,1024,1024,1,1,uint8,8,0,255,21.5491,25.2905,0,0,0,0,4,13,31,72,115,179,255,255,16,56674,PN148,PSP,4R,PSP_4R,5,DIV5,2,PN148_4R_PSP_DIV5,PN148_4R_PSP_DIV5,PN148_PSP_4R_DIV05,parsed,PN148,4R,PSP,DIV5,PN148_PSP_4R_DIV05,none,none,none,none,not_applicable,normalized_thumbnail_ncc_threshold_0.995,saturation;elongated_high_intensity_component,unassigned
sted_fiber_data,PN148_4R_PSP_DIV5 (Series 3) [1].tif,fiber_image,d1004c18c2c34f523d4d90eb8a8dd509694ae7e3e8ddde4e3d7958c0be245cfd,583355c2295d40411bea71812ba697840f050b5fee66117c07340e0728465612,img_f4a75c6be81d580370d0,1024,1024,1,1,uint8,8,0,162,10.321,8.92924,0,0,0,0,4,9,14,26,42,76,162,255,0,71621,PN148,PSP,4R,PSP_4R,5,DIV5,3,PN148_4R_PSP_DIV5,PN148_4R_PSP_DIV5,PN148_PSP_4R_DIV05,parsed,PN148,4R,PSP,DIV5,PN148_PSP_4R_DIV05,none,none,none,none,not_applicable,normalized_thumbnail_ncc_threshold_0.995,none,unassigned
sted_fiber_data,PN148_4R_PSP_DIV5 (Series 4) [1].tif,fiber_image,2dc6bf39bb8a1fc4142648845ec7c02dd63bcd527f13343365176e082ed3b512,a62d91fe4f0c8a6c72b6a47669579854aaa5d915c1cab0affd204ffa6f906023,img_5be4414466300c1fdec2,1024,1024,1,1,uint8,8,0,255,12.7959,19.437,0,0,0,0,3,6,14,47,104,162,255,255,12,99339,PN148,PSP,4R,PSP_4R,5,DIV5,4,PN148_4R_PSP_DIV5,PN148_4R_PSP_DIV5,PN148_PSP_4R_DIV05,parsed,PN148,4R,PSP,DIV5,PN148_PSP_4R_DIV05,none,none,none,none,not_applicable,normalized_thumbnail_ncc_threshold_0.995,saturation,unassigned
sted_fiber_data,PN148_4R_PSP_DIV5 (Series 5) [1].tif,fiber_image,84681186433a471c6b1618810d2972947acec380d5b0a9166d1d4a166c6fad28,46d8a07283e2c4881241167de973e185aa7216caed224c984572b5af49959c3f,img_0ff9ff110badf4e96c42,1024,1024,1,1,uint8,8,0,250,24.5244,28.0057,0,0,0,1,6,14,32,84,134,182,250,255,0,25016,PN148,PSP,4R,PSP_4R,5,DIV5,5,PN148_4R_PSP_DIV5,PN148_4R_PSP_DIV5,PN148_PSP_4R_DIV05,parsed,PN148,4R,PSP,DIV5,PN148_PSP_4R_DIV05,none,none,none,none,not_applicable,normalized_thumbnail_ncc_threshold_0.995,none,unassigned
sted_fiber_data,PN148_4R_PSP_DIV5 (Series 6) [1].tif,fiber_image,5d2084478c17066ea83475e5d4d57d894ed7225c1b6692014932f06a4bac2f51,c7f2491b71cd05ca55f1e55a4b8b2bd66453e3ea378c1ed7406873e6603ce237,img_4979594be092b09f71ec,1024,1024,1,1,uint8,8,0,240,12.9088,15.1163,0,0,0,1,4,8,16,41,71,145,240,255,0,41380,PN148,PSP,4R,PSP_4R,5,DIV5,6,PN148_4R_PSP_DIV5,PN148_4R_PSP_DIV5,PN148_PSP_4R_DIV05,parsed,PN148,4R,PSP,DIV5,PN148_PSP_4R_DIV05,none,none,none,none,not_applicable,normalized_thumbnail_ncc_threshold_0.995,elongated_high_intensity_component,unassigned
sted_fiber_data,PN148_4R_PSP_DIV5 (Series 7) [1].tif,fiber_image,96d889de12474321d3a00375cfcb41de0bb05a4e39788a5f70af1b5f85792c7d,7026c1f932b2eebb9acf90417d7cbfed3941d0a215f998b950f014f84b8e0005,img_8502fd6e07e0d4c35f35,1024,1024,1,1,uint8,8,0,120,6.6109,6.06799,0,0,0,1,3,6,9,16,31,57,120,255,0,51249,PN148,PSP,4R,PSP_4R,5,DIV5,7,PN148_4R_PSP_DIV5,PN148_4R_PSP_DIV5,PN148_PSP_4R_DIV05,parsed,PN148,4R,PSP,DIV5,PN148_PSP_4R_DIV05,none,none,none,none,not_applicable,normalized_thumbnail_ncc_threshold_0.995,elongated_high_intensity_component,unassigned
sted_fiber_data,PN148_4R_PSP_DIV5 (Series 8) [1].tif,fiber_image,ad6311001ce5d6a5b73d429a1fcc91d9cf7354f07aa443534bca6ae6020d207c,0a4c0aac8e29937e8f015b8a2e0cc226c9ae4c771679edc3f34ee1d225112a3d,img_ecf307c99a32928e4d21,1024,1024,1,1,uint8,8,0,187,9.14505,8.23521,0,0,0,0,3,8,13,22,39,74,187,255,0,80018,PN148,PSP,4R,PSP_4R,5,DIV5,8,PN148_4R_PSP_DIV5,PN148_4R_PSP_DIV5,PN148_PSP_4R_DIV05,parsed,PN148,4R,PSP,DIV5,PN148_PSP_4R_DIV05,none,none,none,none,not_applicable,normalized_thumbnail_ncc_threshold_0.995,none,unassigned
sted_fiber_data,PN148_4R_PSP_DIV5 (Series 9) [1].tif,fiber_image,87fe9fdba2ae2cf7bf4f9c4531d35a995440362240ccdf88ee2fd55b6909e1a6,ea644f72299876c7fb88926d60778eb2ddf743da7a9aca6c513ec6c69e89617c,img_776b1f9c56cf22f17a90,1024,1024,1,1,uint8,8,0,255,19.66,29.1907,0,0,0,0,3,9,23,80,144,227,255,255,242,81581,PN148,PSP,4R,PSP_4R,5,DIV5,9,PN148_4R_PSP_DIV5,PN148_4R_PSP_DIV5,PN148_PSP_4R_DIV05,parsed,PN148,4R,PSP,DIV5,PN148_PSP_4R_DIV05,none,none,none,none,not_applicable,normalized_thumbnail_ncc_threshold_0.995,saturation;elongated_high_intensity_component,unassigned
sted_fiber_data,PN148_4R_PSP_DIV7 (Series 0) [1].tif,fiber_image,88fa5c4ff7dfdc9f5c6216d4482e91aee58ddadf7b45c3aaabf9bdaa7a849f0c,268098c389db7973888f301765221d886a461a63e9c0593b95ec99ab8378d0f9,img_5d206cdbc82b5943d9ac,1024,1024,1,1,uint8,8,0,202,11.6031,15.9646,0,0,0,0,1,6,14,44,76,115,202,255,0,115196,PN148,PSP,4R,PSP_4R,7,DIV7,0,PN148_4R_PSP_DIV7,PN148_4R_PSP_DIV7,PN148_PSP_4R_DIV07,parsed,PN148,4R,PSP,DIV7,PN148_PSP_4R_DIV07,none,none,none,none,not_applicable,normalized_thumbnail_ncc_threshold_0.995,none,unassigned
sted_fiber_data,PN148_4R_PSP_DIV7 (Series 1) [1].tif,fiber_image,e1291c95da62a47ae55d9386444b648667f0b87a8a6118ff0178fd1d893d9773,2f84a11e8f5aad7283de23428c37018b0083c2c80d66c484a6065dd5b48b870b,img_4de661f05bb37c7bbdfb,1024,1024,1,1,uint8,8,0,159,4.98735,6.68074,0,0,0,0,1,3,6,16,32,66,159,255,0,145451,PN148,PSP,4R,PSP_4R,7,DIV7,1,PN148_4R_PSP_DIV7,PN148_4R_PSP_DIV7,PN148_PSP_4R_DIV07,parsed,PN148,4R,PSP,DIV7,PN148_PSP_4R_DIV07,none,none,none,none,not_applicable,normalized_thumbnail_ncc_threshold_0.995,none,unassigned
sted_fiber_data,PN148_4R_PSP_DIV7 (Series 10) [1].tif,fiber_image,cb5fa03fa1e0ae0adff03ab0adce1492b8ad046d8de8b1bcf90a6eaaab2a9285,e7665fc15eed2aea908def0ea9e6f829d07be7b848f661dd3c2f1076c8fd3418,img_61ff559bc107ec1b1268,1024,1024,1,1,uint8,8,0,120,5.72944,6.59681,0,0,0,0,1,4,8,17,32,59,120,255,0,153772,PN148,PSP,4R,PSP_4R,7,DIV7,10,PN148_4R_PSP_DIV7,PN148_4R_PSP_DIV7,PN148_PSP_4R_DIV07,parsed,PN148,4R,PSP,DIV7,PN148_PSP_4R_DIV07,none,none,none,none,not_applicable,normalized_thumbnail_ncc_threshold_0.995,elongated_high_intensity_component,unassigned
sted_fiber_data,PN148_4R_PSP_DIV7 (Series 11) [1].tif,fiber_image,fac0fe9230ccaca33126c275a11a2f9c6cdee3478836952c9db71883661eb46d,51b4f269c06b4ac38b396cb0eb7ceae5c2f38f553220d75d5597c1d06c90151c,img_c3c6fad43a83f4af5b32,1024,1024,1,1,uint8,8,0,122,3.69453,4.57038,0,0,0,0,1,3,4,11,22,44,122,255,0,171545,PN148,PSP,4R,PSP_4R,7,DIV7,11,PN148_4R_PSP_DIV7,PN148_4R_PSP_DIV7,PN148_PSP_4R_DIV07,parsed,PN148,4R,PSP,DIV7,PN148_PSP_4R_DIV07,none,none,none,none,not_applicable,normalized_thumbnail_ncc_threshold_0.995,elongated_high_intensity_component,unassigned
sted_fiber_data,PN148_4R_PSP_DIV7 (Series 12) [1].tif,fiber_image,f8a2e62dc5378b1ef9f4bdb957613b09f590ccd06fcf81b7f44195f7c54bd488,22ae44b28aeedd25e6da49764bde628459e43bc0e59069318667fd72eade1784,img_5944729f82099124c02e,1024,1024,1,1,uint8,8,0,140,10.3329,10.3132,0,0,0,0,3,8,14,31,47,75,140,255,0,58902,PN148,PSP,4R,PSP_4R,7,DIV7,12,PN148_4R_PSP_DIV7,PN148_4R_PSP_DIV7,PN148_PSP_4R_DIV07,parsed,PN148,4R,PSP,DIV7,PN148_PSP_4R_DIV07,none,none,none,none,not_applicable,normalized_thumbnail_ncc_threshold_0.995,elongated_high_intensity_component,unassigned
sted_fiber_data,PN148_4R_PSP_DIV7 (Series 13) [1].tif,fiber_image,68d480955a7d61006ce2b2042b0eafba40aa0fbbdf3181eb70ceb520dbe86315,85646780b95f49a19cb2557e2adfa0fc028df32121350f3e4353960929751a05,img_4797f6dc6e4e9c6a0aa5,1024,1024,1,1,uint8,8,0,207,8.53302,10.2407,0,0,0,0,3,6,11,24,47,112,207,255,0,80134,PN148,PSP,4R,PSP_4R,7,DIV7,13,PN148_4R_PSP_DIV7,PN148_4R_PSP_DIV7,PN148_PSP_4R_DIV07,parsed,PN148,4R,PSP,DIV7,PN148_PSP_4R_DIV07,none,none,none,none,not_applicable,normalized_thumbnail_ncc_threshold_0.995,none,unassigned
sted_fiber_data,PN148_4R_PSP_DIV7 (Series 14) [1].tif,fiber_image,236c5b7b82d9d8bcafdb354c53d39ff088c15f0a9297f99996d30b1ccdd44523,eb329d9a65fb2cb6c0e4b6bd5e53e94d57d52eec9881b31376ae1470f26cbb57,img_64fa7db403c7f1983117,1024,1024,1,1,uint8,8,0,195,6.27781,9.12632,0,0,0,0,1,4,8,22,46,87,195,255,0,125764,PN148,PSP,4R,PSP_4R,7,DIV7,14,PN148_4R_PSP_DIV7,PN148_4R_PSP_DIV7,PN148_PSP_4R_DIV07,parsed,PN148,4R,PSP,DIV7,PN148_PSP_4R_DIV07,none,none,none,none,not_applicable,normalized_thumbnail_ncc_threshold_0.995,none,unassigned
sted_fiber_data,PN148_4R_PSP_DIV7 (Series 2) [1].tif,fiber_image,3093c897830180c5f83edc2952ee83ba1df851e94a7cfe7b6951c7e370d1c707,0958c06aea6a434e38e60f9e8c7dbff2250e94f47e5368a754feeeabf2885796,img_1ada5c245067747846f1,1024,1024,1,1,uint8,8,0,109,4.95943,4.03042,0,0,0,0,3,4,8,13,18,28,109,255,0,79198,PN148,PSP,4R,PSP_4R,7,DIV7,2,PN148_4R_PSP_DIV7,PN148_4R_PSP_DIV7,PN148_PSP_4R_DIV07,parsed,PN148,4R,PSP,DIV7,PN148_PSP_4R_DIV07,none,none,none,none,not_applicable,normalized_thumbnail_ncc_threshold_0.995,elongated_high_intensity_component,unassigned
sted_fiber_data,PN148_4R_PSP_DIV7 (Series 3) [1].tif,fiber_image,4bb2b4c566f7556437880aab83d7ba54b2af463974e3aa481adbfe858f2c3e44,61958824a656e6687d4d69e1b5c44f2d5229766c8fc3b37633528d6ad6898da8,img_70deeee03d6a7d84a00e,1024,1024,1,1,uint8,8,0,187,4.43722,8.40976,0,0,0,0,1,3,4,13,39,112,187,255,0,168127,PN148,PSP,4R,PSP_4R,7,DIV7,3,PN148_4R_PSP_DIV7,PN148_4R_PSP_DIV7,PN148_PSP_4R_DIV07,parsed,PN148,4R,PSP,DIV7,PN148_PSP_4R_DIV07,none,none,none,none,not_applicable,normalized_thumbnail_ncc_threshold_0.995,none,unassigned
sted_fiber_data,PN148_4R_PSP_DIV7 (Series 4) [1].tif,fiber_image,2d427566cf5c6c2777a568db316799cc914cae8c6102961e0d3898231d44a855,57aeccd2222212e2142cf7263bdf7a1f180a0509897d087a47396dd61bf4e2e6,img_426adddcfa9cb91e899e,1024,1024,1,1,uint8,8,0,195,6.81109,12.1026,0,0,0,0,1,3,8,24,62,130,195,255,0,144515,PN148,PSP,4R,PSP_4R,7,DIV7,4,PN148_4R_PSP_DIV7,PN148_4R_PSP_DIV7,PN148_PSP_4R_DIV07,parsed,PN148,4R,PSP,DIV7,PN148_PSP_4R_DIV07,none,none,none,none,not_applicable,normalized_thumbnail_ncc_threshold_0.995,none,unassigned
sted_fiber_data,PN148_4R_PSP_DIV7 (Series 5) [1].tif,fiber_image,2d9ab6b2bba52bfb0a581c6a101a25e71263c83b376994e70e35125a81a0d2dc,52de7a6723fefc19d4cf34d161024a8a09b3b0579ce4110fea4aabe473508f56,img_0a21a010cbe9a4d139d1,1024,1024,1,1,uint8,8,0,238,10.8571,15.1803,0,0,0,0,1,6,14,37,72,145,238,255,0,151569,PN148,PSP,4R,PSP_4R,7,DIV7,5,PN148_4R_PSP_DIV7,PN148_4R_PSP_DIV7,PN148_PSP_4R_DIV07,parsed,PN148,4R,PSP,DIV7,PN148_PSP_4R_DIV07,none,none,none,none,not_applicable,normalized_thumbnail_ncc_threshold_0.995,none,unassigned
sted_fiber_data,PN148_4R_PSP_DIV7 (Series 6) [1].tif,fiber_image,6511c63f06b8f8dd3a3321ab53da15c7a5792501a730324cf45d92d0cc9a1267,8442833ad6bbcd18dc9d90287baac9049c84182fa95b65fdde8c0b8ad6637e39,img_f28ccc25ab79b611e9cd,1024,1024,1,1,uint8,8,0,87,4.44769,4.37054,0,0,0,0,1,3,6,13,19,39,87,255,0,111675,PN148,PSP,4R,PSP_4R,7,DIV7,6,PN148_4R_PSP_DIV7,PN148_4R_PSP_DIV7,PN148_PSP_4R_DIV07,parsed,PN148,4R,PSP,DIV7,PN148_PSP_4R_DIV07,none,none,none,none,not_applicable,normalized_thumbnail_ncc_threshold_0.995,none,unassigned
sted_fiber_data,PN148_4R_PSP_DIV7 (Series 7) [1].tif,fiber_image,dc8c89a005c5323f9373b987955116e3dd6bdc3a1776f36e08a9eb7129832cd4,46303d183d54933782aab8b1a3a245208cf3b44540bebbc9af8e24e4b09aff93,img_920c8577eb9a367b1364,1024,1024,1,1,uint8,8,0,120,5.43575,6.03824,0,0,0,0,1,4,8,16,27,52,120,255,0,164553,PN148,PSP,4R,PSP_4R,7,DIV7,7,PN148_4R_PSP_DIV7,PN148_4R_PSP_DIV7,PN148_PSP_4R_DIV07,parsed,PN148,4R,PSP,DIV7,PN148_PSP_4R_DIV07,none,none,none,none,not_applicable,normalized_thumbnail_ncc_threshold_0.995,none,unassigned
sted_fiber_data,PN148_4R_PSP_DIV7 (Series 8) [1].tif,fiber_image,850212ccff04649fcbcfda477d4bce6fa8ae2f6ef11d6fa3594a9d0e6400ba60,1d3939dba4f55e499183482d2fca9186844af2e5de4c307d34f5dbd2a6df3709,img_27daf92188422f916c24,1024,1024,1,1,uint8,8,0,255,26.8147,36.5801,0,0,0,1,4,9,39,99,178,253,255,255,963,45143,PN148,PSP,4R,PSP_4R,7,DIV7,8,PN148_4R_PSP_DIV7,PN148_4R_PSP_DIV7,PN148_PSP_4R_DIV07,parsed,PN148,4R,PSP,DIV7,PN148_PSP_4R_DIV07,none,none,none,none,not_applicable,normalized_thumbnail_ncc_threshold_0.995,saturation,unassigned
sted_fiber_data,PN148_4R_PSP_DIV7 (Series 9) [1].tif,fiber_image,fbcda4967c63a3ae3a2aa6fe4415520455c26e34b8990197031b60668fa8ebc7,ee8a69ab349891d33091bfddfdc7fef39ba10db4a971836468544dec58bf2233,img_e70d301145395c2d620c,1024,1024,1,1,uint8,8,0,165,7.54181,10.8142,0,0,0,0,1,4,8,31,54,84,165,255,0,127759,PN148,PSP,4R,PSP_4R,7,DIV7,9,PN148_4R_PSP_DIV7,PN148_4R_PSP_DIV7,PN148_PSP_4R_DIV07,parsed,PN148,4R,PSP,DIV7,PN148_PSP_4R_DIV07,none,none,none,none,not_applicable,normalized_thumbnail_ncc_threshold_0.995,none,unassigned
sted_fiber_data,PN151_4R_CBD_DIV03 (Series 0) [1].tif,fiber_image,38716a343bde845a5a2eb0ccad30832fe6cb1bde8f336df743352a9b7f6ff7c8,04249dcd99f70c50505dfa2dfc367a69f7c63c2712e423971b1a61299d0ac2e6,img_14583ac498eee7232184,1024,1024,1,1,uint8,8,0,255,32.735,32.4859,0,0,0,1,13,23,39,101,167,217,255,255,50,26469,PN151,CBD,4R,CBD_4R,3,DIV03,0,PN151_4R_CBD_DIV03,PN151_4R_CBD_DIV03,PN151_CBD_4R_DIV03,parsed,PN151,4R,CBD,DIV03,PN151_CBD_4R_DIV03,none,none,none,none,not_applicable,normalized_thumbnail_ncc_threshold_0.995,saturation,unassigned
sted_fiber_data,PN151_4R_CBD_DIV03 (Series 1) [1].tif,fiber_image,27c7894921206ca3e648993ffd290f8d2fb1f9ce3c50e6c9425eea1e570549d7,c987e126aa9c90d84332f5846de05dbe827177d54c9fe6cfbf30eabae5cc26f3,img_4a5e193415a8c44da999,1024,1024,1,1,uint8,8,0,157,8.01994,7.34671,0,0,0,0,3,6,11,21,34,54,157,255,0,90235,PN151,CBD,4R,CBD_4R,3,DIV03,1,PN151_4R_CBD_DIV03,PN151_4R_CBD_DIV03,PN151_CBD_4R_DIV03,parsed,PN151,4R,CBD,DIV03,PN151_CBD_4R_DIV03,none,none,none,none,not_applicable,normalized_thumbnail_ncc_threshold_0.995,none,unassigned
sted_fiber_data,PN151_4R_CBD_DIV03 (Series 10) [1].tif,fiber_image,9ef3c36dc413dcbac32d7fdbcb05ce92fdc5da9095ea982b392a81b9abb25a8c,dc2791ea572d23a9ed6e18742004a76962c27e1cffd211bfc01a51813b646b3d,img_2d15bd2e05fb6ccaa47a,1024,1024,1,1,uint8,8,0,217,10.504,13.1908,0,0,0,0,3,6,13,36,62,112,217,255,0,126256,PN151,CBD,4R,CBD_4R,3,DIV03,10,PN151_4R_CBD_DIV03,PN151_4R_CBD_DIV03,PN151_CBD_4R_DIV03,parsed,PN151,4R,CBD,DIV03,PN151_CBD_4R_DIV03,none,none,none,none,not_applicable,normalized_thumbnail_ncc_threshold_0.995,none,unassigned
sted_fiber_data,PN151_4R_CBD_DIV03 (Series 11) [1].tif,fiber_image,3031a1e3713f56231ae1b78469ef5f04b149e30a31bcd00c2d3d2d878adb6f71,24969cf31c404683180de08a4afc0259a24c5601814aa6126ac4290b6f958f77,img_7a9e0f19ab9d88534865,1024,1024,1,1,uint8,8,0,154,9.38705,10.6439,0,0,0,0,3,6,13,31,49,84,154,255,0,70210,PN151,CBD,4R,CBD_4R,3,DIV03,11,PN151_4R_CBD_DIV03,PN151_4R_CBD_DIV03,PN151_CBD_4R_DIV03,parsed,PN151,4R,CBD,DIV03,PN151_CBD_4R_DIV03,none,none,none,none,not_applicable,normalized_thumbnail_ncc_threshold_0.995,none,unassigned
sted_fiber_data,PN151_4R_CBD_DIV03 (Series 12) [1].tif,fiber_image,38e5d8a766c153fe037d5b7d15bc1acef96f2c7fd104699f7edb5afb6d1d8e8f,14ab59561a669173bc30d5791dd9b8af41b16c19724daa237adf17d721f5d7c0,img_0921ee06a91108889d2a,1024,1024,1,1,uint8,8,0,157,8.18555,12.1532,0,0,0,0,1,4,9,31,61,97,157,255,0,166577,PN151,CBD,4R,CBD_4R,3,DIV03,12,PN151_4R_CBD_DIV03,PN151_4R_CBD_DIV03,PN151_CBD_4R_DIV03,parsed,PN151,4R,CBD,DIV03,PN151_CBD_4R_DIV03,none,none,none,none,not_applicable,normalized_thumbnail_ncc_threshold_0.995,elongated_high_intensity_component,unassigned
sted_fiber_data,PN151_4R_CBD_DIV03 (Series 13) [1].tif,fiber_image,5ee54b5e29e10aa36968f2ba38fdaf4f4f33480260cc6246c2d52952587e7731,1dda080d7ca9f4eb1cb2c032259956ea1b2f0e95ccb8ba493267cc41bee387dd,img_ccdc55c72562dd2bb801,1024,1024,1,1,uint8,8,0,182,7.41472,10.0381,0,0,0,0,1,3,9,29,46,71,182,255,0,142806,PN151,CBD,4R,CBD_4R,3,DIV03,13,PN151_4R_CBD_DIV03,PN151_4R_CBD_DIV03,PN151_CBD_4R_DIV03,parsed,PN151,4R,CBD,DIV03,PN151_CBD_4R_DIV03,none,none,none,none,not_applicable,normalized_thumbnail_ncc_threshold_0.995,none,unassigned
sted_fiber_data,PN151_4R_CBD_DIV03 (Series 14) [1].tif,fiber_image,ff03c3e1040b72e7a09ef6f1c4f27b2e5547f4bb6d2b51da3d2a2e1ad58d44dd,b4e3d612f98788e89e3910c4a83ff1f69b59b68987607de2c3f5e0f2a402dc1c,img_8f41801053cefd69b145,1024,1024,1,1,uint8,8,0,102,5.46788,6.00404,0,0,0,0,1,3,8,18,26,41,102,255,0,164830,PN151,CBD,4R,CBD_4R,3,DIV03,14,PN151_4R_CBD_DIV03,PN151_4R_CBD_DIV03,PN151_CBD_4R_DIV03,parsed,PN151,4R,CBD,DIV03,PN151_CBD_4R_DIV03,none,none,none,none,not_applicable,normalized_thumbnail_ncc_threshold_0.995,none,unassigned
sted_fiber_data,PN151_4R_CBD_DIV03 (Series 15) [1].tif,fiber_image,e754fc180e5d63b519ba925f1b8a9a968803f9f62406f271a6d4c1d9d91afdc8,4496ddac0d2a3dd352a57a02ec7bc381986155d849d9a71c31a80fc524242815,img_79f6e7a22ea08671980b,1024,1024,1,1,uint8,8,0,237,18.0696,22.5121,0,0,0,0,4,11,23,62,117,164,237,255,0,60643,PN151,CBD,4R,CBD_4R,3,DIV03,15,PN151_4R_CBD_DIV03,PN151_4R_CBD_DIV03,PN151_CBD_4R_DIV03,parsed,PN151,4R,CBD,DIV03,PN151_CBD_4R_DIV03,none,none,none,none,not_applicable,normalized_thumbnail_ncc_threshold_0.995,none,unassigned
sted_fiber_data,PN151_4R_CBD_DIV03 (Series 2) [1].tif,fiber_image,fe296912caa7d61cb186b16157aa5f716528ef7a7438b7239676e2c580a913f1,e6221b3d9975ce4b8873f6278d1eb8c3b285646c5326bfc7b27cbd262ee27a94,img_516acb317f0c033fb341,1024,1024,1,1,uint8,8,0,159,6.76427,7.75794,0,0,0,0,1,4,9,21,36,62,159,255,0,187676,PN151,CBD,4R,CBD_4R,3,DIV03,2,PN151_4R_CBD_DIV03,PN151_4R_CBD_DIV03,PN151_CBD_4R_DIV03,parsed,PN151,4R,CBD,DIV03,PN151_CBD_4R_DIV03,none,none,none,none,not_applicable,normalized_thumbnail_ncc_threshold_0.995,elongated_high_intensity_component,unassigned
sted_fiber_data,PN151_4R_CBD_DIV03 (Series 3) [1].tif,fiber_image,5d7106586c5e591fbb06aa76a3c49f5cc829f10a17017f51f9dad09bc1b15e12,857641943d4a64ceaa5bd6fbefaf19713191427cdcb5d974674efbf2a43ddd06,img_1afc527a382565e76787,1024,1024,1,1,uint8,8,0,235,12.8332,12.8121,0,0,0,0,1,11,19,34,57,97,235,255,0,200623,PN151,CBD,4R,CBD_4R,3,DIV03,3,PN151_4R_CBD_DIV03,PN151_4R_CBD_DIV03,PN151_CBD_4R_DIV03,parsed,PN151,4R,CBD,DIV03,PN151_CBD_4R_DIV03,none,none,none,none,not_applicable,normalized_thumbnail_ncc_threshold_0.995,none,unassigned
sted_fiber_data,PN151_4R_CBD_DIV03 (Series 4) [1].tif,fiber_image,899390b61b1e8979623fae15556ade73f0d130d8bdfe396d63f9c3020d3615d7,c62179e90f11a8215348e4f2e760dfc3aa9fc64bd7ae6af4d72380de6c0a303c,img_4d9747534003945baf70,1024,1024,1,1,uint8,8,0,180,11.5069,13.0068,0,0,0,0,3,8,14,36,64,106,180,255,0,87471,PN151,CBD,4R,CBD_4R,3,DIV03,4,PN151_4R_CBD_DIV03,PN151_4R_CBD_DIV03,PN151_CBD_4R_DIV03,parsed,PN151,4R,CBD,DIV03,PN151_CBD_4R_DIV03,none,none,none,none,not_applicable,normalized_thumbnail_ncc_threshold_0.995,none,unassigned
sted_fiber_data,PN151_4R_CBD_DIV03 (Series 5) [1].tif,fiber_image,16353be3775d250a148f58073f8b43eb5a71ef960c93ff98e5c3b75bf1b23feb,098df7ac8da129fcc9b84e9212edfbd822a38a8099c91ed42c4aefc8ecca2e6b,img_b7842ce241cf56525577,1024,1024,1,1,uint8,8,0,229,16.5625,17.5159,0,0,0,0,4,13,23,46,90,147,229,255,0,58100,PN151,CBD,4R,CBD_4R,3,DIV03,5,PN151_4R_CBD_DIV03,PN151_4R_CBD_DIV03,PN151_CBD_4R_DIV03,parsed,PN151,4R,CBD,DIV03,PN151_CBD_4R_DIV03,none,none,none,none,not_applicable,normalized_thumbnail_ncc_threshold_0.995,elongated_high_intensity_component,unassigned
sted_fiber_data,PN151_4R_CBD_DIV03 (Series 6) [1].tif,fiber_image,91682a2cd14f9f9f05c306056a0f3ad3aa2f3fdec36db9bd42b2a9b17bebcca8,da9253708c31228d079a165a216b2c254a61e5c30811983b346e9525a35371a7,img_f943e14d4637576436b9,1024,1024,1,1,uint8,8,0,184,8.01844,8.36995,0,0,0,0,3,6,11,23,37,66,184,255,0,82804,PN151,CBD,4R,CBD_4R,3,DIV03,6,PN151_4R_CBD_DIV03,PN151_4R_CBD_DIV03,PN151_CBD_4R_DIV03,parsed,PN151,4R,CBD,DIV03,PN151_CBD_4R_DIV03,none,none,none,none,not_applicable,normalized_thumbnail_ncc_threshold_0.995,elongated_high_intensity_component,unassigned
sted_fiber_data,PN151_4R_CBD_DIV03 (Series 7) [1].tif,fiber_image,98224baa2b3d3da2221ea6f37317a7467953ddce370294a2c90536f9befe4601,999a590410bbd8819b830a2f82b8c93c1624add7d6ed7b75554d421fc7b56535,img_30060f4eb60437a3eeb7,1024,1024,1,1,uint8,8,0,220,15.1117,15.6272,0,0,0,0,4,11,21,44,75,124,220,255,0,61218,PN151,CBD,4R,CBD_4R,3,DIV03,7,PN151_4R_CBD_DIV03,PN151_4R_CBD_DIV03,PN151_CBD_4R_DIV03,parsed,PN151,4R,CBD,DIV03,PN151_CBD_4R_DIV03,none,none,none,none,not_applicable,normalized_thumbnail_ncc_threshold_0.995,elongated_high_intensity_component,unassigned
sted_fiber_data,PN151_4R_CBD_DIV03 (Series 8) [1].tif,fiber_image,0d005b35028fb58531bb8d3cb1790dd4e58063327bf259fffe738de3790ccd13,4febec0765e536e61285423be48b15c6c11bfc80be3577ccddd49e9a9ce4a606,img_fe6f90981eb3d0ab4927,1024,1024,1,1,uint8,8,0,195,9.17276,13.0722,0,0,0,0,1,6,13,31,66,122,195,255,0,185953,PN151,CBD,4R,CBD_4R,3,DIV03,8,PN151_4R_CBD_DIV03,PN151_4R_CBD_DIV03,PN151_CBD_4R_DIV03,parsed,PN151,4R,CBD,DIV03,PN151_CBD_4R_DIV03,none,none,none,none,not_applicable,normalized_thumbnail_ncc_threshold_0.995,elongated_high_intensity_component,unassigned
sted_fiber_data,PN151_4R_CBD_DIV03 (Series 9) [1].tif,fiber_image,e476c9256035b10decc8fe4827f92dfedb5924d02c326b52d2329f5af8df8a39,6cf025c50e87eefdb95aad850aafc8ee5331af0c05ddf2cdaa276b47e672f1b2,img_bb0aee7290e8cef34b75,1024,1024,1,1,uint8,8,0,255,20.7495,26.0809,0,0,0,0,3,11,28,74,129,170,255,255,3,69250,PN151,CBD,4R,CBD_4R,3,DIV03,9,PN151_4R_CBD_DIV03,PN151_4R_CBD_DIV03,PN151_CBD_4R_DIV03,parsed,PN151,4R,CBD,DIV03,PN151_CBD_4R_DIV03,none,none,none,none,not_applicable,normalized_thumbnail_ncc_threshold_0.995,saturation,unassigned
sted_fiber_data,PN151_4R_CBD_DIV05 (Series 0) [1].tif,fiber_image,761e05adbc508f3fda5a7afad28ca4b0301adde3fb43ef66ee10239efc06478c,4b77a320b35708578692a59697f06b368eb9c94f1d24a6fdaa67b51d3bc43ef2,img_69ac918c99f95213e374,1024,1024,1,1,uint8,8,0,117,5.80579,6.95246,0,0,0,0,1,3,9,19,29,56,117,255,0,203344,PN151,CBD,4R,CBD_4R,5,DIV05,0,PN151_4R_CBD_DIV05,PN151_4R_CBD_DIV05,PN151_CBD_4R_DIV05,parsed,PN151,4R,CBD,DIV05,PN151_CBD_4R_DIV05,none,none,none,none,not_applicable,normalized_thumbnail_ncc_threshold_0.995,none,unassigned
sted_fiber_data,PN151_4R_CBD_DIV05 (Series 1) [1].tif,fiber_image,e94b6b2600a93a8bdee79cbde70826f7ee5541f9daa6360b755565530e6c765d,69cafa8d6723875d97f5ee2219588065c1589ac2002951acc65caaf07f07167a,img_02028f1e0cef6a43dee1,1024,1024,1,1,uint8,8,0,112,5.75284,5.85274,0,0,0,0,1,4,8,16,26,49,112,255,0,128453,PN151,CBD,4R,CBD_4R,5,DIV05,1,PN151_4R_CBD_DIV05,PN151_4R_CBD_DIV05,PN151_CBD_4R_DIV05,parsed,PN151,4R,CBD,DIV05,PN151_CBD_4R_DIV05,none,none,none,none,not_applicable,normalized_thumbnail_ncc_threshold_0.995,elongated_high_intensity_component,unassigned
sted_fiber_data,PN151_4R_CBD_DIV05 (Series 10) [1].tif,fiber_image,a4790f5c3f27364a799ed17156af2a938e818245a37c3159362f7f87a71d51d6,5b69854404544e425e3097ae26ef3fb15e9f1753314b409e6dc8848c3afdd348,img_11dc485fd91ba59fba09,1024,1024,1,1,uint8,8,0,109,4.66206,6.22936,0,0,0,0,1,3,6,16,29,51.425,109,255,0,201833,PN151,CBD,4R,CBD_4R,5,DIV05,10,PN151_4R_CBD_DIV05,PN151_4R_CBD_DIV05,PN151_CBD_4R_DIV05,parsed,PN151,4R,CBD,DIV05,PN151_CBD_4R_DIV05,none,none,none,none,not_applicable,normalized_thumbnail_ncc_threshold_0.995,none,unassigned
sted_fiber_data,PN151_4R_CBD_DIV05 (Series 11) [1].tif,fiber_image,168c2ee458ea99a41919a692cb8abc4946b3d4cee440721024ceeb22311792db,83ba4755f4ebdde093a3769a99c05706540f45418e4e23337413ad62b6c20a91,img_2daefea3e523d417a3ed,1024,1024,1,1,uint8,8,0,62,3.40684,3.58465,0,0,0,0,1,3,4,9,16,27,62,255,0,190688,PN151,CBD,4R,CBD_4R,5,DIV05,11,PN151_4R_CBD_DIV05,PN151_4R_CBD_DIV05,PN151_CBD_4R_DIV05,parsed,PN151,4R,CBD,DIV05,PN151_CBD_4R_DIV05,none,none,none,none,not_applicable,normalized_thumbnail_ncc_threshold_0.995,none,unassigned
sted_fiber_data,PN151_4R_CBD_DIV05 (Series 12) [1].tif,fiber_image,275a3c6ecd6d0e23b2689dff0cd5d74af46b2b26ac259f23eb50c7b0e3596e08,d339a1f08ad777983e793446a7d78e99c9a66b8663c03b29acab185110509d00,img_dbc03c8686e895b07076,1024,1024,1,1,uint8,8,0,152,7.02274,8.63945,0,0,0,0,1,4,9,24,42,69,152,255,0,104489,PN151,CBD,4R,CBD_4R,5,DIV05,12,PN151_4R_CBD_DIV05,PN151_4R_CBD_DIV05,PN151_CBD_4R_DIV05,parsed,PN151,4R,CBD,DIV05,PN151_CBD_4R_DIV05,none,none,none,none,not_applicable,normalized_thumbnail_ncc_threshold_0.995,elongated_high_intensity_component,unassigned
sted_fiber_data,PN151_4R_CBD_DIV05 (Series 13) [1].tif,fiber_image,6037b39d233536c654d1a1aab6535ddd3bd37c697bfdbdb83a4c5fcee9e10ed1,b43b1aa4de85b00faa0ca39aee3d3046f3565959d5866773707c5bd12a53acee,img_7eeea383a50706abee35,1024,1024,1,1,uint8,8,0,119,4.35172,5.72003,0,0,0,0,1,3,6,14,29,52,119,255,0,187487,PN151,CBD,4R,CBD_4R,5,DIV05,13,PN151_4R_CBD_DIV05,PN151_4R_CBD_DIV05,PN151_CBD_4R_DIV05,parsed,PN151,4R,CBD,DIV05,PN151_CBD_4R_DIV05,none,none,none,none,not_applicable,normalized_thumbnail_ncc_threshold_0.995,none,unassigned
sted_fiber_data,PN151_4R_CBD_DIV05 (Series 14) [1].tif,fiber_image,2e74c925dfdefdf0121557f1cae191d123792c39e8c9bf40a94b1db2c87e00d3,56201567c9f2a36664f6a4bb16e3376e2b2b1dbf6f3c35cece3e60b371aff56f,img_05e6f7311f033a6b27ae,1024,1024,1,1,uint8,8,0,82,3.74557,3.82597,0,0,0,0,1,3,6,11,16,31,82,255,0,186241,PN151,CBD,4R,CBD_4R,5,DIV05,14,PN151_4R_CBD_DIV05,PN151_4R_CBD_DIV05,PN151_CBD_4R_DIV05,parsed,PN151,4R,CBD,DIV05,PN151_CBD_4R_DIV05,none,none,none,none,not_applicable,normalized_thumbnail_ncc_threshold_0.995,elongated_high_intensity_component,unassigned
sted_fiber_data,PN151_4R_CBD_DIV05 (Series 15) [1].tif,fiber_image,9facffee85a211f704fb11b91b509d236fd87e4918b53733df4cd69fd8a17e44,ab0a7dfd3fa6b98f97bff818cd4073de009eed4b74d3eb75b796a35a7daa9f56,img_6f74505ed1336fe0eb30,1024,1024,1,1,uint8,8,0,122,6.04151,7.462,0,0,0,0,1,4,8,19,37,62,122,255,0,144793,PN151,CBD,4R,CBD_4R,5,DIV05,15,PN151_4R_CBD_DIV05,PN151_4R_CBD_DIV05,PN151_CBD_4R_DIV05,parsed,PN151,4R,CBD,DIV05,PN151_CBD_4R_DIV05,none,none,none,none,not_applicable,normalized_thumbnail_ncc_threshold_0.995,elongated_high_intensity_component,unassigned
sted_fiber_data,PN151_4R_CBD_DIV05 (Series 2) [1].tif,fiber_image,eb8177287068f72487e2fc266cec23da760075c2c37c18a5c9bef9b967f2b3b6,d93ef690bcd0e7581b432e272fa818a3e3e5354cf60d7a9aef901926eb132256,img_bafd7948305131dea21a,1024,1024,1,1,uint8,8,0,124,6.24566,6.31688,0,0,0,0,1,4,9,18,29,49,124,255,0,107518,PN151,CBD,4R,CBD_4R,5,DIV05,2,PN151_4R_CBD_DIV05,PN151_4R_CBD_DIV05,PN151_CBD_4R_DIV05,parsed,PN151,4R,CBD,DIV05,PN151_CBD_4R_DIV05,none,none,none,none,not_applicable,normalized_thumbnail_ncc_threshold_0.995,elongated_high_intensity_component,unassigned
sted_fiber_data,PN151_4R_CBD_DIV05 (Series 3) [1].tif,fiber_image,a8369fc854608c8b5e050e014cd87941cddd7ab8fad7383529b2efbae3464bc8,d551cb243437f45c95fef4b403fbe0f84badaf15d485199cc2b235554040ca5f,img_72c8707007fc26224839,1024,1024,1,1,uint8,8,0,162,7.33209,8.76579,0,0,0,0,3,4,9,23,46,74,162,255,0,86393,PN151,CBD,4R,CBD_4R,5,DIV05,3,PN151_4R_CBD_DIV05,PN151_4R_CBD_DIV05,PN151_CBD_4R_DIV05,parsed,PN151,4R,CBD,DIV05,PN151_CBD_4R_DIV05,none,none,none,none,not_applicable,normalized_thumbnail_ncc_threshold_0.995,elongated_high_intensity_component,unassigned
sted_fiber_data,PN151_4R_CBD_DIV05 (Series 4) [1].tif,fiber_image,a528d541be1ef15bc84811037ca8f52d395ab9759b8aef0d973aba3ca7d37d37,ea60c7c0b9f008433b0e2923ebfd94167433e0f8fd92614f87d5e6bf9fd621e0,img_4d4cd80ed7f82ed6a795,1024,1024,1,1,uint8,8,0,107,5.49094,6.2274,0,0,0,0,1,4,8,18,29,47,107,255,0,152827,PN151,CBD,4R,CBD_4R,5,DIV05,4,PN151_4R_CBD_DIV05,PN151_4R_CBD_DIV05,PN151_CBD_4R_DIV05,parsed,PN151,4R,CBD,DIV05,PN151_CBD_4R_DIV05,none,none,none,none,not_applicable,normalized_thumbnail_ncc_threshold_0.995,none,unassigned
sted_fiber_data,PN151_4R_CBD_DIV05 (Series 5) [1].tif,fiber_image,dbb85c46de5d53134c0cead46158f7d337bfb5e5f4c109f472ed1f74009da7b2,2c47d6c458476ff3505f43338fd93c96648f8fdc777049a13b810b9040e67bf6,img_eb0ecbe17858b2cc217e,1024,1024,1,1,uint8,8,0,79,3.41241,3.64447,0,0,0,0,1,3,4,9,16,29,79,255,0,200209,PN151,CBD,4R,CBD_4R,5,DIV05,5,PN151_4R_CBD_DIV05,PN151_4R_CBD_DIV05,PN151_CBD_4R_DIV05,parsed,PN151,4R,CBD,DIV05,PN151_CBD_4R_DIV05,none,none,none,none,not_applicable,normalized_thumbnail_ncc_threshold_0.995,none,unassigned
sted_fiber_data,PN151_4R_CBD_DIV05 (Series 6) [1].tif,fiber_image,71c1a827eb6827ec78cbab27187a3c64395209feb4143f001bff0de405847715,8ccf1bb42f26c278bd2a77cb3ef4aa5960ba935d5b98bc5adbb255b6bf81f9fd,img_f9d17b7d13f4bd06b96e,1024,1024,1,1,uint8,8,0,130,4.51178,5.61656,0,0,0,0,1,3,6,14,26,49,130,255,0,180212,PN151,CBD,4R,CBD_4R,5,DIV05,6,PN151_4R_CBD_DIV05,PN151_4R_CBD_DIV05,PN151_CBD_4R_DIV05,parsed,PN151,4R,CBD,DIV05,PN151_CBD_4R_DIV05,none,none,none,none,not_applicable,normalized_thumbnail_ncc_threshold_0.995,none,unassigned
sted_fiber_data,PN151_4R_CBD_DIV05 (Series 7) [1].tif,fiber_image,93db3d450ffbab061a766ddd11cc3bf3eed8a1a2b3b5d71ed2f03a518feffa84,2f4e0a3f8a78012e375412d086c72e3e1d30180146ecc305fc37cbd319a76e22,img_c270a570caf0fd3d5a44,1024,1024,1,1,uint8,8,0,87,4.04037,4.41979,0,0,0,0,1,3,6,13,21,34,87,255,0,177460,PN151,CBD,4R,CBD_4R,5,DIV05,7,PN151_4R_CBD_DIV05,PN151_4R_CBD_DIV05,PN151_CBD_4R_DIV05,parsed,PN151,4R,CBD,DIV05,PN151_CBD_4R_DIV05,none,none,none,none,not_applicable,normalized_thumbnail_ncc_threshold_0.995,none,unassigned
sted_fiber_data,PN151_4R_CBD_DIV05 (Series 8) [1].tif,fiber_image,2cda95f1922222fd7d780c02907574125afd7365e97d60823c452210b342807e,c610191db995cb38311f10594e5a6649cff60c6b86d687940152467397c4caf8,img_bf01e1f9f39919cbea69,1024,1024,1,1,uint8,8,0,222,13.7386,20.1216,0,0,0,0,3,6,16,52,105,153,222,255,0,100131,PN151,CBD,4R,CBD_4R,5,DIV05,8,PN151_4R_CBD_DIV05,PN151_4R_CBD_DIV05,PN151_CBD_4R_DIV05,parsed,PN151,4R,CBD,DIV05,PN151_CBD_4R_DIV05,none,none,none,none,not_applicable,normalized_thumbnail_ncc_threshold_0.995,none,unassigned
sted_fiber_data,PN151_4R_CBD_DIV05 (Series 9) [1].tif,fiber_image,6ee3807336f88236267caa7b0f559c429aece3abf0236bd39c9a38b54d0134b7,e760dbf05a838d7b74036cf5bb94a9cdd33ae6621e6198e229b0c2acf77c9ec3,img_653612a84fd4eed29358,1024,1024,1,1,uint8,8,0,255,4.39121,6.85602,0,0,0,0,1,3,6,13,21,90,255,255,41,203261,PN151,CBD,4R,CBD_4R,5,DIV05,9,PN151_4R_CBD_DIV05,PN151_4R_CBD_DIV05,PN151_CBD_4R_DIV05,parsed,PN151,4R,CBD,DIV05,PN151_CBD_4R_DIV05,none,none,none,none,not_applicable,normalized_thumbnail_ncc_threshold_0.995,saturation,unassigned
sted_fiber_data,PN151_4R_CBD_DIV07 (Series 0) [1].tif,fiber_image,30071ac5987fc1ef57ddb7f6cdf67cabde3375c7aa2221c42204eb21f9b459d7,ac28a8178d3da49636a1aaa4f3589e6dd74ac3cfbf10d1751cbcc2b27f7d9b38,img_772f4a0a8bed7219d61f,1024,1024,1,1,uint8,8,0,54,2.82136,3.15918,0,0,0,0,0,1,4,9,13,21,54,255,0,287392,PN151,CBD,4R,CBD_4R,7,DIV07,0,PN151_4R_CBD_DIV07,PN151_4R_CBD_DIV07,PN151_CBD_4R_DIV07,parsed,PN151,4R,CBD,DIV07,PN151_CBD_4R_DIV07,none,none,none,none,not_applicable,normalized_thumbnail_ncc_threshold_0.995,none,unassigned
sted_fiber_data,PN151_4R_CBD_DIV07 (Series 1) [1].tif,fiber_image,01b300de6056840a4028d79b17a310897d51efa31a91acdec7a087d2f0c5ab72,cd67ee88320bc124af600263ab196048be6e996ef7afd89763dfd87c12526ca0,img_6d2667e32d15de3ff886,1024,1024,1,1,uint8,8,0,54,3.57848,3.73708,0,0,0,0,1,3,6,11,16,24,54,255,0,193863,PN151,CBD,4R,CBD_4R,7,DIV07,1,PN151_4R_CBD_DIV07,PN151_4R_CBD_DIV07,PN151_CBD_4R_DIV07,parsed,PN151,4R,CBD,DIV07,PN151_CBD_4R_DIV07,none,none,none,none,not_applicable,normalized_thumbnail_ncc_threshold_0.995,none,unassigned
sted_fiber_data,PN151_4R_CBD_DIV07 (Series 10) [1].tif,fiber_image,ab5c19bf8c3e8648f2bd12feba095c70496b0e82f52f0e20366e195c2b565cdb,f43c5c82c41be5dc0daa7846406953fb01cf87f1ef556d1f2243ed28e33bb435,img_ed54acefd69811af3eba,1024,1024,1,1,uint8,8,0,64,2.00988,3.27638,0,0,0,0,0,1,3,9,14,22,64,255,0,466157,PN151,CBD,4R,CBD_4R,7,DIV07,10,PN151_4R_CBD_DIV07,PN151_4R_CBD_DIV07,PN151_CBD_4R_DIV07,parsed,PN151,4R,CBD,DIV07,PN151_CBD_4R_DIV07,none,none,none,none,not_applicable,normalized_thumbnail_ncc_threshold_0.995,none,unassigned
sted_fiber_data,PN151_4R_CBD_DIV07 (Series 11) [1].tif,fiber_image,1b23742cbe81cc67b0d2cd318e8069f4934b9a93c1972d74b086ff0e481da0b9,d60cd673457d95472ed7738dadadb694bb9f184a6577f4a0fc78cd02e467eeac,img_ebefa805ae40b77d32b5,1024,1024,1,1,uint8,8,0,67,3.78415,4.23078,0,0,0,0,1,3,6,13,18,26,67,255,0,257883,PN151,CBD,4R,CBD_4R,7,DIV07,11,PN151_4R_CBD_DIV07,PN151_4R_CBD_DIV07,PN151_CBD_4R_DIV07,parsed,PN151,4R,CBD,DIV07,PN151_CBD_4R_DIV07,none,none,none,none,not_applicable,normalized_thumbnail_ncc_threshold_0.995,none,unassigned
sted_fiber_data,PN151_4R_CBD_DIV07 (Series 12) [1].tif,fiber_image,35443abbd7835fc3837784df53b4f77240c3c0fac5864fecaee7a35ac47ef196,c181b884232ac6ed57392c92ae914e43043c2723275bf9f994f44e80765a224f,img_526d5ed4e77d6656aa5b,1024,1024,1,1,uint8,8,0,46,7.24566,5.47652,0,0,0,0,3,6,11,18,23,29,46,255,0,76501,PN151,CBD,4R,CBD_4R,7,DIV07,12,PN151_4R_CBD_DIV07,PN151_4R_CBD_DIV07,PN151_CBD_4R_DIV07,parsed,PN151,4R,CBD,DIV07,PN151_CBD_4R_DIV07,none,none,none,none,not_applicable,normalized_thumbnail_ncc_threshold_0.995,none,unassigned
sted_fiber_data,PN151_4R_CBD_DIV07 (Series 13) [1].tif,fiber_image,50b2363c43bdde246108f48870d27d990b72ca305b793d843aa2db4f3f00525b,b0e17f249c43bc395ce53d65590da65f256c6eac6a63af2557bd0f2322f6dd8c,img_0f0d633b746ef9362de1,1024,1024,1,1,uint8,8,0,99,4.46692,4.09435,0,0,0,0,1,4,6,13,18,29,99,255,0,128617,PN151,CBD,4R,CBD_4R,7,DIV07,13,PN151_4R_CBD_DIV07,PN151_4R_CBD_DIV07,PN151_CBD_4R_DIV07,parsed,PN151,4R,CBD,DIV07,PN151_CBD_4R_DIV07,none,none,none,none,not_applicable,normalized_thumbnail_ncc_threshold_0.995,none,unassigned
sted_fiber_data,PN151_4R_CBD_DIV07 (Series 14) [1].tif,fiber_image,965fa76ce2ee10c15aba7d12333ad5b47f6b8ca8cafc67318393a551fabf2cf3,c29944c0b9c234536a79a834e277ce871904bb2f47fd061d5634d76eca3a6e34,img_b64a0af505bed785ed09,1024,1024,1,1,uint8,8,0,127,3.55351,3.79256,0,0,0,0,1,3,6,11,16,24,127,255,0,207422,PN151,CBD,4R,CBD_4R,7,DIV07,14,PN151_4R_CBD_DIV07,PN151_4R_CBD_DIV07,PN151_CBD_4R_DIV07,parsed,PN151,4R,CBD,DIV07,PN151_CBD_4R_DIV07,none,none,none,none,not_applicable,normalized_thumbnail_ncc_threshold_0.995,none,unassigned
sted_fiber_data,PN151_4R_CBD_DIV07 (Series 2) [1].tif,fiber_image,69cb3b3c4bd686c7e9c01f304a8b0107fc16865716cc8072400b2c5b4ee015d6,4dc3c456e2463dd755f0a8e1b4b8d8f1183ee01d9fb29b5340794a5cb9d9b91a,img_eb3c696e2b01a9dfde64,1024,1024,1,1,uint8,8,0,110,3.70815,3.51551,0,0,0,0,1,3,6,11,14,22,110,255,0,162113,PN151,CBD,4R,CBD_4R,7,DIV07,2,PN151_4R_CBD_DIV07,PN151_4R_CBD_DIV07,PN151_CBD_4R_DIV07,parsed,PN151,4R,CBD,DIV07,PN151_CBD_4R_DIV07,none,none,none,none,not_applicable,normalized_thumbnail_ncc_threshold_0.995,none,unassigned
sted_fiber_data,PN151_4R_CBD_DIV07 (Series 3) [1].tif,fiber_image,fe283e97bf6cfae5977889a116603dcae470ae9a78ea2915f551c028f63a2b6d,40102fe9d48093059dfdc6be51a600288d3b15654db3e75774e6faaf3a56d415,img_8f4542f6ef7a492522d8,1024,1024,1,1,uint8,8,0,82,5.90864,4.93758,0,0,0,0,3,4,9,14,21,29,82,255,0,108660,PN151,CBD,4R,CBD_4R,7,DIV07,3,PN151_4R_CBD_DIV07,PN151_4R_CBD_DIV07,PN151_CBD_4R_DIV07,parsed,PN151,4R,CBD,DIV07,PN151_CBD_4R_DIV07,none,none,none,none,not_applicable,normalized_thumbnail_ncc_threshold_0.995,none,unassigned
sted_fiber_data,PN151_4R_CBD_DIV07 (Series 4) [1].tif,fiber_image,6f95f021ea7d473479bfe8069d0fbc68aa8136fff3e8d252f9e6594284f3de15,2d9604f12b30465ea11ec879f18a0c38a655bac324f3043c8d9527c9dd4959ba,img_a0f02ef29d3cbd2baf3a,1024,1024,1,1,uint8,8,0,85,6.91266,5.62217,0,0,0,0,3,6,11,18,23,34,85,255,0,111068,PN151,CBD,4R,CBD_4R,7,DIV07,4,PN151_4R_CBD_DIV07,PN151_4R_CBD_DIV07,PN151_CBD_4R_DIV07,parsed,PN151,4R,CBD,DIV07,PN151_CBD_4R_DIV07,none,none,none,none,not_applicable,normalized_thumbnail_ncc_threshold_0.995,none,unassigned
sted_fiber_data,PN151_4R_CBD_DIV07 (Series 5) [1].tif,fiber_image,fb4124b40aca8548c1514665e15b33c464d348a8b0b14a6f0afc5201f01627c7,70623be98c496e94ffe0e195e99bef9f2ce6d216daf52f5449de54d8a337686c,img_286fa43fd33889cfef93,1024,1024,1,1,uint8,8,0,61,4.02257,3.83921,0,0,0,0,1,3,6,11,16,23,61,255,0,164244,PN151,CBD,4R,CBD_4R,7,DIV07,5,PN151_4R_CBD_DIV07,PN151_4R_CBD_DIV07,PN151_CBD_4R_DIV07,parsed,PN151,4R,CBD,DIV07,PN151_CBD_4R_DIV07,none,none,none,none,not_applicable,normalized_thumbnail_ncc_threshold_0.995,none,unassigned
sted_fiber_data,PN151_4R_CBD_DIV07 (Series 6) [1].tif,fiber_image,4c875dcbcec01e8832cae64fb90f0f1694cc19b131650885846e2ce386affa86,df4cb4137d0006ba1b739f235eef7e4576570b7130a5926b3730c3e04be5828a,img_c5efa2dec14703d8216a,1024,1024,1,1,uint8,8,0,44,3.47904,3.72576,0,0,0,0,1,3,4,11,16,23,44,255,0,215635,PN151,CBD,4R,CBD_4R,7,DIV07,6,PN151_4R_CBD_DIV07,PN151_4R_CBD_DIV07,PN151_CBD_4R_DIV07,parsed,PN151,4R,CBD,DIV07,PN151_CBD_4R_DIV07,none,none,none,none,not_applicable,normalized_thumbnail_ncc_threshold_0.995,none,unassigned
sted_fiber_data,PN151_4R_CBD_DIV07 (Series 7) [1].tif,fiber_image,868cdf674caf7423f04e10ebb13717481838787e2ca030a23e8674f70ba6bb21,5308e0ac11cdc06084884482175e6aeda0753220d5d52cb62b88d005e3aa57c4,img_cea1807d77a5992b33eb,1024,1024,1,1,uint8,8,0,84,4.25891,4.57574,0,0,0,0,1,3,6,13,18,39,84,255,0,219931,PN151,CBD,4R,CBD_4R,7,DIV07,7,PN151_4R_CBD_DIV07,PN151_4R_CBD_DIV07,PN151_CBD_4R_DIV07,parsed,PN151,4R,CBD,DIV07,PN151_CBD_4R_DIV07,none,none,none,none,not_applicable,normalized_thumbnail_ncc_threshold_0.995,none,unassigned
sted_fiber_data,PN151_4R_CBD_DIV07 (Series 8) [1].tif,fiber_image,2e8d4c652ba07e5a97373b9a1d699740a2580746adc25ad785a37b06255fbbdc,81a745802df67b19d299473f186b51cbc8b769d65d58e7e2964c1fc2c4ffc899,img_26e6b7eca5f288ed3216,1024,1024,1,1,uint8,8,0,54,2.93675,2.95817,0,0,0,0,1,3,4,9,13,18,54,255,0,247023,PN151,CBD,4R,CBD_4R,7,DIV07,8,PN151_4R_CBD_DIV07,PN151_4R_CBD_DIV07,PN151_CBD_4R_DIV07,parsed,PN151,4R,CBD,DIV07,PN151_CBD_4R_DIV07,none,none,none,none,not_applicable,normalized_thumbnail_ncc_threshold_0.995,none,unassigned
sted_fiber_data,PN151_4R_CBD_DIV07 (Series 9) [1].tif,fiber_image,a33e8c1a3163a55b24ceb02b43458232a615321618ffd061752d06f341899389,dd420a20c75e66d5d718a62c1b7bc301d21911cba33709b61cd94fc4f4a7b352,img_30f6c5ba53c245d31e9c,1024,1024,1,1,uint8,8,0,84,6.69288,5.52515,0,0,0,0,3,6,9,18,23,32,84,255,0,73500,PN151,CBD,4R,CBD_4R,7,DIV07,9,PN151_4R_CBD_DIV07,PN151_4R_CBD_DIV07,PN151_CBD_4R_DIV07,parsed,PN151,4R,CBD,DIV07,PN151_CBD_4R_DIV07,none,none,none,none,not_applicable,normalized_thumbnail_ncc_threshold_0.995,none,unassigned
sted_fiber_data,PN151_4R_CBD_DIV09 (Series 0) [1].tif,fiber_image,bca94ba3cb3312c52a07601aff9fd23e628e026f70319a0c6d739d7bcc499df0,72e876aacff9f39e41dd80c29330603a93a27341620343399e362cf53e96071b,img_780eaff009879ea55810,1024,1024,1,1,uint8,8,0,47,2.92935,3.47818,0,0,0,0,0,1,4,9,14,21,47,255,0,317597,PN151,CBD,4R,CBD_4R,9,DIV09,0,PN151_4R_CBD_DIV09,PN151_4R_CBD_DIV09,PN151_CBD_4R_DIV09,parsed,PN151,4R,CBD,DIV09,PN151_CBD_4R_DIV09,none,none,none,none,not_applicable,normalized_thumbnail_ncc_threshold_0.995,none,unassigned
sted_fiber_data,PN151_4R_CBD_DIV09 (Series 1) [1].tif,fiber_image,43e75575fda7547c5593221d89e22f520aa3604eb7dbd3b9bb8d447b90fc59ef,694c08f3c22d17fa661fb75b34d67bfe59bdf29ecda7f0c30451f9f497be7a6e,img_1b9f6f59ee032a97549e,1024,1024,1,1,uint8,8,0,61,2.79078,2.76657,0,0,0,0,1,3,4,8,13,19,61,255,0,199311,PN151,CBD,4R,CBD_4R,9,DIV09,1,PN151_4R_CBD_DIV09,PN151_4R_CBD_DIV09,PN151_CBD_4R_DIV09,parsed,PN151,4R,CBD,DIV09,PN151_CBD_4R_DIV09,none,none,none,none,not_applicable,normalized_thumbnail_ncc_threshold_0.995,none,unassigned
sted_fiber_data,PN151_4R_CBD_DIV09 (Series 10) [1].tif,fiber_image,268a9bd0ee8496cc435ad8d44185f43ab57a01d304541a8034b90a30962b5a9b,75a2348391b31c248316c11964e96abb72c4f4075ae7b7a47c5ff7568f9e6c4d,img_9d8b960418fc882f9b59,1024,1024,1,1,uint8,8,0,41,5.24055,3.91152,0,0,0,0,3,4,8,13,17,23,41,255,0,69903,PN151,CBD,4R,CBD_4R,9,DIV09,10,PN151_4R_CBD_DIV09,PN151_4R_CBD_DIV09,PN151_CBD_4R_DIV09,parsed,PN151,4R,CBD,DIV09,PN151_CBD_4R_DIV09,none,none,none,none,not_applicable,normalized_thumbnail_ncc_threshold_0.995,none,unassigned
sted_fiber_data,PN151_4R_CBD_DIV09 (Series 11) [1].tif,fiber_image,1c2ae53da3bf4c6ae6bafd413c0d8dafdc36808233d9097e3d1a10b218063c01,b2ef084fc76c50f26cc7726d4807b7cf744100b6dcdc0ddc852b92f52c13d951,img_13ba14a8c4833a0137f4,1024,1024,1,1,uint8,8,0,69,3.96527,3.67355,0,0,0,0,1,3,6,11,16,21,69,255,0,172923,PN151,CBD,4R,CBD_4R,9,DIV09,11,PN151_4R_CBD_DIV09,PN151_4R_CBD_DIV09,PN151_CBD_4R_DIV09,parsed,PN151,4R,CBD,DIV09,PN151_CBD_4R_DIV09,none,none,none,none,not_applicable,normalized_thumbnail_ncc_threshold_0.995,none,unassigned
sted_fiber_data,PN151_4R_CBD_DIV09 (Series 12) [1].tif,fiber_image,1b4d7267a7ad2b38e3a8dd27f3be8681bf163ef8e4b14aa42b29762c114fa17c,3d5c08b3c19ca4547aa25710f3ce4a4bc98fd990157e35218fd30a59b149d171,img_fb55c38dae74325815d2,1024,1024,1,1,uint8,8,0,72,2.75034,2.99007,0,0,0,0,1,1,4,9,13,18,72,255,0,249583,PN151,CBD,4R,CBD_4R,9,DIV09,12,PN151_4R_CBD_DIV09,PN151_4R_CBD_DIV09,PN151_CBD_4R_DIV09,parsed,PN151,4R,CBD,DIV09,PN151_CBD_4R_DIV09,none,none,none,none,not_applicable,normalized_thumbnail_ncc_threshold_0.995,none,unassigned
sted_fiber_data,PN151_4R_CBD_DIV09 (Series 13) [1].tif,fiber_image,5d400a018e8a4f8053d016660f7eed68176abb88fe3e962016d2edc40d99c6a4,a53766093a20089e3400ab080035380e657804c6dc34dba27676936b55d6c37a,img_5620390cd33446297f54,1024,1024,1,1,uint8,8,0,46,4.43433,3.87465,0,0,0,0,1,4,6,11,16,22,46,255,0,143835,PN151,CBD,4R,CBD_4R,9,DIV09,13,PN151_4R_CBD_DIV09,PN151_4R_CBD_DIV09,PN151_CBD_4R_DIV09,parsed,PN151,4R,CBD,DIV09,PN151_CBD_4R_DIV09,none,none,none,none,not_applicable,normalized_thumbnail_ncc_threshold_0.995,none,unassigned
sted_fiber_data,PN151_4R_CBD_DIV09 (Series 14) [1].tif,fiber_image,a2c8614f16f7e4440321a414772ca7ba91d2a9e58e4c43451a3036eb469e50a2,fb2c66d222a1b351bf2b42879545456c4f6ca1ff80b40fc6396e2436c3e0110b,img_c5db20cee885443f5d8e,1024,1024,1,1,uint8,8,0,85,2.64392,3.28465,0,0,0,0,0,1,4,9,14,21,85,255,0,338662,PN151,CBD,4R,CBD_4R,9,DIV09,14,PN151_4R_CBD_DIV09,PN151_4R_CBD_DIV09,PN151_CBD_4R_DIV09,parsed,PN151,4R,CBD,DIV09,PN151_CBD_4R_DIV09,none,none,none,none,not_applicable,normalized_thumbnail_ncc_threshold_0.995,elongated_high_intensity_component,unassigned
sted_fiber_data,PN151_4R_CBD_DIV09 (Series 2) [1].tif,fiber_image,86c689367ab7a05c39ee47700504de6766fc61bb354499dc7fd49fade0b2e5d8,948172fd261ba8913c22acfedc5c32a17bce0e761aa80b85d74202d75b90f41e,img_45fe5c8eac531dbcb755,1024,1024,1,1,uint8,8,0,57,3.68704,3.23235,0,0,0,0,1,3,6,9,14,19,57,255,0,135217,PN151,CBD,4R,CBD_4R,9,DIV09,2,PN151_4R_CBD_DIV09,PN151_4R_CBD_DIV09,PN151_CBD_4R_DIV09,parsed,PN151,4R,CBD,DIV09,PN151_CBD_4R_DIV09,none,none,none,none,not_applicable,normalized_thumbnail_ncc_threshold_0.995,elongated_high_intensity_component,unassigned
sted_fiber_data,PN151_4R_CBD_DIV09 (Series 3) [1].tif,fiber_image,843811eb83853c8cdd61675f818c89e761ff2b5af675c487addc74da3b8b0393,d62a7e01e7c5e98506906fdc9b6ae435f00d8d92cee03ad5ec3a55445303c258,img_ab90bcf246f4116a1fb2,1024,1024,1,1,uint8,8,0,44,2.99641,2.80202,0,0,0,0,1,3,4,8,13,19,44,255,0,170704,PN151,CBD,4R,CBD_4R,9,DIV09,3,PN151_4R_CBD_DIV09,PN151_4R_CBD_DIV09,PN151_CBD_4R_DIV09,parsed,PN151,4R,CBD,DIV09,PN151_CBD_4R_DIV09,none,none,none,none,not_applicable,normalized_thumbnail_ncc_threshold_0.995,none,unassigned
sted_fiber_data,PN151_4R_CBD_DIV09 (Series 4) [1].tif,fiber_image,c2f3751fbe9dcecdec3c05ef44970f4349dc2856b46bea48263b65ee965fed3b,8e8c659b7a60bdca1c5968fc1c5576babc0a7895089c0d5be9b39905672bf4f7,img_c6699c5380e5f9d1b2b6,1024,1024,1,1,uint8,8,0,67,4.71576,4.37165,0,0,0,0,1,4,8,13,18,26,67,255,0,142530,PN151,CBD,4R,CBD_4R,9,DIV09,4,PN151_4R_CBD_DIV09,PN151_4R_CBD_DIV09,PN151_CBD_4R_DIV09,parsed,PN151,4R,CBD,DIV09,PN151_CBD_4R_DIV09,none,none,none,none,not_applicable,normalized_thumbnail_ncc_threshold_0.995,none,unassigned
sted_fiber_data,PN151_4R_CBD_DIV09 (Series 5) [1].tif,fiber_image,a17539f172efc490a4911f30f25f22aa7f6fcdbc4bd42e417aed4a2322c8fe15,769633059c99ab19894f14f6f7a558b2fd2a0aedd677c1b874c442fcbd5c9a07,img_4ee99aa5b2f7c9306035,1024,1024,1,1,uint8,8,0,59,4.66543,3.71154,0,0,0,0,1,4,6,11,16,22,59,255,0,94775,PN151,CBD,4R,CBD_4R,9,DIV09,5,PN151_4R_CBD_DIV09,PN151_4R_CBD_DIV09,PN151_CBD_4R_DIV09,parsed,PN151,4R,CBD,DIV09,PN151_CBD_4R_DIV09,none,none,none,none,not_applicable,normalized_thumbnail_ncc_threshold_0.995,none,unassigned
sted_fiber_data,PN151_4R_CBD_DIV09 (Series 6) [1].tif,fiber_image,c4d88320e26deeeb0cde339d6e4e56de335f3c376c70ddaca8de13ef7d0606d0,3cea6e762e3633738470a70a8a8b8bf0096fa56c312bbb8d03daf6dd720be357,img_051b4feeb0884d2338cb,1024,1024,1,1,uint8,8,0,47,5.80818,5.35903,0,0,0,0,1,4,9,16,21,27,47,255,0,191360,PN151,CBD,4R,CBD_4R,9,DIV09,6,PN151_4R_CBD_DIV09,PN151_4R_CBD_DIV09,PN151_CBD_4R_DIV09,parsed,PN151,4R,CBD,DIV09,PN151_CBD_4R_DIV09,none,none,none,none,not_applicable,normalized_thumbnail_ncc_threshold_0.995,none,unassigned
sted_fiber_data,PN151_4R_CBD_DIV09 (Series 7) [1].tif,fiber_image,9a8325738d71503b1fa1f9a8584aee8515e8738d11966fd2b34e0264cac6494b,eab4fcd93952f1eed11196783a53f1d928e61fe3ec3850df0b93e50f7b251f0c,img_0c8a0b5f3edf1b944767,1024,1024,1,1,uint8,8,0,69,7.09788,6.18101,0,0,0,0,3,6,11,19,24,31,69,255,0,107118,PN151,CBD,4R,CBD_4R,9,DIV09,7,PN151_4R_CBD_DIV09,PN151_4R_CBD_DIV09,PN151_CBD_4R_DIV09,parsed,PN151,4R,CBD,DIV09,PN151_CBD_4R_DIV09,none,none,none,none,not_applicable,normalized_thumbnail_ncc_threshold_0.995,none,unassigned
sted_fiber_data,PN151_4R_CBD_DIV09 (Series 8) [1].tif,fiber_image,7fdb7ed81bcabfd3b57075677688eb7ce8a0b1aeaca6d3fd1c11503ed0407ce5,1fe5468bebfad8064aa79ee8a556c05109c0d58668f90cf5567597ad3cfe8708,img_3f59d70d04d3b85e7f3b,1024,1024,1,1,uint8,8,0,222,4.77766,5.91696,0,0,0,0,1,3,6,14,21,34,222,255,0,150211,PN151,CBD,4R,CBD_4R,9,DIV09,8,PN151_4R_CBD_DIV09,PN151_4R_CBD_DIV09,PN151_CBD_4R_DIV09,parsed,PN151,4R,CBD,DIV09,PN151_CBD_4R_DIV09,none,none,none,none,not_applicable,normalized_thumbnail_ncc_threshold_0.995,none,unassigned
sted_fiber_data,PN151_4R_CBD_DIV09 (Series 9) [1].tif,fiber_image,547da05b9622ee1af1099a4685a0e91fde114b6d66b1d22f430f9c02b0fca123,f665d5a154acefd7759e76d343b920b68470291a4fb323c35da3843d2f9b390b,img_a458d8e43ac3849de0ec,1024,1024,1,1,uint8,8,0,114,4.23209,4.02177,0,0,0,0,1,3,6,13,16,23,114,255,0,198518,PN151,CBD,4R,CBD_4R,9,DIV09,9,PN151_4R_CBD_DIV09,PN151_4R_CBD_DIV09,PN151_CBD_4R_DIV09,parsed,PN151,4R,CBD,DIV09,PN151_CBD_4R_DIV09,none,none,none,none,not_applicable,normalized_thumbnail_ncc_threshold_0.995,none,unassigned
sted_fiber_data,PN151_4R_CBD_DIV11 (Series 0) [1].tif,fiber_image,1ce4b543442878b027b197aa4923ba625dbca07d8c9c429137a78d21e5088fe9,164cec44862dfc425967b4747c251624b46139c0a7b0c0b8cf1c15367da4f68d,img_8d1af307d9a0d9edf910,1024,1024,1,1,uint8,8,0,51,5.28721,4.30656,0,0,0,0,1,4,8,13,18,24,51,255,0,105379,PN151,CBD,4R,CBD_4R,11,DIV11,0,PN151_4R_CBD_DIV11,PN151_4R_CBD_DIV11,PN151_CBD_4R_DIV11,parsed,PN151,4R,CBD,DIV11,PN151_CBD_4R_DIV11,none,none,none,none,not_applicable,normalized_thumbnail_ncc_threshold_0.995,none,unassigned
sted_fiber_data,PN151_4R_CBD_DIV11 (Series 1) [1].tif,fiber_image,d44003d8dc9d9c543e2d37836eb1295238dc1f779d2c6b741d5b9eff487f6111,4453b221033026bee23a5e769270078f3aa4504230f093b03cf1b9cbe36c90ba,img_4b35f31c8b5684a66718,1024,1024,1,1,uint8,8,0,72,2.39473,2.56265,0,0,0,0,1,1,3,8,11,18,72,255,0,241325,PN151,CBD,4R,CBD_4R,11,DIV11,1,PN151_4R_CBD_DIV11,PN151_4R_CBD_DIV11,PN151_CBD_4R_DIV11,parsed,PN151,4R,CBD,DIV11,PN151_CBD_4R_DIV11,none,none,none,none,not_applicable,normalized_thumbnail_ncc_threshold_0.995,none,unassigned
sted_fiber_data,PN151_4R_CBD_DIV11 (Series 10) [1].tif,fiber_image,00a88f0e42dc8388bb3428c81ae5a786b7206958ccb6d1a56b2ff3ea2619019c,d2c1fc33f484ef53f9f2186695b4dcea5a0be38da3931ab9aba0702137b4373d,img_b1785818b233d84945dc,1024,1024,1,1,uint8,8,0,71,3.26318,3.21723,0,0,0,0,1,3,4,9,14,19,71,255,0,193640,PN151,CBD,4R,CBD_4R,11,DIV11,10,PN151_4R_CBD_DIV11,PN151_4R_CBD_DIV11,PN151_CBD_4R_DIV11,parsed,PN151,4R,CBD,DIV11,PN151_CBD_4R_DIV11,none,none,none,none,not_applicable,normalized_thumbnail_ncc_threshold_0.995,none,unassigned
sted_fiber_data,PN151_4R_CBD_DIV11 (Series 11) [1].tif,fiber_image,f3ee9368ee61dc7ab7fdaca42d72e94f8e7fbcc7d5f985e7937b393d7f48883f,edd5365c04d1b73a840435b7e333457e70e4b1e7c776d75042936cea686414f1,img_3833189ffe66380cff12,1024,1024,1,1,uint8,8,0,54,3.80346,3.80713,0,0,0,0,1,3,6,11,16,23,54,255,0,167483,PN151,CBD,4R,CBD_4R,11,DIV11,11,PN151_4R_CBD_DIV11,PN151_4R_CBD_DIV11,PN151_CBD_4R_DIV11,parsed,PN151,4R,CBD,DIV11,PN151_CBD_4R_DIV11,none,none,none,none,not_applicable,normalized_thumbnail_ncc_threshold_0.995,none,unassigned
sted_fiber_data,PN151_4R_CBD_DIV11 (Series 12) [1].tif,fiber_image,9462a29f126478c29267f3d63aeb45e621ee442e0f85a6a4ed51037c69fcf736,72d4d3329ade19913debeed20c12f131ecd9897ce963c46a35c4f69c73c3db4a,img_8a78d02b7528272fb61f,1024,1024,1,1,uint8,8,0,47,4.53431,4.11782,0,0,0,0,1,3,6,13,18,24,47,255,0,134952,PN151,CBD,4R,CBD_4R,11,DIV11,12,PN151_4R_CBD_DIV11,PN151_4R_CBD_DIV11,PN151_CBD_4R_DIV11,parsed,PN151,4R,CBD,DIV11,PN151_CBD_4R_DIV11,none,none,none,none,not_applicable,normalized_thumbnail_ncc_threshold_0.995,none,unassigned
sted_fiber_data,PN151_4R_CBD_DIV11 (Series 13) [1].tif,fiber_image,4f4c34af312f5f272a6e6ee08e6f0582bcba04c14ca36911a3c0d839f9691940,999b251b6c1a3852bf66c56ba51ac01eb04b614e2728ffa122277ceb0a7fa2de,img_fcb4a875d65602dd9d0e,1024,1024,1,1,uint8,8,0,119,2.81006,2.71438,0,0,0,0,1,3,4,8,11,18,119,255,0,193390,PN151,CBD,4R,CBD_4R,11,DIV11,13,PN151_4R_CBD_DIV11,PN151_4R_CBD_DIV11,PN151_CBD_4R_DIV11,parsed,PN151,4R,CBD,DIV11,PN151_CBD_4R_DIV11,none,none,none,none,not_applicable,normalized_thumbnail_ncc_threshold_0.995,none,unassigned
sted_fiber_data,PN151_4R_CBD_DIV11 (Series 14) [1].tif,fiber_image,161ce6da7f952f39e9e01236675a8bdacd000a02cafcb716f3ca57cbcf324b87,fa7cbbf67e523a8605a35ec0ac3e72d3268dc4567dcbfd22c8353364e91b8e34,img_910f6c67f078b5107296,1024,1024,1,1,uint8,8,0,61,3.78873,3.84935,0,0,0,0,1,3,6,11,16,23,61,255,0,208268,PN151,CBD,4R,CBD_4R,11,DIV11,14,PN151_4R_CBD_DIV11,PN151_4R_CBD_DIV11,PN151_CBD_4R_DIV11,parsed,PN151,4R,CBD,DIV11,PN151_CBD_4R_DIV11,none,none,none,none,not_applicable,normalized_thumbnail_ncc_threshold_0.995,none,unassigned
sted_fiber_data,PN151_4R_CBD_DIV11 (Series 2) [1].tif,fiber_image,6792642327aaff9284167cec293c43a6fd77246a81d6cbd8ecf1cc34c35aad50,ca04be416dc5e8bf86045d3c830275d3086fec84b87be6a7e7609f11b393f53b,img_2358b4c0243cb146ebdf,1024,1024,1,1,uint8,8,0,49,5.09025,4.05169,0,0,0,0,3,4,8,13,18,24,49,255,0,96885,PN151,CBD,4R,CBD_4R,11,DIV11,2,PN151_4R_CBD_DIV11,PN151_4R_CBD_DIV11,PN151_CBD_4R_DIV11,parsed,PN151,4R,CBD,DIV11,PN151_CBD_4R_DIV11,none,none,none,none,not_applicable,normalized_thumbnail_ncc_threshold_0.995,none,unassigned
sted_fiber_data,PN151_4R_CBD_DIV11 (Series 3) [1].tif,fiber_image,146fdea28fb3feada7b5976e390945a237d62d47d867a1d4ac9be51fbc9c0fcd,b8d81dbf3f05628f4894144b0eb4b2dfe2fda166fcd47a6fb266d328440f0bc8,img_ab32e17c838d86dd7c18,1024,1024,1,1,uint8,8,0,60,6.54831,5.02553,0,0,0,0,3,6,9,16,21,29,60,255,0,73169,PN151,CBD,4R,CBD_4R,11,DIV11,3,PN151_4R_CBD_DIV11,PN151_4R_CBD_DIV11,PN151_CBD_4R_DIV11,parsed,PN151,4R,CBD,DIV11,PN151_CBD_4R_DIV11,none,none,none,none,not_applicable,normalized_thumbnail_ncc_threshold_0.995,none,unassigned
sted_fiber_data,PN151_4R_CBD_DIV11 (Series 4) [1].tif,fiber_image,2f788d81fa36ee391f5793f1dd75e6e80e8b0864ff99559fbcea194b15bb78a7,33bfc62ca27efc1ebad488466c095b3dbe4b3339f22701bbd41cdaa143e7e6c1,img_8d4233b6e08ccdab5c00,1024,1024,1,1,uint8,8,0,62,4.06357,3.89242,0,0,0,0,1,3,6,11,16,24,62,255,0,172999,PN151,CBD,4R,CBD_4R,11,DIV11,4,PN151_4R_CBD_DIV11,PN151_4R_CBD_DIV11,PN151_CBD_4R_DIV11,parsed,PN151,4R,CBD,DIV11,PN151_CBD_4R_DIV11,none,none,none,none,not_applicable,normalized_thumbnail_ncc_threshold_0.995,none,unassigned
sted_fiber_data,PN151_4R_CBD_DIV11 (Series 5) [1].tif,fiber_image,60c7521460e79db246d5fb162ab5d7b16011e9abf5d72dcf301fdf54b7b0c0ae,79f59caf6524b2682de0aeb0f8b8c159c5a6758f5d8f76421820a7afee2f6322,img_10dd5d31f26d001311b4,1024,1024,1,1,uint8,8,0,81,2.12357,2.6153,0,0,0,0,0,1,3,8,11,19,81,255,0,309876,PN151,CBD,4R,CBD_4R,11,DIV11,5,PN151_4R_CBD_DIV11,PN151_4R_CBD_DIV11,PN151_CBD_4R_DIV11,parsed,PN151,4R,CBD,DIV11,PN151_CBD_4R_DIV11,none,none,none,none,not_applicable,normalized_thumbnail_ncc_threshold_0.995,none,unassigned
sted_fiber_data,PN151_4R_CBD_DIV11 (Series 6) [1].tif,fiber_image,e0ebbc52c77007a45149c713dcb4aac265a109b7300759009a6bb34b85af5a6b,bf4668b25f226059886e20898b8b677a2e1bc3f08774d8a26d31a65c52dc9988,img_2fcd1bb30cb80e0399ac,1024,1024,1,1,uint8,8,0,92,2.33564,2.46532,0,0,0,0,1,1,3,8,11,16,92,255,0,254467,PN151,CBD,4R,CBD_4R,11,DIV11,6,PN151_4R_CBD_DIV11,PN151_4R_CBD_DIV11,PN151_CBD_4R_DIV11,parsed,PN151,4R,CBD,DIV11,PN151_CBD_4R_DIV11,none,none,none,none,not_applicable,normalized_thumbnail_ncc_threshold_0.995,none,unassigned
sted_fiber_data,PN151_4R_CBD_DIV11 (Series 7) [1].tif,fiber_image,e2249864f1b36b1230c0249b7b2c7316425a65021be11bbdfb6c48ba0d46e8bf,ba4be965698c8d1248113f92b4ebfd4ee99ade601b9bc227f91aaf99eb91295f,img_ce2ca16e79108e045523,1024,1024,1,1,uint8,8,0,72,3.00374,2.87959,0,0,0,0,1,3,4,8,13,19,72,255,0,176738,PN151,CBD,4R,CBD_4R,11,DIV11,7,PN151_4R_CBD_DIV11,PN151_4R_CBD_DIV11,PN151_CBD_4R_DIV11,parsed,PN151,4R,CBD,DIV11,PN151_CBD_4R_DIV11,none,none,none,none,not_applicable,normalized_thumbnail_ncc_threshold_0.995,none,unassigned
sted_fiber_data,PN151_4R_CBD_DIV11 (Series 8) [1].tif,fiber_image,ca4a804c7789c17e2c26ff260ccb766f31a0bf86defe237b338f65cae1e9de0d,01043d6cd1fb6d335e3c6f949cd38a0093b285b85abe9471aa7bc44997d20753,img_c7247ce8d4425c9ca704,1024,1024,1,1,uint8,8,0,66,8.08811,7.99131,0,0,0,0,1,4,14,24,31,39,66,255,0,137149,PN151,CBD,4R,CBD_4R,11,DIV11,8,PN151_4R_CBD_DIV11,PN151_4R_CBD_DIV11,PN151_CBD_4R_DIV11,parsed,PN151,4R,CBD,DIV11,PN151_CBD_4R_DIV11,none,none,none,none,not_applicable,normalized_thumbnail_ncc_threshold_0.995,none,unassigned
sted_fiber_data,PN151_4R_CBD_DIV11 (Series 9) [1].tif,fiber_image,3bcdd5e0d0cf8bd46f5417a9b0ceea180641f463919be406b0a44c31c0cbe7bb,409acb9e7b6259240002bae640682234fe128eeec35da8af126663bbe29f68aa,img_42b6edc8a33c2fadf36c,1024,1024,1,1,uint8,8,0,37,2.93538,3.6116,0,0,0,0,0,1,4,11,16,21,37,255,0,322060,PN151,CBD,4R,CBD_4R,11,DIV11,9,PN151_4R_CBD_DIV11,PN151_4R_CBD_DIV11,PN151_CBD_4R_DIV11,parsed,PN151,4R,CBD,DIV11,PN151_CBD_4R_DIV11,none,none,none,none,not_applicable,normalized_thumbnail_ncc_threshold_0.995,none,unassigned
