stable_image_id,source_kind,culture_id,disease,tau_isoform,experimental_condition,div,div_token,series_index,experimental_group_id,acquisition_group,eligibility,primary_metric_role,secondary_image_eval_role,assignment_reason,grouping_rule,human_approved,synthetic_split,override_status,override_reason
img_1959d9d25f6cfc60070a,fiber_image,PN148,AD,3R,AD_3R,3,DIV03,0,PN148_AD_3R_DIV03,PN148_3R_AD_DIV03,training,training,not_assigned,provisional experimental-group allocation: training,experimental_group_holdout_primary,false,not_applicable,none,none
img_857d8bd24d6057b89507,fiber_image,PN148,AD,3R,AD_3R,3,DIV03,1,PN148_AD_3R_DIV03,PN148_3R_AD_DIV03,training,training,not_assigned,provisional experimental-group allocation: training,experimental_group_holdout_primary,false,not_applicable,none,none
img_78427846b07df5eb251c,fiber_image,PN148,AD,3R,AD_3R,3,DIV03,2,PN148_AD_3R_DIV03,PN148_3R_AD_DIV03,training,training,not_assigned,provisional experimental-group allocation: training,experimental_group_holdout_primary,false,not_applicable,none,none
img_7dd848fffe5f7f5ef274,fiber_image,PN148,AD,3R,AD_3R,3,DIV03,3,PN148_AD_3R_DIV03,PN148_3R_AD_DIV03,training,training,not_assigned,provisional experimental-group allocation: training,experimental_group_holdout_primary,false,not_applicable,none,none
img_4d555ff97f5b63f168f8,fiber_image,PN148,AD,3R,AD_3R,3,DIV03,4,PN148_AD_3R_DIV03,PN148_3R_AD_DIV03,training,training,not_assigned,provisional experimental-group allocation: training,experimental_group_holdout_primary,false,not_applicable,none,none
img_8f0c5769644a9941a6e3,fiber_image,PN148,AD,3R,AD_3R,3,DIV03,5,PN148_AD_3R_DIV03,PN148_3R_AD_DIV03,training,training,not_assigned,provisional experimental-group allocation: training,experimental_group_holdout_primary,false,not_applicable,none,none
img_42817c9a5d32487f7e87,fiber_image,PN148,AD,3R,AD_3R,3,DIV03,6,PN148_AD_3R_DIV03,PN148_3R_AD_DIV03,training,training,not_assigned,provisional experimental-group allocation: training,experimental_group_holdout_primary,false,not_applicable,none,none
img_60d27b7997cc11df3559,fiber_image,PN148,AD,3R,AD_3R,3,DIV03,7,PN148_AD_3R_DIV03,PN148_3R_AD_DIV03,training,training,not_assigned,provisional experimental-group allocation: training,experimental_group_holdout_primary,false,not_applicable,none,none
img_85b5cc1474f363c08caf,fiber_image,PN148,AD,3R,AD_3R,3,DIV03,8,PN148_AD_3R_DIV03,PN148_3R_AD_DIV03,training,training,not_assigned,provisional experimental-group allocation: training,experimental_group_holdout_primary,false,not_applicable,none,none
img_6ac7c51d471c2737fda3,fiber_image,PN148,AD,3R,AD_3R,3,DIV03,9,PN148_AD_3R_DIV03,PN148_3R_AD_DIV03,training,training,not_assigned,provisional experimental-group allocation: training,experimental_group_holdout_primary,false,not_applicable,none,none
img_a7cb5c7ce1a3808ce615,fiber_image,PN148,AD,3R,AD_3R,3,DIV03,10,PN148_AD_3R_DIV03,PN148_3R_AD_DIV03,training,training,not_assigned,provisional experimental-group allocation: training,experimental_group_holdout_primary,false,not_applicable,none,none
img_bee96ff54c8c65ed14f5,fiber_image,PN148,AD,3R,AD_3R,3,DIV03,11,PN148_AD_3R_DIV03,PN148_3R_AD_DIV03,training,training,not_assigned,provisional experimental-group allocation: training,experimental_group_holdout_primary,false,not_applicable,none,none
img_27e3fe46349e697939aa,fiber_image,PN148,AD,3R,AD_3R,3,DIV03,12,PN148_AD_3R_DIV03,PN148_3R_AD_DIV03,training,training,not_assigned,provisional experimental-group allocation: training,experimental_group_holdout_primary,false,not_applicable,none,none
img_61e364d26b504ca9ad65,fiber_image,PN148,AD,3R,AD_3R,3,DIV03,13,PN148_AD_3R_DIV03,PN148_3R_AD_DIV03,training,training,not_assigned,provisional experimental-group allocation: training,experimental_group_holdout_primary,false,not_applicable,none,none
img_afaca9f73903d7d99868,fiber_image,PN148,AD,3R,AD_3R,3,DIV03,14,PN148_AD_3R_DIV03,PN148_3R_AD_DIV03,training,training,not_assigned,provisional experimental-group allocation: training,experimental_group_holdout_primary,false,not_applicable,none,none
img_efbd2f7426058325c7ff,fiber_image,PN148,AD,3R,AD_3R,5,DIV05,0,PN148_AD_3R_DIV05,PN148_3R_AD_DIV05,validation,validation,not_assigned,provisional experimental-group allocation: validation,experimental_group_holdout_primary,false,not_applicable,none,none
img_bc6f63665bc839fc047f,fiber_image,PN148,AD,3R,AD_3R,5,DIV05,1,PN148_AD_3R_DIV05,PN148_3R_AD_DIV05,validation,validation,not_assigned,provisional experimental-group allocation: validation,experimental_group_holdout_primary,false,not_applicable,none,none
img_a384df1a12d4f8b185b3,fiber_image,PN148,AD,3R,AD_3R,5,DIV05,2,PN148_AD_3R_DIV05,PN148_3R_AD_DIV05,validation,validation,not_assigned,provisional experimental-group allocation: validation,experimental_group_holdout_primary,false,not_applicable,none,none
img_6c2ecbaaa6ef986d7a8a,fiber_image,PN148,AD,3R,AD_3R,5,DIV05,3,PN148_AD_3R_DIV05,PN148_3R_AD_DIV05,validation,validation,not_assigned,provisional experimental-group allocation: validation,experimental_group_holdout_primary,false,not_applicable,none,none
img_fadc74fa80dfbd3600a9,fiber_image,PN148,AD,3R,AD_3R,5,DIV05,4,PN148_AD_3R_DIV05,PN148_3R_AD_DIV05,validation,validation,not_assigned,provisional experimental-group allocation: validation,experimental_group_holdout_primary,false,not_applicable,none,none
img_4327d9c9257893503503,fiber_image,PN148,AD,3R,AD_3R,5,DIV05,5,PN148_AD_3R_DIV05,PN148_3R_AD_DIV05,validation,validation,not_assigned,provisional experimental-group allocation: validation,experimental_group_holdout_primary,false,not_applicable,none,none
img_8997c259722f04459949,fiber_image,PN148,AD,3R,AD_3R,5,DIV05,6,PN148_AD_3R_DIV05,PN148_3R_AD_DIV05,validation,validation,not_assigned,provisional experimental-group allocation: validation,experimental_group_holdout_primary,false,not_applicable,none,none
img_c1cd5e51bd23025fc12e,fiber_image,PN148,AD,3R,AD_3R,5,DIV05,7,PN148_AD_3R_DIV05,PN148_3R_AD_DIV05,validation,validation,not_assigned,provisional experimental-group allocation: validation,experimental_group_holdout_primary,false,not_applicable,none,none
img_3010971d14e8352a0328,fiber_image,PN148,AD,3R,AD_3R,5,DIV05,8,PN148_AD_3R_DIV05,PN148_3R_AD_DIV05,validation,validation,not_assigned,provisional experimental-group allocation: validation,experimental_group_holdout_primary,false,not_applicable,none,none
img_37f487122c9963d39984,fiber_image,PN148,AD,3R,AD_3R,5,DIV05,9,PN148_AD_3R_DIV05,PN148_3R_AD_DIV05,validation,validation,not_assigned,provisional experimental-group allocation: validation,experimental_group_holdout_primary,false,not_applicable,none,none
img_3f1c62066c5a723e23d4,fiber_image,PN148,AD,3R,AD_3R,5,DIV05,10,PN148_AD_3R_DIV05,PN148_3R_AD_DIV05,validation,validation,not_assigned,provisional experimental-group allocation: validation,experimental_group_holdout_primary,false,not_applicable,none,none
img_e9671d916913e718eb97,fiber_image,PN148,AD,3R,AD_3R,5,DIV05,11,PN148_AD_3R_DIV05,PN148_3R_AD_DIV05,validation,validation,not_assigned,provisional experimental-group allocation: validation,experimental_group_holdout_primary,false,not_applicable,none,none
img_82df36916f5d6a4c9593,fiber_image,PN148,AD,3R,AD_3R,5,DIV05,12,PN148_AD_3R_DIV05,PN148_3R_AD_DIV05,validation,validation,not_assigned,provisional experimental-group allocation: validation,experimental_group_holdout_primary,false,not_applicable,none,none
img_336e332b62e7aeecdaa5,fiber_image,PN148,AD,3R,AD_3R,5,DIV05,13,PN148_AD_3R_DIV05,PN148_3R_AD_DIV05,validation,validation,not_assigned,provisional experimental-group allocation: validation,experimental_group_holdout_primary,false,not_applicable,none,none
img_05ef13116918fe81f04f,fiber_image,PN148,AD,3R,AD_3R,5,DIV05,14,PN148_AD_3R_DIV05,PN148_3R_AD_DIV05,validation,validation,not_assigned,provisional experimental-group allocation: validation,experimental_group_holdout_primary,false,not_applicable,none,none
img_af6313c152e9bc38a66c,fiber_image,PN148,AD,3R,AD_3R,7,DIV07,0,PN148_AD_3R_DIV07,PN148_3R_AD_DIV07,held_out_test,held_out_test,not_assigned,provisional experimental-group allocation: held_out_test,experimental_group_holdout_primary,false,not_applicable,none,none
img_b06435e676087b2c39f4,fiber_image,PN148,AD,3R,AD_3R,7,DIV07,1,PN148_AD_3R_DIV07,PN148_3R_AD_DIV07,held_out_test,held_out_test,not_assigned,provisional experimental-group allocation: held_out_test,experimental_group_holdout_primary,false,not_applicable,none,none
img_6fea70ce23f72c4ab598,fiber_image,PN148,AD,3R,AD_3R,7,DIV07,2,PN148_AD_3R_DIV07,PN148_3R_AD_DIV07,held_out_test,held_out_test,not_assigned,provisional experimental-group allocation: held_out_test,experimental_group_holdout_primary,false,not_applicable,none,none
img_aa4518ca568252cab18b,fiber_image,PN148,AD,3R,AD_3R,7,DIV07,3,PN148_AD_3R_DIV07,PN148_3R_AD_DIV07,held_out_test,held_out_test,not_assigned,provisional experimental-group allocation: held_out_test,experimental_group_holdout_primary,false,not_applicable,none,none
img_a7abf649f0bc64be6903,fiber_image,PN148,AD,3R,AD_3R,7,DIV07,4,PN148_AD_3R_DIV07,PN148_3R_AD_DIV07,held_out_test,held_out_test,not_assigned,provisional experimental-group allocation: held_out_test,experimental_group_holdout_primary,false,not_applicable,none,none
img_628e54059c0234c34515,fiber_image,PN148,AD,3R,AD_3R,7,DIV07,5,PN148_AD_3R_DIV07,PN148_3R_AD_DIV07,held_out_test,held_out_test,not_assigned,provisional experimental-group allocation: held_out_test,experimental_group_holdout_primary,false,not_applicable,none,none
img_6bdff4cbc2cb4ee79484,fiber_image,PN148,AD,3R,AD_3R,7,DIV07,6,PN148_AD_3R_DIV07,PN148_3R_AD_DIV07,held_out_test,held_out_test,not_assigned,provisional experimental-group allocation: held_out_test,experimental_group_holdout_primary,false,not_applicable,none,none
img_36887275f74c2800d428,fiber_image,PN148,AD,3R,AD_3R,7,DIV07,7,PN148_AD_3R_DIV07,PN148_3R_AD_DIV07,held_out_test,held_out_test,not_assigned,provisional experimental-group allocation: held_out_test,experimental_group_holdout_primary,false,not_applicable,none,none
img_8fa2450a020230008df2,fiber_image,PN148,AD,3R,AD_3R,7,DIV07,8,PN148_AD_3R_DIV07,PN148_3R_AD_DIV07,held_out_test,held_out_test,not_assigned,provisional experimental-group allocation: held_out_test,experimental_group_holdout_primary,false,not_applicable,none,none
img_d2e8b14a3e38192820a2,fiber_image,PN148,AD,3R,AD_3R,7,DIV07,9,PN148_AD_3R_DIV07,PN148_3R_AD_DIV07,held_out_test,held_out_test,not_assigned,provisional experimental-group allocation: held_out_test,experimental_group_holdout_primary,false,not_applicable,none,none
img_41282a1b6b24e8e29d3c,fiber_image,PN148,AD,3R,AD_3R,7,DIV07,10,PN148_AD_3R_DIV07,PN148_3R_AD_DIV07,held_out_test,held_out_test,not_assigned,provisional experimental-group allocation: held_out_test,experimental_group_holdout_primary,false,not_applicable,none,none
img_bb9526aa8e73e5120f68,fiber_image,PN148,AD,3R,AD_3R,7,DIV07,11,PN148_AD_3R_DIV07,PN148_3R_AD_DIV07,held_out_test,held_out_test,not_assigned,provisional experimental-group allocation: held_out_test,experimental_group_holdout_primary,false,not_applicable,none,none
img_2fa4cb54c075c955d833,fiber_image,PN148,AD,3R,AD_3R,7,DIV07,12,PN148_AD_3R_DIV07,PN148_3R_AD_DIV07,held_out_test,held_out_test,not_assigned,provisional experimental-group allocation: held_out_test,experimental_group_holdout_primary,false,not_applicable,none,none
img_790402c5b71e8e2f9f81,fiber_image,PN148,AD,3R,AD_3R,7,DIV07,13,PN148_AD_3R_DIV07,PN148_3R_AD_DIV07,held_out_test,held_out_test,not_assigned,provisional experimental-group allocation: held_out_test,experimental_group_holdout_primary,false,not_applicable,none,none
img_6354fbe0270925b9d4c5,fiber_image,PN148,AD,3R,AD_3R,7,DIV07,14,PN148_AD_3R_DIV07,PN148_3R_AD_DIV07,held_out_test,held_out_test,not_assigned,provisional experimental-group allocation: held_out_test,experimental_group_holdout_primary,false,not_applicable,none,none
img_3c0c3ec1bb0439bd6030,fiber_image,PN148,AD,3R,AD_3R,10,DIV10,0,PN148_AD_3R_DIV10,PN148_3R_AD_DIV10,calibration,calibration,not_assigned,provisional experimental-group allocation: calibration,experimental_group_holdout_primary,false,not_applicable,none,none
img_ff5eaa25d9b69644ae78,fiber_image,PN148,AD,3R,AD_3R,10,DIV10,1,PN148_AD_3R_DIV10,PN148_3R_AD_DIV10,calibration,calibration,not_assigned,provisional experimental-group allocation: calibration,experimental_group_holdout_primary,false,not_applicable,none,none
img_a2b60271e392e44ab4e6,fiber_image,PN148,AD,3R,AD_3R,10,DIV10,2,PN148_AD_3R_DIV10,PN148_3R_AD_DIV10,calibration,calibration,not_assigned,provisional experimental-group allocation: calibration,experimental_group_holdout_primary,false,not_applicable,none,none
img_2a83cf27e86fd0275008,fiber_image,PN148,AD,3R,AD_3R,10,DIV10,3,PN148_AD_3R_DIV10,PN148_3R_AD_DIV10,calibration,calibration,not_assigned,provisional experimental-group allocation: calibration,experimental_group_holdout_primary,false,not_applicable,none,none
img_66e6831a96cc2c971d46,fiber_image,PN148,AD,3R,AD_3R,10,DIV10,4,PN148_AD_3R_DIV10,PN148_3R_AD_DIV10,calibration,calibration,not_assigned,provisional experimental-group allocation: calibration,experimental_group_holdout_primary,false,not_applicable,none,none
img_3eb9582a5c396fb263cd,fiber_image,PN148,AD,3R,AD_3R,10,DIV10,5,PN148_AD_3R_DIV10,PN148_3R_AD_DIV10,calibration,calibration,not_assigned,provisional experimental-group allocation: calibration,experimental_group_holdout_primary,false,not_applicable,none,none
img_326a83325050177883ff,fiber_image,PN148,AD,3R,AD_3R,10,DIV10,6,PN148_AD_3R_DIV10,PN148_3R_AD_DIV10,calibration,calibration,not_assigned,provisional experimental-group allocation: calibration,experimental_group_holdout_primary,false,not_applicable,none,none
img_ea91c645683f7bd78ded,fiber_image,PN148,AD,3R,AD_3R,10,DIV10,7,PN148_AD_3R_DIV10,PN148_3R_AD_DIV10,calibration,calibration,not_assigned,provisional experimental-group allocation: calibration,experimental_group_holdout_primary,false,not_applicable,none,none
img_d076806a156c74e5e9ab,fiber_image,PN148,AD,3R,AD_3R,10,DIV10,8,PN148_AD_3R_DIV10,PN148_3R_AD_DIV10,calibration,calibration,not_assigned,provisional experimental-group allocation: calibration,experimental_group_holdout_primary,false,not_applicable,none,none
img_ac59ddadde44b32aad03,fiber_image,PN148,AD,3R,AD_3R,10,DIV10,9,PN148_AD_3R_DIV10,PN148_3R_AD_DIV10,calibration,calibration,not_assigned,provisional experimental-group allocation: calibration,experimental_group_holdout_primary,false,not_applicable,none,none
img_09bab76de392bf78e8c8,fiber_image,PN148,AD,3R,AD_3R,10,DIV10,10,PN148_AD_3R_DIV10,PN148_3R_AD_DIV10,calibration,calibration,not_assigned,provisional experimental-group allocation: calibration,experimental_group_holdout_primary,false,not_applicable,none,none
img_65ff1c564421c1849678,fiber_image,PN148,AD,3R,AD_3R,10,DIV10,11,PN148_AD_3R_DIV10,PN148_3R_AD_DIV10,calibration,calibration,not_assigned,provisional experimental-group allocation: calibration,experimental_group_holdout_primary,false,not_applicable,none,none
img_b6556986cb7adc1c4bc7,fiber_image,PN148,AD,3R,AD_3R,10,DIV10,12,PN148_AD_3R_DIV10,PN148_3R_AD_DIV10,calibration,calibration,not_assigned,provisional experimental-group allocation: calibration,experimental_group_holdout_primary,false,not_applicable,none,none
img_95c7225b6e02ba9a7c7d,fiber_image,PN148,AD,3R,AD_3R,10,DIV10,13,PN148_AD_3R_DIV10,PN148_3R_AD_DIV10,calibration,calibration,not_assigned,provisional experimental-group allocation: calibration,experimental_group_holdout_primary,false,not_applicable,none,none
img_1004be7bb7f6a85971ff,fiber_image,PN148,AD,3R,AD_3R,10,DIV10,14,PN148_AD_3R_DIV10,PN148_3R_AD_DIV10,calibration,calibration,not_assigned,provisional experimental-group allocation: calibration,experimental_group_holdout_primary,false,not_applicable,none,none
img_afdfb6f5fe1befc1d488,fiber_image,PN148,AD,3R,AD_3R,11,DIV11,0,PN148_AD_3R_DIV11,PN148_3R_AD_DIV11,training,training,not_assigned,provisional experimental-group allocation: training,experimental_group_holdout_primary,false,not_applicable,none,none
img_7a46bf510c5e3496e9a0,fiber_image,PN148,AD,3R,AD_3R,11,DIV11,1,PN148_AD_3R_DIV11,PN148_3R_AD_DIV11,training,training,not_assigned,provisional experimental-group allocation: training,experimental_group_holdout_primary,false,not_applicable,none,none
img_30ef8b924a37d36c8358,fiber_image,PN148,AD,3R,AD_3R,11,DIV11,2,PN148_AD_3R_DIV11,PN148_3R_AD_DIV11,training,training,not_assigned,provisional experimental-group allocation: training,experimental_group_holdout_primary,false,not_applicable,none,none
img_a3993391af4e7f675d55,fiber_image,PN148,AD,3R,AD_3R,11,DIV11,3,PN148_AD_3R_DIV11,PN148_3R_AD_DIV11,training,training,not_assigned,provisional experimental-group allocation: training,experimental_group_holdout_primary,false,not_applicable,none,none
img_4c0e59b9383f6afe093d,fiber_image,PN148,AD,3R,AD_3R,11,DIV11,4,PN148_AD_3R_DIV11,PN148_3R_AD_DIV11,training,training,not_assigned,provisional experimental-group allocation: training,experimental_group_holdout_primary,false,not_applicable,none,none
img_aa6e949a5fb4e1af4311,fiber_image,PN148,AD,3R,AD_3R,11,DIV11,5,PN148_AD_3R_DIV11,PN148_3R_AD_DIV11,training,training,not_assigned,provisional experimental-group allocation: training,experimental_group_holdout_primary,false,not_applicable,none,none
img_56ef07d8b186f329bbb1,fiber_image,PN148,AD,3R,AD_3R,11,DIV11,6,PN148_AD_3R_DIV11,PN148_3R_AD_DIV11,training,training,not_assigned,provisional experimental-group allocation: training,experimental_group_holdout_primary,false,not_applicable,none,none
img_4c32c3f3ec62b42b61b2,fiber_image,PN148,AD,3R,AD_3R,11,DIV11,7,PN148_AD_3R_DIV11,PN148_3R_AD_DIV11,training,training,not_assigned,provisional experimental-group allocation: training,experimental_group_holdout_primary,false,not_applicable,none,none
img_0db246d8332433f77358,fiber_image,PN148,AD,3R,AD_3R,11,DIV11,8,PN148_AD_3R_DIV11,PN148_3R_AD_DIV11,training,training,not_assigned,provisional experimental-group allocation: training,experimental_group_holdout_primary,false,not_applicable,none,none
img_80637c6ee2c20941bd30,fiber_image,PN148,AD,3R,AD_3R,11,DIV11,9,PN148_AD_3R_DIV11,PN148_3R_AD_DIV11,training,training,not_assigned,provisional experimental-group allocation: training,experimental_group_holdout_primary,false,not_applicable,none,none
img_11be543bc5496ac91286,fiber_image,PN148,AD,3R,AD_3R,11,DIV11,10,PN148_AD_3R_DIV11,PN148_3R_AD_DIV11,training,training,not_assigned,provisional experimental-group allocation: training,experimental_group_holdout_primary,false,not_applicable,none,none
img_d78c531fbd045674570a,fiber_image,PN148,AD,3R,AD_3R,11,DIV11,11,PN148_AD_3R_DIV11,PN148_3R_AD_DIV11,training,training,not_assigned,provisional experimental-group allocation: training,experimental_group_holdout_primary,false,not_applicable,none,none
img_a35724c4af1171295a36,fiber_image,PN148,AD,3R,AD_3R,11,DIV11,12,PN148_AD_3R_DIV11,PN148_3R_AD_DIV11,training,training,not_assigned,provisional experimental-group allocation: training,experimental_group_holdout_primary,false,not_applicable,none,none
img_908b7626488400e9bd20,fiber_image,PN148,AD,3R,AD_3R,11,DIV11,13,PN148_AD_3R_DIV11,PN148_3R_AD_DIV11,training,training,not_assigned,provisional experimental-group allocation: training,experimental_group_holdout_primary,false,not_applicable,none,none
img_0b664bdb72a82de0b584,fiber_image,PN148,AD,3R,AD_3R,11,DIV11,14,PN148_AD_3R_DIV11,PN148_3R_AD_DIV11,training,training,not_assigned,provisional experimental-group allocation: training,experimental_group_holdout_primary,false,not_applicable,none,none
img_b8aa44c8935923b65010,fiber_image,PN148,AD,3R,AD_3R,13,DIV13,0,PN148_AD_3R_DIV13,PN148_3R_AD_DIV13,training,training,not_assigned,provisional experimental-group allocation: training,experimental_group_holdout_primary,false,not_applicable,none,none
img_f28654f3b799f32db30b,fiber_image,PN148,AD,3R,AD_3R,13,DIV13,1,PN148_AD_3R_DIV13,PN148_3R_AD_DIV13,training,training,not_assigned,provisional experimental-group allocation: training,experimental_group_holdout_primary,false,not_applicable,none,none
img_d6a40cce7dc882de2b3e,fiber_image,PN148,AD,3R,AD_3R,13,DIV13,2,PN148_AD_3R_DIV13,PN148_3R_AD_DIV13,training,training,not_assigned,provisional experimental-group allocation: training,experimental_group_holdout_primary,false,not_applicable,none,none
img_423b6d1536fbc93bf500,fiber_image,PN148,AD,3R,AD_3R,13,DIV13,3,PN148_AD_3R_DIV13,PN148_3R_AD_DIV13,training,training,not_assigned,provisional experimental-group allocation: training,experimental_group_holdout_primary,false,not_applicable,none,none
img_da1d6e434343b6f22aa8,fiber_image,PN148,AD,3R,AD_3R,13,DIV13,4,PN148_AD_3R_DIV13,PN148_3R_AD_DIV13,training,training,not_assigned,provisional experimental-group allocation: training,experimental_group_holdout_primary,false,not_applicable,none,none
img_dacb151ade2039062abe,fiber_image,PN148,AD,3R,AD_3R,13,DIV13,5,PN148_AD_3R_DIV13,PN148_3R_AD_DIV13,training,training,not_assigned,provisional experimental-group allocation: training,experimental_group_holdout_primary,false,not_applicable,none,none
img_adf0a73f0c61c7077f54,fiber_image,PN148,AD,3R,AD_3R,13,DIV13,6,PN148_AD_3R_DIV13,PN148_3R_AD_DIV13,training,training,not_assigned,provisional experimental-group allocation: training,experimental_group_holdout_primary,false,not_applicable,none,none
img_1f10802bd4257d677129,fiber_image,PN148,AD,3R,AD_3R,13,DIV13,7,PN148_AD_3R_DIV13,PN148_3R_AD_DIV13,training,training,not_assigned,provisional experimental-group allocation: training,experimental_group_holdout_primary,false,not_applicable,none,none
img_8ae737e06573d8545ce4,fiber_image,PN148,AD,3R,AD_3R,13,DIV13,8,PN148_AD_3R_DIV13,PN148_3R_AD_DIV13,training,training,not_assigned,provisional experimental-group allocation: training,experimental_group_holdout_primary,false,not_applicable,none,none
img_1e5cb83f9f64e0c16706,fiber_image,PN148,AD,3R,AD_3R,13,DIV13,9,PN148_AD_3R_DIV13,PN148_3R_AD_DIV13,training,training,not_assigned,provisional experimental-group allocation: training,experimental_group_holdout_primary,false,not_applicable,none,none
img_0751617f37f573b03bb5,fiber_image,PN148,AD,3R,AD_3R,13,DIV13,10,PN148_AD_3R_DIV13,PN148_3R_AD_DIV13,training,training,not_assigned,provisional experimental-group allocation: training,experimental_group_holdout_primary,false,not_applicable,none,none
img_6786c4e69a2dd3728358,fiber_image,PN148,AD,3R,AD_3R,13,DIV13,11,PN148_AD_3R_DIV13,PN148_3R_AD_DIV13,training,training,not_assigned,provisional experimental-group allocation: training,experimental_group_holdout_primary,false,not_applicable,none,none
img_6b3bc654e1815c44bda5,fiber_image,PN148,AD,3R,AD_3R,13,DIV13,12,PN148_AD_3R_DIV13,PN148_3R_AD_DIV13,training,training,not_assigned,provisional experimental-group allocation: training,experimental_group_holdout_primary,false,not_applicable,none,none
img_1d558d24d093e7bd630c,fiber_image,PN148,AD,3R,AD_3R,13,DIV13,13,PN148_AD_3R_DIV13,PN148_3R_AD_DIV13,training,training,not_assigned,provisional experimental-group allocation: training,experimental_group_holdout_primary,false,not_applicable,none,none
img_3d874fa92402c1373dbf,fiber_image,PN148,AD,3R,AD_3R,13,DIV13,14,PN148_AD_3R_DIV13,PN148_3R_AD_DIV13,training,training,not_assigned,provisional experimental-group allocation: training,experimental_group_holdout_primary,false,not_applicable,none,none
img_22b8bcb88a805b153993,blank_background,PN148,AD,3R,AD_3R,15,DIV15,0,PN148_AD_3R_DIV15,PN148_3R_AD_DIV15,training,training,not_assigned,provisional experimental-group allocation: training,experimental_group_holdout_primary,false,training,none,none
img_52fd567a6489c2ee806f,blank_background,PN148,AD,3R,AD_3R,15,DIV15,1,PN148_AD_3R_DIV15,PN148_3R_AD_DIV15,training,training,not_assigned,provisional experimental-group allocation: training,experimental_group_holdout_primary,false,training,none,none
img_ca042c3dcfcf09035923,blank_background,PN148,AD,3R,AD_3R,15,DIV15,2,PN148_AD_3R_DIV15,PN148_3R_AD_DIV15,training,training,not_assigned,provisional experimental-group allocation: training,experimental_group_holdout_primary,false,training,none,none
img_0edb6472854aea980f2a,blank_background,PN148,AD,3R,AD_3R,15,DIV15,3,PN148_AD_3R_DIV15,PN148_3R_AD_DIV15,training,training,not_assigned,provisional experimental-group allocation: training,experimental_group_holdout_primary,false,training,none,none
img_e5db75d93a225639e3a4,blank_background,PN148,AD,3R,AD_3R,15,DIV15,4,PN148_AD_3R_DIV15,PN148_3R_AD_DIV15,training,training,not_assigned,provisional experimental-group allocation: training,experimental_group_holdout_primary,false,training,none,none
img_e365a76f42760dd466b9,blank_background,PN148,AD,3R,AD_3R,15,DIV15,5,PN148_AD_3R_DIV15,PN148_3R_AD_DIV15,training,training,not_assigned,provisional experimental-group allocation: training,experimental_group_holdout_primary,false,training,none,none
img_7902deec8b57c29e9a62,blank_background,PN148,AD,3R,AD_3R,15,DIV15,6,PN148_AD_3R_DIV15,PN148_3R_AD_DIV15,training,training,not_assigned,provisional experimental-group allocation: training,experimental_group_holdout_primary,false,training,none,none
img_fe985fa79b4211834161,blank_background,PN148,AD,3R,AD_3R,15,DIV15,7,PN148_AD_3R_DIV15,PN148_3R_AD_DIV15,training,training,not_assigned,provisional experimental-group allocation: training,experimental_group_holdout_primary,false,training,none,none
img_5882372f16349d4ccf22,blank_background,PN148,AD,3R,AD_3R,15,DIV15,8,PN148_AD_3R_DIV15,PN148_3R_AD_DIV15,training,training,not_assigned,provisional experimental-group allocation: training,experimental_group_holdout_primary,false,training,none,none
img_1672f71f16b77dc4d642,blank_background,PN148,AD,3R,AD_3R,15,DIV15,9,PN148_AD_3R_DIV15,PN148_3R_AD_DIV15,training,training,not_assigned,provisional experimental-group allocation: training,experimental_group_holdout_primary,false,training,none,none
img_e346ea478db12b518ac8,blank_background,PN148,AD,3R,AD_3R,15,DIV15,10,PN148_AD_3R_DIV15,PN148_3R_AD_DIV15,training,training,not_assigned,provisional experimental-group allocation: training,experimental_group_holdout_primary,false,training,none,none
img_6fcc906a6259240a019e,blank_background,PN148,AD,3R,AD_3R,15,DIV15,11,PN148_AD_3R_DIV15,PN148_3R_AD_DIV15,training,training,not_assigned,provisional experimental-group allocation: training,experimental_group_holdout_primary,false,training,none,none
img_a538de08cfa15ee606a9,blank_background,PN148,AD,3R,AD_3R,15,DIV15,12,PN148_AD_3R_DIV15,PN148_3R_AD_DIV15,training,training,not_assigned,provisional experimental-group allocation: training,experimental_group_holdout_primary,false,training,none,none
img_44974790651d1b7badfa,blank_background,PN148,AD,3R,AD_3R,15,DIV15,13,PN148_AD_3R_DIV15,PN148_3R_AD_DIV15,training,training,not_assigned,provisional experimental-group allocation: training,experimental_group_holdout_primary,false,training,none,none
img_1ba419dc88931db47c8c,blank_background,PN148,AD,3R,AD_3R,15,DIV15,14,PN148_AD_3R_DIV15,PN148_3R_AD_DIV15,training,training,not_assigned,provisional experimental-group allocation: training,experimental_group_holdout_primary,false,training,none,none
img_8830a6d9acf5e56b640e,fiber_image,PN148,AD,3R,AD_3R,15,DIV15,0,PN148_AD_3R_DIV15,PN148_3R_AD_DIV15,training,training,not_assigned,provisional experimental-group allocation: training,experimental_group_holdout_primary,false,not_applicable,none,none
img_505cd7e24570746eb343,fiber_image,PN148,AD,3R,AD_3R,15,DIV15,1,PN148_AD_3R_DIV15,PN148_3R_AD_DIV15,training,training,not_assigned,provisional experimental-group allocation: training,experimental_group_holdout_primary,false,not_applicable,none,none
img_4e2660d408847da12b06,fiber_image,PN148,AD,3R,AD_3R,15,DIV15,2,PN148_AD_3R_DIV15,PN148_3R_AD_DIV15,training,training,not_assigned,provisional experimental-group allocation: training,experimental_group_holdout_primary,false,not_applicable,none,none
img_1d372b942bfe596d7a49,fiber_image,PN148,AD,3R,AD_3R,15,DIV15,3,PN148_AD_3R_DIV15,PN148_3R_AD_DIV15,training,training,not_assigned,provisional experimental-group allocation: training,experimental_group_holdout_primary,false,not_applicable,none,none
img_79c11dc8dd0b0a49f865,fiber_image,PN148,AD,3R,AD_3R,15,DIV15,4,PN148_AD_3R_DIV15,PN148_3R_AD_DIV15,training,training,not_assigned,provisional experimental-group allocation: training,experimental_group_holdout_primary,false,not_applicable,none,none
img_85ce748975a3393c2d17,fiber_image,PN148,AD,3R,AD_3R,15,DIV15,5,PN148_AD_3R_DIV15,PN148_3R_AD_DIV15,training,training,not_assigned,provisional experimental-group allocation: training,experimental_group_holdout_primary,false,not_applicable,none,none
img_21d9ddf0ffd8048bcd84,fiber_image,PN148,AD,3R,AD_3R,15,DIV15,6,PN148_AD_3R_DIV15,PN148_3R_AD_DIV15,training,training,not_assigned,provisional experimental-group allocation: training,experimental_group_holdout_primary,false,not_applicable,none,none
img_c1500306e49cc8e495f8,fiber_image,PN148,AD,3R,AD_3R,15,DIV15,7,PN148_AD_3R_DIV15,PN148_3R_AD_DIV15,training,training,not_assigned,provisional experimental-group allocation: training,experimental_group_holdout_primary,false,not_applicable,none,none
img_798cf1833a642ab80384,fiber_image,PN148,AD,3R,AD_3R,15,DIV15,8,PN148_AD_3R_DIV15,PN148_3R_AD_DIV15,training,training,not_assigned,provisional experimental-group allocation: training,experimental_group_holdout_primary,false,not_applicable,none,none
img_b6351590f24603e95d3f,fiber_image,PN148,AD,3R,AD_3R,15,DIV15,9,PN148_AD_3R_DIV15,PN148_3R_AD_DIV15,training,training,not_assigned,provisional experimental-group allocation: training,experimental_group_holdout_primary,false,not_applicable,none,none
img_018568ce77d9fe75045e,fiber_image,PN148,AD,3R,AD_3R,15,DIV15,10,PN148_AD_3R_DIV15,PN148_3R_AD_DIV15,training,training,not_assigned,provisional experimental-group allocation: training,experimental_group_holdout_primary,false,not_applicable,none,none
img_a944862c7fce872e3dba,fiber_image,PN148,AD,3R,AD_3R,15,DIV15,11,PN148_AD_3R_DIV15,PN148_3R_AD_DIV15,training,training,not_assigned,provisional experimental-group allocation: training,experimental_group_holdout_primary,false,not_applicable,none,none
img_8e0c51682feb1faa3091,fiber_image,PN148,AD,3R,AD_3R,15,DIV15,12,PN148_AD_3R_DIV15,PN148_3R_AD_DIV15,training,training,not_assigned,provisional experimental-group allocation: training,experimental_group_holdout_primary,false,not_applicable,none,none
img_584433664b76efa247a2,fiber_image,PN148,AD,3R,AD_3R,15,DIV15,13,PN148_AD_3R_DIV15,PN148_3R_AD_DIV15,training,training,not_assigned,provisional experimental-group allocation: training,experimental_group_holdout_primary,false,not_applicable,none,none
img_cba861b4b4b990e6fa6d,fiber_image,PN148,AD,3R,AD_3R,15,DIV15,14,PN148_AD_3R_DIV15,PN148_3R_AD_DIV15,training,training,not_assigned,provisional experimental-group allocation: training,experimental_group_holdout_primary,false,not_applicable,none,none
img_ffe8f9679077448a6547,fiber_image,PN148,AD,4R,AD_4R,3,DIV03,0,PN148_AD_4R_DIV03,PN148_4R_AD_DIV03,training,training,not_assigned,provisional experimental-group allocation: training,experimental_group_holdout_primary,false,not_applicable,none,none
img_e65ecd6daf2b967a2c7c,fiber_image,PN148,AD,4R,AD_4R,3,DIV03,1,PN148_AD_4R_DIV03,PN148_4R_AD_DIV03,training,training,not_assigned,provisional experimental-group allocation: training,experimental_group_holdout_primary,false,not_applicable,none,none
img_9558a1d71dcf6b95f7a4,fiber_image,PN148,AD,4R,AD_4R,3,DIV03,2,PN148_AD_4R_DIV03,PN148_4R_AD_DIV03,training,training,not_assigned,provisional experimental-group allocation: training,experimental_group_holdout_primary,false,not_applicable,none,none
img_6b5b98f8d96a87042e50,fiber_image,PN148,AD,4R,AD_4R,3,DIV03,3,PN148_AD_4R_DIV03,PN148_4R_AD_DIV03,training,training,not_assigned,provisional experimental-group allocation: training,experimental_group_holdout_primary,false,not_applicable,none,none
img_01532e0ad5b9f9fe2c48,fiber_image,PN148,AD,4R,AD_4R,3,DIV03,4,PN148_AD_4R_DIV03,PN148_4R_AD_DIV03,training,training,not_assigned,provisional experimental-group allocation: training,experimental_group_holdout_primary,false,not_applicable,none,none
img_8d0c2b628359ba7e4a2d,fiber_image,PN148,AD,4R,AD_4R,3,DIV03,5,PN148_AD_4R_DIV03,PN148_4R_AD_DIV03,training,training,not_assigned,provisional experimental-group allocation: training,experimental_group_holdout_primary,false,not_applicable,none,none
img_822bb28426cde4056c4f,fiber_image,PN148,AD,4R,AD_4R,3,DIV03,6,PN148_AD_4R_DIV03,PN148_4R_AD_DIV03,training,training,not_assigned,provisional experimental-group allocation: training,experimental_group_holdout_primary,false,not_applicable,none,none
img_3cdc071da1fdc63f3ff6,fiber_image,PN148,AD,4R,AD_4R,3,DIV03,7,PN148_AD_4R_DIV03,PN148_4R_AD_DIV03,training,training,not_assigned,provisional experimental-group allocation: training,experimental_group_holdout_primary,false,not_applicable,none,none
img_96b6ee51a7c5c83b1aa5,fiber_image,PN148,AD,4R,AD_4R,3,DIV03,8,PN148_AD_4R_DIV03,PN148_4R_AD_DIV03,training,training,not_assigned,provisional experimental-group allocation: training,experimental_group_holdout_primary,false,not_applicable,none,none
img_cfd0cb960ac5c186e421,fiber_image,PN148,AD,4R,AD_4R,3,DIV03,9,PN148_AD_4R_DIV03,PN148_4R_AD_DIV03,training,training,not_assigned,provisional experimental-group allocation: training,experimental_group_holdout_primary,false,not_applicable,none,none
img_839563e0a840ae895b70,fiber_image,PN148,AD,4R,AD_4R,3,DIV03,10,PN148_AD_4R_DIV03,PN148_4R_AD_DIV03,training,training,not_assigned,provisional experimental-group allocation: training,experimental_group_holdout_primary,false,not_applicable,none,none
img_6cca2db2f0fbf1c19322,fiber_image,PN148,AD,4R,AD_4R,3,DIV03,11,PN148_AD_4R_DIV03,PN148_4R_AD_DIV03,training,training,not_assigned,provisional experimental-group allocation: training,experimental_group_holdout_primary,false,not_applicable,none,none
img_a932604b0214b11266f3,fiber_image,PN148,AD,4R,AD_4R,3,DIV03,12,PN148_AD_4R_DIV03,PN148_4R_AD_DIV03,training,training,not_assigned,provisional experimental-group allocation: training,experimental_group_holdout_primary,false,not_applicable,none,none
img_a5a6ba5893f585b84b23,fiber_image,PN148,AD,4R,AD_4R,3,DIV03,13,PN148_AD_4R_DIV03,PN148_4R_AD_DIV03,training,training,not_assigned,provisional experimental-group allocation: training,experimental_group_holdout_primary,false,not_applicable,none,none
img_648b6eb1c272ca979fb1,fiber_image,PN148,AD,4R,AD_4R,3,DIV03,14,PN148_AD_4R_DIV03,PN148_4R_AD_DIV03,training,training,not_assigned,provisional experimental-group allocation: training,experimental_group_holdout_primary,false,not_applicable,none,none
img_e3bf5a6236649911bada,fiber_image,PN148,AD,4R,AD_4R,5,DIV05,0,PN148_AD_4R_DIV05,PN148_4R_AD_DIV05,validation,validation,not_assigned,provisional experimental-group allocation: validation,experimental_group_holdout_primary,false,not_applicable,none,none
img_c804720d6fd07d9e6679,fiber_image,PN148,AD,4R,AD_4R,5,DIV05,1,PN148_AD_4R_DIV05,PN148_4R_AD_DIV05,validation,validation,not_assigned,provisional experimental-group allocation: validation,experimental_group_holdout_primary,false,not_applicable,none,none
img_f88e2fd3edb259ec1964,fiber_image,PN148,AD,4R,AD_4R,5,DIV05,2,PN148_AD_4R_DIV05,PN148_4R_AD_DIV05,validation,validation,not_assigned,provisional experimental-group allocation: validation,experimental_group_holdout_primary,false,not_applicable,none,none
img_ed67f4642a4028cb033a,fiber_image,PN148,AD,4R,AD_4R,5,DIV05,3,PN148_AD_4R_DIV05,PN148_4R_AD_DIV05,validation,validation,not_assigned,provisional experimental-group allocation: validation,experimental_group_holdout_primary,false,not_applicable,none,none
img_8c816d0e2e8147917871,fiber_image,PN148,AD,4R,AD_4R,5,DIV05,4,PN148_AD_4R_DIV05,PN148_4R_AD_DIV05,validation,validation,not_assigned,provisional experimental-group allocation: validation,experimental_group_holdout_primary,false,not_applicable,none,none
img_e87a06f9a35fde3e8a23,fiber_image,PN148,AD,4R,AD_4R,5,DIV05,5,PN148_AD_4R_DIV05,PN148_4R_AD_DIV05,validation,validation,not_assigned,provisional experimental-group allocation: validation,experimental_group_holdout_primary,false,not_applicable,none,none
img_f2a4e8adf955a2b7b6dc,fiber_image,PN148,AD,4R,AD_4R,5,DIV05,6,PN148_AD_4R_DIV05,PN148_4R_AD_DIV05,validation,validation,not_assigned,provisional experimental-group allocation: validation,experimental_group_holdout_primary,false,not_applicable,none,none
img_15385540729876baa5f7,fiber_image,PN148,AD,4R,AD_4R,5,DIV05,7,PN148_AD_4R_DIV05,PN148_4R_AD_DIV05,validation,validation,not_assigned,provisional experimental-group allocation: validation,experimental_group_holdout_primary,false,not_applicable,none,none
img_414f0f6f813db3e80096,fiber_image,PN148,AD,4R,AD_4R,5,DIV05,8,PN148_AD_4R_DIV05,PN148_4R_AD_DIV05,validation,validation,not_assigned,provisional experimental-group allocation: validation,experimental_group_holdout_primary,false,not_applicable,none,none
img_372a243fcfdc47a503d9,fiber_image,PN148,AD,4R,AD_4R,5,DIV05,9,PN148_AD_4R_DIV05,PN148_4R_AD_DIV05,validation,validation,not_assigned,provisional experimental-group allocation: validation,experimental_group_holdout_primary,false,not_applicable,none,none
img_77b73ab46b8cd538492a,fiber_image,PN148,AD,4R,AD_4R,5,DIV05,10,PN148_AD_4R_DIV05,PN148_4R_AD_DIV05,validation,validation,not_assigned,provisional experimental-group allocation: validation,experimental_group_holdout_primary,false,not_applicable,none,none
img_637db4d17f922cdc72d4,fiber_image,PN148,AD,4R,AD_4R,5,DIV05,11,PN148_AD_4R_DIV05,PN148_4R_AD_DIV05,validation,validation,not_assigned,provisional experimental-group allocation: validation,experimental_group_holdout_primary,false,not_applicable,none,none
img_9be7971faaa17ec1d33d,fiber_image,PN148,AD,4R,AD_4R,5,DIV05,12,PN148_AD_4R_DIV05,PN148_4R_AD_DIV05,validation,validation,not_assigned,provisional experimental-group allocation: validation,experimental_group_holdout_primary,false,not_applicable,none,none
img_dc28709b0cb3df55e38f,fiber_image,PN148,AD,4R,AD_4R,5,DIV05,13,PN148_AD_4R_DIV05,PN148_4R_AD_DIV05,validation,validation,not_assigned,provisional experimental-group allocation: validation,experimental_group_holdout_primary,false,not_applicable,none,none
img_b29fda7a6fd531ef42be,fiber_image,PN148,AD,4R,AD_4R,5,DIV05,14,PN148_AD_4R_DIV05,PN148_4R_AD_DIV05,validation,validation,not_assigned,provisional experimental-group allocation: validation,experimental_group_holdout_primary,false,not_applicable,none,none
img_d373ad4884dfcea84daf,fiber_image,PN148,AD,4R,AD_4R,7,DIV07,0,PN148_AD_4R_DIV07,PN148_4R_AD_DIV07,held_out_test,held_out_test,not_assigned,provisional experimental-group allocation: held_out_test,experimental_group_holdout_primary,false,not_applicable,none,none
img_cc031204543516db8eae,fiber_image,PN148,AD,4R,AD_4R,7,DIV07,1,PN148_AD_4R_DIV07,PN148_4R_AD_DIV07,held_out_test,held_out_test,not_assigned,provisional experimental-group allocation: held_out_test,experimental_group_holdout_primary,false,not_applicable,none,none
img_56a25e3e4997f89c42aa,fiber_image,PN148,AD,4R,AD_4R,7,DIV07,2,PN148_AD_4R_DIV07,PN148_4R_AD_DIV07,held_out_test,held_out_test,not_assigned,provisional experimental-group allocation: held_out_test,experimental_group_holdout_primary,false,not_applicable,none,none
img_57996215113fcf03934b,fiber_image,PN148,AD,4R,AD_4R,7,DIV07,3,PN148_AD_4R_DIV07,PN148_4R_AD_DIV07,held_out_test,held_out_test,not_assigned,provisional experimental-group allocation: held_out_test,experimental_group_holdout_primary,false,not_applicable,none,none
img_f20204ee9ed36e48eaf7,fiber_image,PN148,AD,4R,AD_4R,7,DIV07,4,PN148_AD_4R_DIV07,PN148_4R_AD_DIV07,held_out_test,held_out_test,not_assigned,provisional experimental-group allocation: held_out_test,experimental_group_holdout_primary,false,not_applicable,none,none
img_5cc6606e92c4864b9701,fiber_image,PN148,AD,4R,AD_4R,7,DIV07,5,PN148_AD_4R_DIV07,PN148_4R_AD_DIV07,held_out_test,held_out_test,not_assigned,provisional experimental-group allocation: held_out_test,experimental_group_holdout_primary,false,not_applicable,none,none
img_21e417b6dc2b1e4c8168,fiber_image,PN148,AD,4R,AD_4R,7,DIV07,6,PN148_AD_4R_DIV07,PN148_4R_AD_DIV07,held_out_test,held_out_test,not_assigned,provisional experimental-group allocation: held_out_test,experimental_group_holdout_primary,false,not_applicable,none,none
img_689929ef4bf6ab1d3f1a,fiber_image,PN148,AD,4R,AD_4R,7,DIV07,7,PN148_AD_4R_DIV07,PN148_4R_AD_DIV07,held_out_test,held_out_test,not_assigned,provisional experimental-group allocation: held_out_test,experimental_group_holdout_primary,false,not_applicable,none,none
img_de7bd76839ab30a140a6,fiber_image,PN148,AD,4R,AD_4R,7,DIV07,8,PN148_AD_4R_DIV07,PN148_4R_AD_DIV07,held_out_test,held_out_test,not_assigned,provisional experimental-group allocation: held_out_test,experimental_group_holdout_primary,false,not_applicable,none,none
img_e785c33ad47f4bb18b26,fiber_image,PN148,AD,4R,AD_4R,7,DIV07,9,PN148_AD_4R_DIV07,PN148_4R_AD_DIV07,held_out_test,held_out_test,not_assigned,provisional experimental-group allocation: held_out_test,experimental_group_holdout_primary,false,not_applicable,none,none
img_79b14c461144736b09fa,fiber_image,PN148,AD,4R,AD_4R,7,DIV07,10,PN148_AD_4R_DIV07,PN148_4R_AD_DIV07,held_out_test,held_out_test,not_assigned,provisional experimental-group allocation: held_out_test,experimental_group_holdout_primary,false,not_applicable,none,none
img_b60360127e3ae0ac5649,fiber_image,PN148,AD,4R,AD_4R,7,DIV07,11,PN148_AD_4R_DIV07,PN148_4R_AD_DIV07,held_out_test,held_out_test,not_assigned,provisional experimental-group allocation: held_out_test,experimental_group_holdout_primary,false,not_applicable,none,none
img_3d0ffe0ab05e8d0506c7,fiber_image,PN148,AD,4R,AD_4R,7,DIV07,12,PN148_AD_4R_DIV07,PN148_4R_AD_DIV07,held_out_test,held_out_test,not_assigned,provisional experimental-group allocation: held_out_test,experimental_group_holdout_primary,false,not_applicable,none,none
img_9cc7dcf4db10cb43177e,fiber_image,PN148,AD,4R,AD_4R,7,DIV07,13,PN148_AD_4R_DIV07,PN148_4R_AD_DIV07,held_out_test,held_out_test,not_assigned,provisional experimental-group allocation: held_out_test,experimental_group_holdout_primary,false,not_applicable,none,none
img_41bb5554774f9a686da7,fiber_image,PN148,AD,4R,AD_4R,7,DIV07,14,PN148_AD_4R_DIV07,PN148_4R_AD_DIV07,held_out_test,held_out_test,not_assigned,provisional experimental-group allocation: held_out_test,experimental_group_holdout_primary,false,not_applicable,none,none
img_bd63c74031414a1fefb3,fiber_image,PN148,AD,4R,AD_4R,10,DIV10,0,PN148_AD_4R_DIV10,PN148_4R_AD_DIV10,calibration,calibration,not_assigned,provisional experimental-group allocation: calibration,experimental_group_holdout_primary,false,not_applicable,none,none
img_46f3ae514baa7e03beba,fiber_image,PN148,AD,4R,AD_4R,10,DIV10,1,PN148_AD_4R_DIV10,PN148_4R_AD_DIV10,calibration,calibration,not_assigned,provisional experimental-group allocation: calibration,experimental_group_holdout_primary,false,not_applicable,none,none
img_331b612f7d2f479e437d,fiber_image,PN148,AD,4R,AD_4R,10,DIV10,2,PN148_AD_4R_DIV10,PN148_4R_AD_DIV10,calibration,calibration,not_assigned,provisional experimental-group allocation: calibration,experimental_group_holdout_primary,false,not_applicable,none,none
img_4ebe337cfe06f411d894,fiber_image,PN148,AD,4R,AD_4R,10,DIV10,3,PN148_AD_4R_DIV10,PN148_4R_AD_DIV10,calibration,calibration,not_assigned,provisional experimental-group allocation: calibration,experimental_group_holdout_primary,false,not_applicable,none,none
img_00273a310a71b5db79f4,fiber_image,PN148,AD,4R,AD_4R,10,DIV10,4,PN148_AD_4R_DIV10,PN148_4R_AD_DIV10,calibration,calibration,not_assigned,provisional experimental-group allocation: calibration,experimental_group_holdout_primary,false,not_applicable,none,none
img_e9ba8fa15859a8a323ed,fiber_image,PN148,AD,4R,AD_4R,10,DIV10,5,PN148_AD_4R_DIV10,PN148_4R_AD_DIV10,calibration,calibration,not_assigned,provisional experimental-group allocation: calibration,experimental_group_holdout_primary,false,not_applicable,none,none
img_943808ea0d8b25dea7de,fiber_image,PN148,AD,4R,AD_4R,10,DIV10,6,PN148_AD_4R_DIV10,PN148_4R_AD_DIV10,calibration,calibration,not_assigned,provisional experimental-group allocation: calibration,experimental_group_holdout_primary,false,not_applicable,none,none
img_c05a7da03d4448065d5e,fiber_image,PN148,AD,4R,AD_4R,10,DIV10,7,PN148_AD_4R_DIV10,PN148_4R_AD_DIV10,calibration,calibration,not_assigned,provisional experimental-group allocation: calibration,experimental_group_holdout_primary,false,not_applicable,none,none
img_fa70735736b0e419c83c,fiber_image,PN148,AD,4R,AD_4R,10,DIV10,8,PN148_AD_4R_DIV10,PN148_4R_AD_DIV10,calibration,calibration,not_assigned,provisional experimental-group allocation: calibration,experimental_group_holdout_primary,false,not_applicable,none,none
img_4cb4bb6c9c71e61aa6bc,fiber_image,PN148,AD,4R,AD_4R,10,DIV10,9,PN148_AD_4R_DIV10,PN148_4R_AD_DIV10,calibration,calibration,not_assigned,provisional experimental-group allocation: calibration,experimental_group_holdout_primary,false,not_applicable,none,none
img_65178436bd414dabb8b0,fiber_image,PN148,AD,4R,AD_4R,10,DIV10,10,PN148_AD_4R_DIV10,PN148_4R_AD_DIV10,calibration,calibration,not_assigned,provisional experimental-group allocation: calibration,experimental_group_holdout_primary,false,not_applicable,none,none
img_31a00366f5f179e9e086,fiber_image,PN148,AD,4R,AD_4R,10,DIV10,11,PN148_AD_4R_DIV10,PN148_4R_AD_DIV10,calibration,calibration,not_assigned,provisional experimental-group allocation: calibration,experimental_group_holdout_primary,false,not_applicable,none,none
img_39a44a19f55fb9c62af7,fiber_image,PN148,AD,4R,AD_4R,10,DIV10,12,PN148_AD_4R_DIV10,PN148_4R_AD_DIV10,calibration,calibration,not_assigned,provisional experimental-group allocation: calibration,experimental_group_holdout_primary,false,not_applicable,none,none
img_e5d17c9921286c5d1928,fiber_image,PN148,AD,4R,AD_4R,10,DIV10,13,PN148_AD_4R_DIV10,PN148_4R_AD_DIV10,calibration,calibration,not_assigned,provisional experimental-group allocation: calibration,experimental_group_holdout_primary,false,not_applicable,none,none
img_cc135a56d0cc52f3dffa,fiber_image,PN148,AD,4R,AD_4R,10,DIV10,14,PN148_AD_4R_DIV10,PN148_4R_AD_DIV10,calibration,calibration,not_assigned,provisional experimental-group allocation: calibration,experimental_group_holdout_primary,false,not_applicable,none,none
img_18c88a5dbc0dccf62c2b,fiber_image,PN148,AD,4R,AD_4R,11,DIV11,0,PN148_AD_4R_DIV11,PN148_4R_AD_DIV11,training,training,not_assigned,provisional experimental-group allocation: training,experimental_group_holdout_primary,false,not_applicable,none,none
img_78c052f87e821ed7ff41,fiber_image,PN148,AD,4R,AD_4R,11,DIV11,1,PN148_AD_4R_DIV11,PN148_4R_AD_DIV11,training,training,not_assigned,provisional experimental-group allocation: training,experimental_group_holdout_primary,false,not_applicable,none,none
img_e1a5d96336c4c0727b61,fiber_image,PN148,AD,4R,AD_4R,11,DIV11,2,PN148_AD_4R_DIV11,PN148_4R_AD_DIV11,training,training,not_assigned,provisional experimental-group allocation: training,experimental_group_holdout_primary,false,not_applicable,none,none
img_0f164cb8ee547f9dd9a6,fiber_image,PN148,AD,4R,AD_4R,11,DIV11,3,PN148_AD_4R_DIV11,PN148_4R_AD_DIV11,training,training,not_assigned,provisional experimental-group allocation: training,experimental_group_holdout_primary,false,not_applicable,none,none
img_fa4c23366882cee35ccc,fiber_image,PN148,AD,4R,AD_4R,11,DIV11,4,PN148_AD_4R_DIV11,PN148_4R_AD_DIV11,training,training,not_assigned,provisional experimental-group allocation: training,experimental_group_holdout_primary,false,not_applicable,none,none
img_b23af0f484db759424fc,fiber_image,PN148,AD,4R,AD_4R,11,DIV11,5,PN148_AD_4R_DIV11,PN148_4R_AD_DIV11,training,training,not_assigned,provisional experimental-group allocation: training,experimental_group_holdout_primary,false,not_applicable,none,none
img_eeff1c9a1432fe849e29,fiber_image,PN148,AD,4R,AD_4R,11,DIV11,6,PN148_AD_4R_DIV11,PN148_4R_AD_DIV11,training,training,not_assigned,provisional experimental-group allocation: training,experimental_group_holdout_primary,false,not_applicable,none,none
img_b462715140bead2b1473,fiber_image,PN148,AD,4R,AD_4R,11,DIV11,7,PN148_AD_4R_DIV11,PN148_4R_AD_DIV11,training,training,not_assigned,provisional experimental-group allocation: training,experimental_group_holdout_primary,false,not_applicable,none,none
img_d6984804cb9cad8e69e9,fiber_image,PN148,AD,4R,AD_4R,11,DIV11,8,PN148_AD_4R_DIV11,PN148_4R_AD_DIV11,training,training,not_assigned,provisional experimental-group allocation: training,experimental_group_holdout_primary,false,not_applicable,none,none
img_43d38bff63cdc1ef6390,fiber_image,PN148,AD,4R,AD_4R,11,DIV11,9,PN148_AD_4R_DIV11,PN148_4R_AD_DIV11,training,training,not_assigned,provisional experimental-group allocation: training,experimental_group_holdout_primary,false,not_applicable,none,none
img_2ff366d8b4750ac632ab,fiber_image,PN148,AD,4R,AD_4R,11,DIV11,10,PN148_AD_4R_DIV11,PN148_4R_AD_DIV11,training,training,not_assigned,provisional experimental-group allocation: training,experimental_group_holdout_primary,false,not_applicable,none,none
img_776443bed316d0f14f2a,fiber_image,PN148,AD,4R,AD_4R,11,DIV11,11,PN148_AD_4R_DIV11,PN148_4R_AD_DIV11,training,training,not_assigned,provisional experimental-group allocation: training,experimental_group_holdout_primary,false,not_applicable,none,none
img_bddeacd2f32f288dd891,fiber_image,PN148,AD,4R,AD_4R,11,DIV11,12,PN148_AD_4R_DIV11,PN148_4R_AD_DIV11,training,training,not_assigned,provisional experimental-group allocation: training,experimental_group_holdout_primary,false,not_applicable,none,none
img_15d210d3c4dae741fe80,fiber_image,PN148,AD,4R,AD_4R,11,DIV11,13,PN148_AD_4R_DIV11,PN148_4R_AD_DIV11,training,training,not_assigned,provisional experimental-group allocation: training,experimental_group_holdout_primary,false,not_applicable,none,none
img_7b8e64bf6d5cb3acac20,fiber_image,PN148,AD,4R,AD_4R,11,DIV11,14,PN148_AD_4R_DIV11,PN148_4R_AD_DIV11,training,training,not_assigned,provisional experimental-group allocation: training,experimental_group_holdout_primary,false,not_applicable,none,none
img_1093d39c10b8866240ef,blank_background,PN148,AD,4R,AD_4R,13,DIV13,0,PN148_AD_4R_DIV13,PN148_4R_AD_DIV13,training,training,not_assigned,provisional experimental-group allocation: training,experimental_group_holdout_primary,false,training,none,none
img_4d9d3625c64a57acb19e,blank_background,PN148,AD,4R,AD_4R,13,DIV13,1,PN148_AD_4R_DIV13,PN148_4R_AD_DIV13,training,training,not_assigned,provisional experimental-group allocation: training,experimental_group_holdout_primary,false,training,none,none
img_08ae300ced4437e087dc,blank_background,PN148,AD,4R,AD_4R,13,DIV13,2,PN148_AD_4R_DIV13,PN148_4R_AD_DIV13,training,training,not_assigned,provisional experimental-group allocation: training,experimental_group_holdout_primary,false,training,none,none
img_c00182c8d4f47fe67aa9,blank_background,PN148,AD,4R,AD_4R,13,DIV13,3,PN148_AD_4R_DIV13,PN148_4R_AD_DIV13,training,training,not_assigned,provisional experimental-group allocation: training,experimental_group_holdout_primary,false,training,none,none
img_f2a8653ec1225506a72c,blank_background,PN148,AD,4R,AD_4R,13,DIV13,4,PN148_AD_4R_DIV13,PN148_4R_AD_DIV13,training,training,not_assigned,provisional experimental-group allocation: training,experimental_group_holdout_primary,false,training,none,none
img_918a8d57c1cfbf26031e,blank_background,PN148,AD,4R,AD_4R,13,DIV13,5,PN148_AD_4R_DIV13,PN148_4R_AD_DIV13,training,training,not_assigned,provisional experimental-group allocation: training,experimental_group_holdout_primary,false,training,none,none
img_7614f115c69c8f5322b1,blank_background,PN148,AD,4R,AD_4R,13,DIV13,6,PN148_AD_4R_DIV13,PN148_4R_AD_DIV13,training,training,not_assigned,provisional experimental-group allocation: training,experimental_group_holdout_primary,false,training,none,none
img_9a69c45d7e06db0d986d,blank_background,PN148,AD,4R,AD_4R,13,DIV13,7,PN148_AD_4R_DIV13,PN148_4R_AD_DIV13,training,training,not_assigned,provisional experimental-group allocation: training,experimental_group_holdout_primary,false,training,none,none
img_308fa0196a5896a7896b,blank_background,PN148,AD,4R,AD_4R,13,DIV13,8,PN148_AD_4R_DIV13,PN148_4R_AD_DIV13,training,training,not_assigned,provisional experimental-group allocation: training,experimental_group_holdout_primary,false,training,none,none
img_b30eb561e93baf3b6805,blank_background,PN148,AD,4R,AD_4R,13,DIV13,9,PN148_AD_4R_DIV13,PN148_4R_AD_DIV13,training,training,not_assigned,provisional experimental-group allocation: training,experimental_group_holdout_primary,false,training,none,none
img_10b1191cd6b41696b305,blank_background,PN148,AD,4R,AD_4R,13,DIV13,10,PN148_AD_4R_DIV13,PN148_4R_AD_DIV13,training,training,not_assigned,provisional experimental-group allocation: training,experimental_group_holdout_primary,false,training,none,none
img_f40f7e407dc3b95780c6,blank_background,PN148,AD,4R,AD_4R,13,DIV13,11,PN148_AD_4R_DIV13,PN148_4R_AD_DIV13,training,training,not_assigned,provisional experimental-group allocation: training,experimental_group_holdout_primary,false,training,none,none
img_351f2b19d31066686b88,blank_background,PN148,AD,4R,AD_4R,13,DIV13,12,PN148_AD_4R_DIV13,PN148_4R_AD_DIV13,training,training,not_assigned,provisional experimental-group allocation: training,experimental_group_holdout_primary,false,training,none,none
img_554468edaeb27daf1a00,blank_background,PN148,AD,4R,AD_4R,13,DIV13,13,PN148_AD_4R_DIV13,PN148_4R_AD_DIV13,training,training,not_assigned,provisional experimental-group allocation: training,experimental_group_holdout_primary,false,training,none,none
img_cefbf3d960c7c90cf3ce,blank_background,PN148,AD,4R,AD_4R,13,DIV13,14,PN148_AD_4R_DIV13,PN148_4R_AD_DIV13,training,training,not_assigned,provisional experimental-group allocation: training,experimental_group_holdout_primary,false,training,none,none
img_df16d2252b68aacf862e,fiber_image,PN148,AD,4R,AD_4R,13,DIV13,0,PN148_AD_4R_DIV13,PN148_4R_AD_DIV13,training,training,not_assigned,provisional experimental-group allocation: training,experimental_group_holdout_primary,false,not_applicable,none,none
img_2da90fec3611f47027f4,fiber_image,PN148,AD,4R,AD_4R,13,DIV13,1,PN148_AD_4R_DIV13,PN148_4R_AD_DIV13,training,training,not_assigned,provisional experimental-group allocation: training,experimental_group_holdout_primary,false,not_applicable,none,none
img_6658f18b1f62768c02f0,fiber_image,PN148,AD,4R,AD_4R,13,DIV13,2,PN148_AD_4R_DIV13,PN148_4R_AD_DIV13,training,training,not_assigned,provisional experimental-group allocation: training,experimental_group_holdout_primary,false,not_applicable,none,none
img_4e5e605d4c6a24528512,fiber_image,PN148,AD,4R,AD_4R,13,DIV13,3,PN148_AD_4R_DIV13,PN148_4R_AD_DIV13,training,training,not_assigned,provisional experimental-group allocation: training,experimental_group_holdout_primary,false,not_applicable,none,none
img_fa29415943a06d5235ad,fiber_image,PN148,AD,4R,AD_4R,13,DIV13,4,PN148_AD_4R_DIV13,PN148_4R_AD_DIV13,training,training,not_assigned,provisional experimental-group allocation: training,experimental_group_holdout_primary,false,not_applicable,none,none
img_98cd2f9af6b0ef96f72b,fiber_image,PN148,AD,4R,AD_4R,13,DIV13,5,PN148_AD_4R_DIV13,PN148_4R_AD_DIV13,training,training,not_assigned,provisional experimental-group allocation: training,experimental_group_holdout_primary,false,not_applicable,none,none
img_abcef14420bc768db8b2,fiber_image,PN148,AD,4R,AD_4R,13,DIV13,6,PN148_AD_4R_DIV13,PN148_4R_AD_DIV13,training,training,not_assigned,provisional experimental-group allocation: training,experimental_group_holdout_primary,false,not_applicable,none,none
img_2ded3c9ef550d9aa031a,fiber_image,PN148,AD,4R,AD_4R,13,DIV13,7,PN148_AD_4R_DIV13,PN148_4R_AD_DIV13,training,training,not_assigned,provisional experimental-group allocation: training,experimental_group_holdout_primary,false,not_applicable,none,none
img_4d8a4e9d7e179fe45d74,fiber_image,PN148,AD,4R,AD_4R,13,DIV13,8,PN148_AD_4R_DIV13,PN148_4R_AD_DIV13,training,training,not_assigned,provisional experimental-group allocation: training,experimental_group_holdout_primary,false,not_applicable,none,none
img_4775e3a57acb9e383e77,fiber_image,PN148,AD,4R,AD_4R,13,DIV13,9,PN148_AD_4R_DIV13,PN148_4R_AD_DIV13,training,training,not_assigned,provisional experimental-group allocation: training,experimental_group_holdout_primary,false,not_applicable,none,none
img_49b247329baba41b3bca,fiber_image,PN148,AD,4R,AD_4R,13,DIV13,10,PN148_AD_4R_DIV13,PN148_4R_AD_DIV13,training,training,not_assigned,provisional experimental-group allocation: training,experimental_group_holdout_primary,false,not_applicable,none,none
img_5a8ad97e9d63cf64d636,fiber_image,PN148,AD,4R,AD_4R,13,DIV13,11,PN148_AD_4R_DIV13,PN148_4R_AD_DIV13,training,training,not_assigned,provisional experimental-group allocation: training,experimental_group_holdout_primary,false,not_applicable,none,none
img_c8f8b391aa337044d45a,fiber_image,PN148,AD,4R,AD_4R,13,DIV13,12,PN148_AD_4R_DIV13,PN148_4R_AD_DIV13,training,training,not_assigned,provisional experimental-group allocation: training,experimental_group_holdout_primary,false,not_applicable,none,none
img_ad58368bc1eca3a47489,fiber_image,PN148,AD,4R,AD_4R,13,DIV13,13,PN148_AD_4R_DIV13,PN148_4R_AD_DIV13,training,training,not_assigned,provisional experimental-group allocation: training,experimental_group_holdout_primary,false,not_applicable,none,none
img_de5ae8fa102ed9d996cc,fiber_image,PN148,AD,4R,AD_4R,13,DIV13,14,PN148_AD_4R_DIV13,PN148_4R_AD_DIV13,training,training,not_assigned,provisional experimental-group allocation: training,experimental_group_holdout_primary,false,not_applicable,none,none
img_7275744ad01f9811e671,fiber_image,PN148,PID,3R,PID_3R,3,DIV3,0,PN148_PID_3R_DIV03,PN148_3R_PID_DIV3,training,training,not_assigned,provisional experimental-group allocation: training,experimental_group_holdout_primary,false,not_applicable,none,none
img_bf1694d4e365cff35a62,fiber_image,PN148,PID,3R,PID_3R,3,DIV3,1,PN148_PID_3R_DIV03,PN148_3R_PID_DIV3,training,training,not_assigned,provisional experimental-group allocation: training,experimental_group_holdout_primary,false,not_applicable,none,none
img_41b124c7125fd8108499,fiber_image,PN148,PID,3R,PID_3R,3,DIV3,2,PN148_PID_3R_DIV03,PN148_3R_PID_DIV3,training,training,not_assigned,provisional experimental-group allocation: training,experimental_group_holdout_primary,false,not_applicable,none,none
img_690123f10228d6e1f446,fiber_image,PN148,PID,3R,PID_3R,3,DIV3,3,PN148_PID_3R_DIV03,PN148_3R_PID_DIV3,training,training,not_assigned,provisional experimental-group allocation: training,experimental_group_holdout_primary,false,not_applicable,none,none
img_f8b087715400eaf2d090,fiber_image,PN148,PID,3R,PID_3R,3,DIV3,4,PN148_PID_3R_DIV03,PN148_3R_PID_DIV3,training,training,not_assigned,provisional experimental-group allocation: training,experimental_group_holdout_primary,false,not_applicable,none,none
img_9e7050eea828ab4885cd,fiber_image,PN148,PID,3R,PID_3R,3,DIV3,5,PN148_PID_3R_DIV03,PN148_3R_PID_DIV3,training,training,not_assigned,provisional experimental-group allocation: training,experimental_group_holdout_primary,false,not_applicable,none,none
img_862a8482f2a82d7f0e76,fiber_image,PN148,PID,3R,PID_3R,3,DIV3,6,PN148_PID_3R_DIV03,PN148_3R_PID_DIV3,training,training,not_assigned,provisional experimental-group allocation: training,experimental_group_holdout_primary,false,not_applicable,none,none
img_a637c5c54d068c15bf2f,fiber_image,PN148,PID,3R,PID_3R,3,DIV3,7,PN148_PID_3R_DIV03,PN148_3R_PID_DIV3,training,training,not_assigned,provisional experimental-group allocation: training,experimental_group_holdout_primary,false,not_applicable,none,none
img_f91ee4e1edb9a29fcec5,fiber_image,PN148,PID,3R,PID_3R,3,DIV3,8,PN148_PID_3R_DIV03,PN148_3R_PID_DIV3,training,training,not_assigned,provisional experimental-group allocation: training,experimental_group_holdout_primary,false,not_applicable,none,none
img_2c31dc8f71170d7bb3ad,fiber_image,PN148,PID,3R,PID_3R,3,DIV3,9,PN148_PID_3R_DIV03,PN148_3R_PID_DIV3,training,training,not_assigned,provisional experimental-group allocation: training,experimental_group_holdout_primary,false,not_applicable,none,none
img_c94137ae3e45b77f72db,fiber_image,PN148,PID,3R,PID_3R,3,DIV3,10,PN148_PID_3R_DIV03,PN148_3R_PID_DIV3,training,training,not_assigned,provisional experimental-group allocation: training,experimental_group_holdout_primary,false,not_applicable,none,none
img_ef66d932879e2b208bbe,fiber_image,PN148,PID,3R,PID_3R,3,DIV3,11,PN148_PID_3R_DIV03,PN148_3R_PID_DIV3,training,training,not_assigned,provisional experimental-group allocation: training,experimental_group_holdout_primary,false,not_applicable,none,none
img_0916cadf8dc3c71e66d3,fiber_image,PN148,PID,3R,PID_3R,3,DIV3,12,PN148_PID_3R_DIV03,PN148_3R_PID_DIV3,training,training,not_assigned,provisional experimental-group allocation: training,experimental_group_holdout_primary,false,not_applicable,none,none
img_148ac93b65e098647334,fiber_image,PN148,PID,3R,PID_3R,3,DIV3,13,PN148_PID_3R_DIV03,PN148_3R_PID_DIV3,training,training,not_assigned,provisional experimental-group allocation: training,experimental_group_holdout_primary,false,not_applicable,none,none
img_8c2d498da7a38bb2781a,fiber_image,PN148,PID,3R,PID_3R,3,DIV3,14,PN148_PID_3R_DIV03,PN148_3R_PID_DIV3,training,training,not_assigned,provisional experimental-group allocation: training,experimental_group_holdout_primary,false,not_applicable,none,none
img_0040227f2d45f5a55970,fiber_image,PN148,PID,3R,PID_3R,5,DIV05,0,PN148_PID_3R_DIV05,PN148_3R_PID_DIV05,validation,validation,not_assigned,provisional experimental-group allocation: validation,experimental_group_holdout_primary,false,not_applicable,none,none
img_a228a561455936e948e7,fiber_image,PN148,PID,3R,PID_3R,5,DIV05,1,PN148_PID_3R_DIV05,PN148_3R_PID_DIV05,validation,validation,not_assigned,provisional experimental-group allocation: validation,experimental_group_holdout_primary,false,not_applicable,none,none
img_2682051c7397e1b12852,fiber_image,PN148,PID,3R,PID_3R,5,DIV05,2,PN148_PID_3R_DIV05,PN148_3R_PID_DIV05,validation,validation,not_assigned,provisional experimental-group allocation: validation,experimental_group_holdout_primary,false,not_applicable,none,none
img_b7d88db967435df05497,fiber_image,PN148,PID,3R,PID_3R,5,DIV05,3,PN148_PID_3R_DIV05,PN148_3R_PID_DIV05,validation,validation,not_assigned,provisional experimental-group allocation: validation,experimental_group_holdout_primary,false,not_applicable,none,none
img_70509117c44d8bfb9cca,fiber_image,PN148,PID,3R,PID_3R,5,DIV05,4,PN148_PID_3R_DIV05,PN148_3R_PID_DIV05,validation,validation,not_assigned,provisional experimental-group allocation: validation,experimental_group_holdout_primary,false,not_applicable,none,none
img_c768f56a53f78ba6ec9c,fiber_image,PN148,PID,3R,PID_3R,5,DIV05,5,PN148_PID_3R_DIV05,PN148_3R_PID_DIV05,validation,validation,not_assigned,provisional experimental-group allocation: validation,experimental_group_holdout_primary,false,not_applicable,none,none
img_6be6ec8bc3e26c4c81a0,fiber_image,PN148,PID,3R,PID_3R,5,DIV05,6,PN148_PID_3R_DIV05,PN148_3R_PID_DIV05,validation,validation,not_assigned,provisional experimental-group allocation: validation,experimental_group_holdout_primary,false,not_applicable,none,none
img_33f44c3ef71f140e1662,fiber_image,PN148,PID,3R,PID_3R,5,DIV05,7,PN148_PID_3R_DIV05,PN148_3R_PID_DIV05,validation,validation,not_assigned,provisional experimental-group allocation: validation,experimental_group_holdout_primary,false,not_applicable,none,none
img_6ee60f52b435a1e290f0,fiber_image,PN148,PID,3R,PID_3R,5,DIV05,8,PN148_PID_3R_DIV05,PN148_3R_PID_DIV05,validation,validation,not_assigned,provisional experimental-group allocation: validation,experimental_group_holdout_primary,false,not_applicable,none,none
img_bd06985746786ab4b480,fiber_image,PN148,PID,3R,PID_3R,5,DIV05,9,PN148_PID_3R_DIV05,PN148_3R_PID_DIV05,validation,validation,not_assigned,provisional experimental-group allocation: validation,experimental_group_holdout_primary,false,not_applicable,none,none
img_467a144c1914e7179f96,fiber_image,PN148,PID,3R,PID_3R,5,DIV05,10,PN148_PID_3R_DIV05,PN148_3R_PID_DIV05,validation,validation,not_assigned,provisional experimental-group allocation: validation,experimental_group_holdout_primary,false,not_applicable,none,none
img_4e272d59b77eda23dc70,fiber_image,PN148,PID,3R,PID_3R,5,DIV05,11,PN148_PID_3R_DIV05,PN148_3R_PID_DIV05,validation,validation,not_assigned,provisional experimental-group allocation: validation,experimental_group_holdout_primary,false,not_applicable,none,none
img_8c3e1bafe832abb0ecab,fiber_image,PN148,PID,3R,PID_3R,5,DIV05,12,PN148_PID_3R_DIV05,PN148_3R_PID_DIV05,validation,validation,not_assigned,provisional experimental-group allocation: validation,experimental_group_holdout_primary,false,not_applicable,none,none
img_fc983fb7b06ded76939c,fiber_image,PN148,PID,3R,PID_3R,5,DIV05,13,PN148_PID_3R_DIV05,PN148_3R_PID_DIV05,validation,validation,not_assigned,provisional experimental-group allocation: validation,experimental_group_holdout_primary,false,not_applicable,none,none
img_cad83080e420fd977a9b,fiber_image,PN148,PID,3R,PID_3R,5,DIV05,14,PN148_PID_3R_DIV05,PN148_3R_PID_DIV05,validation,validation,not_assigned,provisional experimental-group allocation: validation,experimental_group_holdout_primary,false,not_applicable,none,none
img_0d1a204dc44c503a4866,fiber_image,PN148,PID,3R,PID_3R,7,DIV7,0,PN148_PID_3R_DIV07,PN148_3R_PID_DIV7,held_out_test,held_out_test,not_assigned,provisional experimental-group allocation: held_out_test,experimental_group_holdout_primary,false,not_applicable,none,none
img_205220a50b2d1d57defc,fiber_image,PN148,PID,3R,PID_3R,7,DIV7,1,PN148_PID_3R_DIV07,PN148_3R_PID_DIV7,held_out_test,held_out_test,not_assigned,provisional experimental-group allocation: held_out_test,experimental_group_holdout_primary,false,not_applicable,none,none
img_b97cefa946bc1a409b76,fiber_image,PN148,PID,3R,PID_3R,7,DIV7,2,PN148_PID_3R_DIV07,PN148_3R_PID_DIV7,held_out_test,held_out_test,not_assigned,provisional experimental-group allocation: held_out_test,experimental_group_holdout_primary,false,not_applicable,none,none
img_736d4b8c902709d24159,fiber_image,PN148,PID,3R,PID_3R,7,DIV7,3,PN148_PID_3R_DIV07,PN148_3R_PID_DIV7,held_out_test,held_out_test,not_assigned,provisional experimental-group allocation: held_out_test,experimental_group_holdout_primary,false,not_applicable,none,none
img_5076b20251b137a928b4,fiber_image,PN148,PID,3R,PID_3R,7,DIV7,4,PN148_PID_3R_DIV07,PN148_3R_PID_DIV7,held_out_test,held_out_test,not_assigned,provisional experimental-group allocation: held_out_test,experimental_group_holdout_primary,false,not_applicable,none,none
img_4d9a2f4d880ca2e83491,fiber_image,PN148,PID,3R,PID_3R,7,DIV7,5,PN148_PID_3R_DIV07,PN148_3R_PID_DIV7,held_out_test,held_out_test,not_assigned,provisional experimental-group allocation: held_out_test,experimental_group_holdout_primary,false,not_applicable,none,none
img_0ed37af941480a47be4f,fiber_image,PN148,PID,3R,PID_3R,7,DIV7,6,PN148_PID_3R_DIV07,PN148_3R_PID_DIV7,held_out_test,held_out_test,not_assigned,provisional experimental-group allocation: held_out_test,experimental_group_holdout_primary,false,not_applicable,none,none
img_26cc1078ab3e274285bf,fiber_image,PN148,PID,3R,PID_3R,7,DIV7,7,PN148_PID_3R_DIV07,PN148_3R_PID_DIV7,held_out_test,held_out_test,not_assigned,provisional experimental-group allocation: held_out_test,experimental_group_holdout_primary,false,not_applicable,none,none
img_e445db9fd2a8dd7b5000,fiber_image,PN148,PID,3R,PID_3R,7,DIV7,8,PN148_PID_3R_DIV07,PN148_3R_PID_DIV7,held_out_test,held_out_test,not_assigned,provisional experimental-group allocation: held_out_test,experimental_group_holdout_primary,false,not_applicable,none,none
img_a5fefd560b68ed611520,fiber_image,PN148,PID,3R,PID_3R,7,DIV7,9,PN148_PID_3R_DIV07,PN148_3R_PID_DIV7,held_out_test,held_out_test,not_assigned,provisional experimental-group allocation: held_out_test,experimental_group_holdout_primary,false,not_applicable,none,none
img_533007e638a691068bd3,fiber_image,PN148,PID,3R,PID_3R,7,DIV7,10,PN148_PID_3R_DIV07,PN148_3R_PID_DIV7,held_out_test,held_out_test,not_assigned,provisional experimental-group allocation: held_out_test,experimental_group_holdout_primary,false,not_applicable,none,none
img_4675b14df14a72fb7c03,fiber_image,PN148,PID,3R,PID_3R,7,DIV7,11,PN148_PID_3R_DIV07,PN148_3R_PID_DIV7,held_out_test,held_out_test,not_assigned,provisional experimental-group allocation: held_out_test,experimental_group_holdout_primary,false,not_applicable,none,none
img_2cffb9fb839b31b6b96c,fiber_image,PN148,PID,3R,PID_3R,7,DIV7,12,PN148_PID_3R_DIV07,PN148_3R_PID_DIV7,held_out_test,held_out_test,not_assigned,provisional experimental-group allocation: held_out_test,experimental_group_holdout_primary,false,not_applicable,none,none
img_b2b2a03436473065584e,fiber_image,PN148,PID,3R,PID_3R,7,DIV7,13,PN148_PID_3R_DIV07,PN148_3R_PID_DIV7,held_out_test,held_out_test,not_assigned,provisional experimental-group allocation: held_out_test,experimental_group_holdout_primary,false,not_applicable,none,none
img_dca55343b014ab0419c4,fiber_image,PN148,PID,3R,PID_3R,7,DIV7,14,PN148_PID_3R_DIV07,PN148_3R_PID_DIV7,held_out_test,held_out_test,not_assigned,provisional experimental-group allocation: held_out_test,experimental_group_holdout_primary,false,not_applicable,none,none
img_57d3081a023bc4ed425e,blank_background,PN148,PID,3R,PID_3R,10,DIV10,0,PN148_PID_3R_DIV10,PN148_3R_PID_DIV10,calibration,calibration,not_assigned,provisional experimental-group allocation: calibration,experimental_group_holdout_primary,false,calibration,none,none
img_94ceca68616646b10924,blank_background,PN148,PID,3R,PID_3R,10,DIV10,1,PN148_PID_3R_DIV10,PN148_3R_PID_DIV10,calibration,calibration,not_assigned,provisional experimental-group allocation: calibration,experimental_group_holdout_primary,false,calibration,none,none
img_abf6a940f9676a485bfb,blank_background,PN148,PID,3R,PID_3R,10,DIV10,2,PN148_PID_3R_DIV10,PN148_3R_PID_DIV10,calibration,calibration,not_assigned,provisional experimental-group allocation: calibration,experimental_group_holdout_primary,false,calibration,none,none
img_071f2eb0e8624d5adc25,blank_background,PN148,PID,3R,PID_3R,10,DIV10,3,PN148_PID_3R_DIV10,PN148_3R_PID_DIV10,calibration,calibration,not_assigned,provisional experimental-group allocation: calibration,experimental_group_holdout_primary,false,calibration,none,none
img_995ca957d2d911f16a9e,blank_background,PN148,PID,3R,PID_3R,10,DIV10,4,PN148_PID_3R_DIV10,PN148_3R_PID_DIV10,calibration,calibration,not_assigned,provisional experimental-group allocation: calibration,experimental_group_holdout_primary,false,calibration,none,none
img_197a1eda9c7e380a79bc,blank_background,PN148,PID,3R,PID_3R,10,DIV10,5,PN148_PID_3R_DIV10,PN148_3R_PID_DIV10,calibration,calibration,not_assigned,provisional experimental-group allocation: calibration,experimental_group_holdout_primary,false,calibration,none,none
img_06d36760bbaf9a2f347b,blank_background,PN148,PID,3R,PID_3R,10,DIV10,6,PN148_PID_3R_DIV10,PN148_3R_PID_DIV10,calibration,calibration,not_assigned,provisional experimental-group allocation: calibration,experimental_group_holdout_primary,false,calibration,none,none
img_2677af2396cd59353057,blank_background,PN148,PID,3R,PID_3R,10,DIV10,7,PN148_PID_3R_DIV10,PN148_3R_PID_DIV10,calibration,calibration,not_assigned,provisional experimental-group allocation: calibration,experimental_group_holdout_primary,false,calibration,none,none
img_38b3a73612601c2365dc,blank_background,PN148,PID,3R,PID_3R,10,DIV10,8,PN148_PID_3R_DIV10,PN148_3R_PID_DIV10,calibration,calibration,not_assigned,provisional experimental-group allocation: calibration,experimental_group_holdout_primary,false,calibration,none,none
img_17506389406a99cb56d1,blank_background,PN148,PID,3R,PID_3R,10,DIV10,9,PN148_PID_3R_DIV10,PN148_3R_PID_DIV10,calibration,calibration,not_assigned,provisional experimental-group allocation: calibration,experimental_group_holdout_primary,false,calibration,none,none
img_805765bc5e62c0da37aa,blank_background,PN148,PID,3R,PID_3R,10,DIV10,10,PN148_PID_3R_DIV10,PN148_3R_PID_DIV10,calibration,calibration,not_assigned,provisional experimental-group allocation: calibration,experimental_group_holdout_primary,false,calibration,none,none
img_8e8d01b23af815bfbb96,blank_background,PN148,PID,3R,PID_3R,10,DIV10,11,PN148_PID_3R_DIV10,PN148_3R_PID_DIV10,calibration,calibration,not_assigned,provisional experimental-group allocation: calibration,experimental_group_holdout_primary,false,calibration,none,none
img_06e6444a28b393d9c6d5,blank_background,PN148,PID,3R,PID_3R,10,DIV10,12,PN148_PID_3R_DIV10,PN148_3R_PID_DIV10,calibration,calibration,not_assigned,provisional experimental-group allocation: calibration,experimental_group_holdout_primary,false,calibration,none,none
img_0f46f20cbb8877572a9b,blank_background,PN148,PID,3R,PID_3R,10,DIV10,13,PN148_PID_3R_DIV10,PN148_3R_PID_DIV10,calibration,calibration,not_assigned,provisional experimental-group allocation: calibration,experimental_group_holdout_primary,false,calibration,none,none
img_3e48ea79cdd6eb2f3608,blank_background,PN148,PID,3R,PID_3R,10,DIV10,14,PN148_PID_3R_DIV10,PN148_3R_PID_DIV10,calibration,calibration,not_assigned,provisional experimental-group allocation: calibration,experimental_group_holdout_primary,false,calibration,none,none
img_b8b1a0b2f361dd31336e,fiber_image,PN148,PID,3R,PID_3R,10,DIV10,0,PN148_PID_3R_DIV10,PN148_3R_PID_DIV10,calibration,calibration,not_assigned,provisional experimental-group allocation: calibration,experimental_group_holdout_primary,false,not_applicable,none,none
img_e5bf6af441e7ff9d2fa4,fiber_image,PN148,PID,3R,PID_3R,10,DIV10,1,PN148_PID_3R_DIV10,PN148_3R_PID_DIV10,calibration,calibration,not_assigned,provisional experimental-group allocation: calibration,experimental_group_holdout_primary,false,not_applicable,none,none
img_d923330841d93407614c,fiber_image,PN148,PID,3R,PID_3R,10,DIV10,2,PN148_PID_3R_DIV10,PN148_3R_PID_DIV10,calibration,calibration,not_assigned,provisional experimental-group allocation: calibration,experimental_group_holdout_primary,false,not_applicable,none,none
img_20a5ec1f94addff44ca4,fiber_image,PN148,PID,3R,PID_3R,10,DIV10,3,PN148_PID_3R_DIV10,PN148_3R_PID_DIV10,calibration,calibration,not_assigned,provisional experimental-group allocation: calibration,experimental_group_holdout_primary,false,not_applicable,none,none
img_3a6812916c9af572575a,fiber_image,PN148,PID,3R,PID_3R,10,DIV10,4,PN148_PID_3R_DIV10,PN148_3R_PID_DIV10,calibration,calibration,not_assigned,provisional experimental-group allocation: calibration,experimental_group_holdout_primary,false,not_applicable,none,none
img_ead6c8678425b6d09225,fiber_image,PN148,PID,3R,PID_3R,10,DIV10,5,PN148_PID_3R_DIV10,PN148_3R_PID_DIV10,calibration,calibration,not_assigned,provisional experimental-group allocation: calibration,experimental_group_holdout_primary,false,not_applicable,none,none
img_614937584f1f83de37b1,fiber_image,PN148,PID,3R,PID_3R,10,DIV10,6,PN148_PID_3R_DIV10,PN148_3R_PID_DIV10,calibration,calibration,not_assigned,provisional experimental-group allocation: calibration,experimental_group_holdout_primary,false,not_applicable,none,none
img_b78019391282d6f65f0e,fiber_image,PN148,PID,3R,PID_3R,10,DIV10,7,PN148_PID_3R_DIV10,PN148_3R_PID_DIV10,calibration,calibration,not_assigned,provisional experimental-group allocation: calibration,experimental_group_holdout_primary,false,not_applicable,none,none
img_2044e486b5cc92ef8b66,fiber_image,PN148,PID,3R,PID_3R,10,DIV10,8,PN148_PID_3R_DIV10,PN148_3R_PID_DIV10,calibration,calibration,not_assigned,provisional experimental-group allocation: calibration,experimental_group_holdout_primary,false,not_applicable,none,none
img_1253a70b03726226554d,fiber_image,PN148,PID,3R,PID_3R,10,DIV10,9,PN148_PID_3R_DIV10,PN148_3R_PID_DIV10,calibration,calibration,not_assigned,provisional experimental-group allocation: calibration,experimental_group_holdout_primary,false,not_applicable,none,none
img_a84ed7f43a2d2b70ed60,fiber_image,PN148,PID,3R,PID_3R,10,DIV10,10,PN148_PID_3R_DIV10,PN148_3R_PID_DIV10,calibration,calibration,not_assigned,provisional experimental-group allocation: calibration,experimental_group_holdout_primary,false,not_applicable,none,none
img_1401d88091fec4c6fff9,fiber_image,PN148,PID,3R,PID_3R,10,DIV10,11,PN148_PID_3R_DIV10,PN148_3R_PID_DIV10,calibration,calibration,not_assigned,provisional experimental-group allocation: calibration,experimental_group_holdout_primary,false,not_applicable,none,none
img_1b0532e3a244ed5fbb0b,fiber_image,PN148,PID,3R,PID_3R,10,DIV10,12,PN148_PID_3R_DIV10,PN148_3R_PID_DIV10,calibration,calibration,not_assigned,provisional experimental-group allocation: calibration,experimental_group_holdout_primary,false,not_applicable,none,none
img_03d8a2726eb4cfb5c7fd,fiber_image,PN148,PID,3R,PID_3R,10,DIV10,13,PN148_PID_3R_DIV10,PN148_3R_PID_DIV10,calibration,calibration,not_assigned,provisional experimental-group allocation: calibration,experimental_group_holdout_primary,false,not_applicable,none,none
img_a11a43452232dceb9078,fiber_image,PN148,PID,3R,PID_3R,10,DIV10,14,PN148_PID_3R_DIV10,PN148_3R_PID_DIV10,calibration,calibration,not_assigned,provisional experimental-group allocation: calibration,experimental_group_holdout_primary,false,not_applicable,none,none
img_220c38631403bf686361,fiber_image,PN148,PSP,4R,PSP_4R,3,DIV3,0,PN148_PSP_4R_DIV03,PN148_4R_PSP_DIV3,training,training,not_assigned,provisional experimental-group allocation: training,experimental_group_holdout_primary,false,not_applicable,none,none
img_b59e9b6e1a232f4fb6e2,fiber_image,PN148,PSP,4R,PSP_4R,3,DIV3,1,PN148_PSP_4R_DIV03,PN148_4R_PSP_DIV3,training,training,not_assigned,provisional experimental-group allocation: training,experimental_group_holdout_primary,false,not_applicable,none,none
img_b62b6e75aab65104498f,fiber_image,PN148,PSP,4R,PSP_4R,3,DIV3,2,PN148_PSP_4R_DIV03,PN148_4R_PSP_DIV3,training,training,not_assigned,provisional experimental-group allocation: training,experimental_group_holdout_primary,false,not_applicable,none,none
img_c63de0188ee083b092b9,fiber_image,PN148,PSP,4R,PSP_4R,3,DIV3,3,PN148_PSP_4R_DIV03,PN148_4R_PSP_DIV3,training,training,not_assigned,provisional experimental-group allocation: training,experimental_group_holdout_primary,false,not_applicable,none,none
img_7f062a2eeb09b9e84bd3,fiber_image,PN148,PSP,4R,PSP_4R,3,DIV3,4,PN148_PSP_4R_DIV03,PN148_4R_PSP_DIV3,training,training,not_assigned,provisional experimental-group allocation: training,experimental_group_holdout_primary,false,not_applicable,none,none
img_436407b4329cf419a700,fiber_image,PN148,PSP,4R,PSP_4R,3,DIV3,5,PN148_PSP_4R_DIV03,PN148_4R_PSP_DIV3,training,training,not_assigned,provisional experimental-group allocation: training,experimental_group_holdout_primary,false,not_applicable,none,none
img_059bb92485a965c6ab4c,fiber_image,PN148,PSP,4R,PSP_4R,3,DIV3,6,PN148_PSP_4R_DIV03,PN148_4R_PSP_DIV3,training,training,not_assigned,provisional experimental-group allocation: training,experimental_group_holdout_primary,false,not_applicable,none,none
img_ab33a9db444c1bebd2cf,fiber_image,PN148,PSP,4R,PSP_4R,3,DIV3,7,PN148_PSP_4R_DIV03,PN148_4R_PSP_DIV3,training,training,not_assigned,provisional experimental-group allocation: training,experimental_group_holdout_primary,false,not_applicable,none,none
img_ba71ab86c1a9d026f72b,fiber_image,PN148,PSP,4R,PSP_4R,3,DIV3,8,PN148_PSP_4R_DIV03,PN148_4R_PSP_DIV3,training,training,not_assigned,provisional experimental-group allocation: training,experimental_group_holdout_primary,false,not_applicable,none,none
img_c79ced8ef7eed678f7b4,fiber_image,PN148,PSP,4R,PSP_4R,3,DIV3,9,PN148_PSP_4R_DIV03,PN148_4R_PSP_DIV3,training,training,not_assigned,provisional experimental-group allocation: training,experimental_group_holdout_primary,false,not_applicable,none,none
img_5b871e46aecc75c7aab3,fiber_image,PN148,PSP,4R,PSP_4R,3,DIV3,10,PN148_PSP_4R_DIV03,PN148_4R_PSP_DIV3,training,training,not_assigned,provisional experimental-group allocation: training,experimental_group_holdout_primary,false,not_applicable,none,none
img_514eac9301216eb03b1a,fiber_image,PN148,PSP,4R,PSP_4R,3,DIV3,11,PN148_PSP_4R_DIV03,PN148_4R_PSP_DIV3,training,training,not_assigned,provisional experimental-group allocation: training,experimental_group_holdout_primary,false,not_applicable,none,none
img_07f5bcb46cd9086218c6,fiber_image,PN148,PSP,4R,PSP_4R,3,DIV3,12,PN148_PSP_4R_DIV03,PN148_4R_PSP_DIV3,training,training,not_assigned,provisional experimental-group allocation: training,experimental_group_holdout_primary,false,not_applicable,none,none
img_72f09cdd332505dac508,fiber_image,PN148,PSP,4R,PSP_4R,3,DIV3,13,PN148_PSP_4R_DIV03,PN148_4R_PSP_DIV3,training,training,not_assigned,provisional experimental-group allocation: training,experimental_group_holdout_primary,false,not_applicable,none,none
img_b624517f9f850305d564,fiber_image,PN148,PSP,4R,PSP_4R,3,DIV3,14,PN148_PSP_4R_DIV03,PN148_4R_PSP_DIV3,training,training,not_assigned,provisional experimental-group allocation: training,experimental_group_holdout_primary,false,not_applicable,none,none
img_3c737553e1284b9115e2,fiber_image,PN148,PSP,4R,PSP_4R,3,DIV3,15,PN148_PSP_4R_DIV03,PN148_4R_PSP_DIV3,training,training,not_assigned,provisional experimental-group allocation: training,experimental_group_holdout_primary,false,not_applicable,none,none
img_d11dcb2350c8c34784f7,fiber_image,PN148,PSP,4R,PSP_4R,5,DIV5,0,PN148_PSP_4R_DIV05,PN148_4R_PSP_DIV5,validation,validation,not_assigned,provisional experimental-group allocation: validation,experimental_group_holdout_primary,false,not_applicable,none,none
img_33ca380fa86eaa53e107,fiber_image,PN148,PSP,4R,PSP_4R,5,DIV5,1,PN148_PSP_4R_DIV05,PN148_4R_PSP_DIV5,validation,validation,not_assigned,provisional experimental-group allocation: validation,experimental_group_holdout_primary,false,not_applicable,none,none
img_dfb38c9ebff399b3f86e,fiber_image,PN148,PSP,4R,PSP_4R,5,DIV5,2,PN148_PSP_4R_DIV05,PN148_4R_PSP_DIV5,validation,validation,not_assigned,provisional experimental-group allocation: validation,experimental_group_holdout_primary,false,not_applicable,none,none
img_f4a75c6be81d580370d0,fiber_image,PN148,PSP,4R,PSP_4R,5,DIV5,3,PN148_PSP_4R_DIV05,PN148_4R_PSP_DIV5,validation,validation,not_assigned,provisional experimental-group allocation: validation,experimental_group_holdout_primary,false,not_applicable,none,none
img_5be4414466300c1fdec2,fiber_image,PN148,PSP,4R,PSP_4R,5,DIV5,4,PN148_PSP_4R_DIV05,PN148_4R_PSP_DIV5,validation,validation,not_assigned,provisional experimental-group allocation: validation,experimental_group_holdout_primary,false,not_applicable,none,none
img_0ff9ff110badf4e96c42,fiber_image,PN148,PSP,4R,PSP_4R,5,DIV5,5,PN148_PSP_4R_DIV05,PN148_4R_PSP_DIV5,validation,validation,not_assigned,provisional experimental-group allocation: validation,experimental_group_holdout_primary,false,not_applicable,none,none
img_4979594be092b09f71ec,fiber_image,PN148,PSP,4R,PSP_4R,5,DIV5,6,PN148_PSP_4R_DIV05,PN148_4R_PSP_DIV5,validation,validation,not_assigned,provisional experimental-group allocation: validation,experimental_group_holdout_primary,false,not_applicable,none,none
img_8502fd6e07e0d4c35f35,fiber_image,PN148,PSP,4R,PSP_4R,5,DIV5,7,PN148_PSP_4R_DIV05,PN148_4R_PSP_DIV5,validation,validation,not_assigned,provisional experimental-group allocation: validation,experimental_group_holdout_primary,false,not_applicable,none,none
img_ecf307c99a32928e4d21,fiber_image,PN148,PSP,4R,PSP_4R,5,DIV5,8,PN148_PSP_4R_DIV05,PN148_4R_PSP_DIV5,validation,validation,not_assigned,provisional experimental-group allocation: validation,experimental_group_holdout_primary,false,not_applicable,none,none
img_776b1f9c56cf22f17a90,fiber_image,PN148,PSP,4R,PSP_4R,5,DIV5,9,PN148_PSP_4R_DIV05,PN148_4R_PSP_DIV5,validation,validation,not_assigned,provisional experimental-group allocation: validation,experimental_group_holdout_primary,false,not_applicable,none,none
img_8866e72ff2ed2aa7f931,fiber_image,PN148,PSP,4R,PSP_4R,5,DIV5,10,PN148_PSP_4R_DIV05,PN148_4R_PSP_DIV5,validation,validation,not_assigned,provisional experimental-group allocation: validation,experimental_group_holdout_primary,false,not_applicable,none,none
img_724d96e0bee36929b82d,fiber_image,PN148,PSP,4R,PSP_4R,5,DIV5,11,PN148_PSP_4R_DIV05,PN148_4R_PSP_DIV5,validation,validation,not_assigned,provisional experimental-group allocation: validation,experimental_group_holdout_primary,false,not_applicable,none,none
img_ea45cb0415bb8bd05242,fiber_image,PN148,PSP,4R,PSP_4R,5,DIV5,12,PN148_PSP_4R_DIV05,PN148_4R_PSP_DIV5,validation,validation,not_assigned,provisional experimental-group allocation: validation,experimental_group_holdout_primary,false,not_applicable,none,none
img_db253fd39e0e0f9cc89e,fiber_image,PN148,PSP,4R,PSP_4R,5,DIV5,13,PN148_PSP_4R_DIV05,PN148_4R_PSP_DIV5,validation,validation,not_assigned,provisional experimental-group allocation: validation,experimental_group_holdout_primary,false,not_applicable,none,none
img_c7d10bd26a85e0a028e3,fiber_image,PN148,PSP,4R,PSP_4R,5,DIV5,14,PN148_PSP_4R_DIV05,PN148_4R_PSP_DIV5,validation,validation,not_assigned,provisional experimental-group allocation: validation,experimental_group_holdout_primary,false,not_applicable,none,none
img_5d206cdbc82b5943d9ac,fiber_image,PN148,PSP,4R,PSP_4R,7,DIV7,0,PN148_PSP_4R_DIV07,PN148_4R_PSP_DIV7,held_out_test,held_out_test,not_assigned,provisional experimental-group allocation: held_out_test,experimental_group_holdout_primary,false,not_applicable,none,none
img_4de661f05bb37c7bbdfb,fiber_image,PN148,PSP,4R,PSP_4R,7,DIV7,1,PN148_PSP_4R_DIV07,PN148_4R_PSP_DIV7,held_out_test,held_out_test,not_assigned,provisional experimental-group allocation: held_out_test,experimental_group_holdout_primary,false,not_applicable,none,none
img_1ada5c245067747846f1,fiber_image,PN148,PSP,4R,PSP_4R,7,DIV7,2,PN148_PSP_4R_DIV07,PN148_4R_PSP_DIV7,held_out_test,held_out_test,not_assigned,provisional experimental-group allocation: held_out_test,experimental_group_holdout_primary,false,not_applicable,none,none
img_70deeee03d6a7d84a00e,fiber_image,PN148,PSP,4R,PSP_4R,7,DIV7,3,PN148_PSP_4R_DIV07,PN148_4R_PSP_DIV7,held_out_test,held_out_test,not_assigned,provisional experimental-group allocation: held_out_test,experimental_group_holdout_primary,false,not_applicable,none,none
img_426adddcfa9cb91e899e,fiber_image,PN148,PSP,4R,PSP_4R,7,DIV7,4,PN148_PSP_4R_DIV07,PN148_4R_PSP_DIV7,held_out_test,held_out_test,not_assigned,provisional experimental-group allocation: held_out_test,experimental_group_holdout_primary,false,not_applicable,none,none
img_0a21a010cbe9a4d139d1,fiber_image,PN148,PSP,4R,PSP_4R,7,DIV7,5,PN148_PSP_4R_DIV07,PN148_4R_PSP_DIV7,held_out_test,held_out_test,not_assigned,provisional experimental-group allocation: held_out_test,experimental_group_holdout_primary,false,not_applicable,none,none
img_f28ccc25ab79b611e9cd,fiber_image,PN148,PSP,4R,PSP_4R,7,DIV7,6,PN148_PSP_4R_DIV07,PN148_4R_PSP_DIV7,held_out_test,held_out_test,not_assigned,provisional experimental-group allocation: held_out_test,experimental_group_holdout_primary,false,not_applicable,none,none
img_920c8577eb9a367b1364,fiber_image,PN148,PSP,4R,PSP_4R,7,DIV7,7,PN148_PSP_4R_DIV07,PN148_4R_PSP_DIV7,held_out_test,held_out_test,not_assigned,provisional experimental-group allocation: held_out_test,experimental_group_holdout_primary,false,not_applicable,none,none
img_27daf92188422f916c24,fiber_image,PN148,PSP,4R,PSP_4R,7,DIV7,8,PN148_PSP_4R_DIV07,PN148_4R_PSP_DIV7,held_out_test,held_out_test,not_assigned,provisional experimental-group allocation: held_out_test,experimental_group_holdout_primary,false,not_applicable,none,none
img_e70d301145395c2d620c,fiber_image,PN148,PSP,4R,PSP_4R,7,DIV7,9,PN148_PSP_4R_DIV07,PN148_4R_PSP_DIV7,held_out_test,held_out_test,not_assigned,provisional experimental-group allocation: held_out_test,experimental_group_holdout_primary,false,not_applicable,none,none
img_61ff559bc107ec1b1268,fiber_image,PN148,PSP,4R,PSP_4R,7,DIV7,10,PN148_PSP_4R_DIV07,PN148_4R_PSP_DIV7,held_out_test,held_out_test,not_assigned,provisional experimental-group allocation: held_out_test,experimental_group_holdout_primary,false,not_applicable,none,none
img_c3c6fad43a83f4af5b32,fiber_image,PN148,PSP,4R,PSP_4R,7,DIV7,11,PN148_PSP_4R_DIV07,PN148_4R_PSP_DIV7,held_out_test,held_out_test,not_assigned,provisional experimental-group allocation: held_out_test,experimental_group_holdout_primary,false,not_applicable,none,none
img_5944729f82099124c02e,fiber_image,PN148,PSP,4R,PSP_4R,7,DIV7,12,PN148_PSP_4R_DIV07,PN148_4R_PSP_DIV7,held_out_test,held_out_test,not_assigned,provisional experimental-group allocation: held_out_test,experimental_group_holdout_primary,false,not_applicable,none,none
img_4797f6dc6e4e9c6a0aa5,fiber_image,PN148,PSP,4R,PSP_4R,7,DIV7,13,PN148_PSP_4R_DIV07,PN148_4R_PSP_DIV7,held_out_test,held_out_test,not_assigned,provisional experimental-group allocation: held_out_test,experimental_group_holdout_primary,false,not_applicable,none,none
img_64fa7db403c7f1983117,fiber_image,PN148,PSP,4R,PSP_4R,7,DIV7,14,PN148_PSP_4R_DIV07,PN148_4R_PSP_DIV7,held_out_test,held_out_test,not_assigned,provisional experimental-group allocation: held_out_test,experimental_group_holdout_primary,false,not_applicable,none,none
img_925eb5fe5929ad078889,fiber_image,PN148,PSP,4R,PSP_4R,10,DIV10,0,PN148_PSP_4R_DIV10,PN148_4R_PSP_DIV10,calibration,calibration,not_assigned,provisional experimental-group allocation: calibration,experimental_group_holdout_primary,false,not_applicable,none,none
img_93f9de22173a97d73f55,fiber_image,PN148,PSP,4R,PSP_4R,10,DIV10,1,PN148_PSP_4R_DIV10,PN148_4R_PSP_DIV10,calibration,calibration,not_assigned,provisional experimental-group allocation: calibration,experimental_group_holdout_primary,false,not_applicable,none,none
img_24b507136dd71fc32f99,fiber_image,PN148,PSP,4R,PSP_4R,10,DIV10,2,PN148_PSP_4R_DIV10,PN148_4R_PSP_DIV10,calibration,calibration,not_assigned,provisional experimental-group allocation: calibration,experimental_group_holdout_primary,false,not_applicable,none,none
img_3fb1fa1b675bfd848e3c,fiber_image,PN148,PSP,4R,PSP_4R,10,DIV10,3,PN148_PSP_4R_DIV10,PN148_4R_PSP_DIV10,calibration,calibration,not_assigned,provisional experimental-group allocation: calibration,experimental_group_holdout_primary,false,not_applicable,none,none
img_98e21d577929534cb80e,fiber_image,PN148,PSP,4R,PSP_4R,10,DIV10,4,PN148_PSP_4R_DIV10,PN148_4R_PSP_DIV10,calibration,calibration,not_assigned,provisional experimental-group allocation: calibration,experimental_group_holdout_primary,false,not_applicable,none,none
img_d65637173e0971c69f9e,fiber_image,PN148,PSP,4R,PSP_4R,10,DIV10,5,PN148_PSP_4R_DIV10,PN148_4R_PSP_DIV10,calibration,calibration,not_assigned,provisional experimental-group allocation: calibration,experimental_group_holdout_primary,false,not_applicable,none,none
img_fc64d68cbb5e925a9520,fiber_image,PN148,PSP,4R,PSP_4R,10,DIV10,6,PN148_PSP_4R_DIV10,PN148_4R_PSP_DIV10,calibration,calibration,not_assigned,provisional experimental-group allocation: calibration,experimental_group_holdout_primary,false,not_applicable,none,none
img_eb8be5403e55e7a9894f,fiber_image,PN148,PSP,4R,PSP_4R,10,DIV10,7,PN148_PSP_4R_DIV10,PN148_4R_PSP_DIV10,calibration,calibration,not_assigned,provisional experimental-group allocation: calibration,experimental_group_holdout_primary,false,not_applicable,none,none
img_e650e1515047a1f7fba6,fiber_image,PN148,PSP,4R,PSP_4R,10,DIV10,8,PN148_PSP_4R_DIV10,PN148_4R_PSP_DIV10,calibration,calibration,not_assigned,provisional experimental-group allocation: calibration,experimental_group_holdout_primary,false,not_applicable,none,none
img_277a7384ed1bc48eb349,fiber_image,PN148,PSP,4R,PSP_4R,10,DIV10,9,PN148_PSP_4R_DIV10,PN148_4R_PSP_DIV10,calibration,calibration,not_assigned,provisional experimental-group allocation: calibration,experimental_group_holdout_primary,false,not_applicable,none,none
img_8d38893899fcc6d866d7,fiber_image,PN148,PSP,4R,PSP_4R,10,DIV10,10,PN148_PSP_4R_DIV10,PN148_4R_PSP_DIV10,calibration,calibration,not_assigned,provisional experimental-group allocation: calibration,experimental_group_holdout_primary,false,not_applicable,none,none
img_1d7ccf3c094483b24e48,fiber_image,PN148,PSP,4R,PSP_4R,10,DIV10,11,PN148_PSP_4R_DIV10,PN148_4R_PSP_DIV10,calibration,calibration,not_assigned,provisional experimental-group allocation: calibration,experimental_group_holdout_primary,false,not_applicable,none,none
img_37f75fbf56ba05e0a0b4,fiber_image,PN148,PSP,4R,PSP_4R,10,DIV10,12,PN148_PSP_4R_DIV10,PN148_4R_PSP_DIV10,calibration,calibration,not_assigned,provisional experimental-group allocation: calibration,experimental_group_holdout_primary,false,not_applicable,none,none
img_a941b5a47c346f08dd5e,fiber_image,PN148,PSP,4R,PSP_4R,10,DIV10,13,PN148_PSP_4R_DIV10,PN148_4R_PSP_DIV10,calibration,calibration,not_assigned,provisional experimental-group allocation: calibration,experimental_group_holdout_primary,false,not_applicable,none,none
img_fb722e839dedae94ee32,fiber_image,PN148,PSP,4R,PSP_4R,10,DIV10,14,PN148_PSP_4R_DIV10,PN148_4R_PSP_DIV10,calibration,calibration,not_assigned,provisional experimental-group allocation: calibration,experimental_group_holdout_primary,false,not_applicable,none,none
img_b39e45524852b6ff530d,fiber_image,PN148,PSP,4R,PSP_4R,11,DIV11,0,PN148_PSP_4R_DIV11,PN148_4R_PSP_DIV11,training,training,not_assigned,provisional experimental-group allocation: training,experimental_group_holdout_primary,false,not_applicable,none,none
img_cdbd23a60e9615d482a9,fiber_image,PN148,PSP,4R,PSP_4R,11,DIV11,1,PN148_PSP_4R_DIV11,PN148_4R_PSP_DIV11,training,training,not_assigned,provisional experimental-group allocation: training,experimental_group_holdout_primary,false,not_applicable,none,none
img_1217796ac289584034d6,fiber_image,PN148,PSP,4R,PSP_4R,11,DIV11,2,PN148_PSP_4R_DIV11,PN148_4R_PSP_DIV11,training,training,not_assigned,provisional experimental-group allocation: training,experimental_group_holdout_primary,false,not_applicable,none,none
img_bd5b0e2c2538a62f0c1b,fiber_image,PN148,PSP,4R,PSP_4R,11,DIV11,3,PN148_PSP_4R_DIV11,PN148_4R_PSP_DIV11,training,training,not_assigned,provisional experimental-group allocation: training,experimental_group_holdout_primary,false,not_applicable,none,none
img_615425fa5746d07693b7,fiber_image,PN148,PSP,4R,PSP_4R,11,DIV11,4,PN148_PSP_4R_DIV11,PN148_4R_PSP_DIV11,training,training,not_assigned,provisional experimental-group allocation: training,experimental_group_holdout_primary,false,not_applicable,none,none
img_8bbc61e8e76d46a483c3,fiber_image,PN148,PSP,4R,PSP_4R,11,DIV11,5,PN148_PSP_4R_DIV11,PN148_4R_PSP_DIV11,training,training,not_assigned,provisional experimental-group allocation: training,experimental_group_holdout_primary,false,not_applicable,none,none
img_ee59402cbcbef63f208f,fiber_image,PN148,PSP,4R,PSP_4R,11,DIV11,6,PN148_PSP_4R_DIV11,PN148_4R_PSP_DIV11,training,training,not_assigned,provisional experimental-group allocation: training,experimental_group_holdout_primary,false,not_applicable,none,none
img_8859f959a6db06dd388e,fiber_image,PN148,PSP,4R,PSP_4R,11,DIV11,7,PN148_PSP_4R_DIV11,PN148_4R_PSP_DIV11,training,training,not_assigned,provisional experimental-group allocation: training,experimental_group_holdout_primary,false,not_applicable,none,none
img_c0b1dee7880bd32b11a0,fiber_image,PN148,PSP,4R,PSP_4R,11,DIV11,8,PN148_PSP_4R_DIV11,PN148_4R_PSP_DIV11,training,training,not_assigned,provisional experimental-group allocation: training,experimental_group_holdout_primary,false,not_applicable,none,none
img_ebbe403ae4f78cda02b4,fiber_image,PN148,PSP,4R,PSP_4R,11,DIV11,9,PN148_PSP_4R_DIV11,PN148_4R_PSP_DIV11,training,training,not_assigned,provisional experimental-group allocation: training,experimental_group_holdout_primary,false,not_applicable,none,none
img_6ac1779c154daef808bc,fiber_image,PN148,PSP,4R,PSP_4R,11,DIV11,10,PN148_PSP_4R_DIV11,PN148_4R_PSP_DIV11,training,training,not_assigned,provisional experimental-group allocation: training,experimental_group_holdout_primary,false,not_applicable,none,none
img_f4369e4b5c14b942f1b3,fiber_image,PN148,PSP,4R,PSP_4R,11,DIV11,11,PN148_PSP_4R_DIV11,PN148_4R_PSP_DIV11,training,training,not_assigned,provisional experimental-group allocation: training,experimental_group_holdout_primary,false,not_applicable,none,none
img_ac9a01e752b814118951,fiber_image,PN148,PSP,4R,PSP_4R,11,DIV11,12,PN148_PSP_4R_DIV11,PN148_4R_PSP_DIV11,training,training,not_assigned,provisional experimental-group allocation: training,experimental_group_holdout_primary,false,not_applicable,none,none
img_73089e1c2a3c62ad1a6b,fiber_image,PN148,PSP,4R,PSP_4R,11,DIV11,13,PN148_PSP_4R_DIV11,PN148_4R_PSP_DIV11,training,training,not_assigned,provisional experimental-group allocation: training,experimental_group_holdout_primary,false,not_applicable,none,none
img_ea12c02b467a6903efc4,fiber_image,PN148,PSP,4R,PSP_4R,11,DIV11,14,PN148_PSP_4R_DIV11,PN148_4R_PSP_DIV11,training,training,not_assigned,provisional experimental-group allocation: training,experimental_group_holdout_primary,false,not_applicable,none,none
img_3904629bf4bc615400dc,fiber_image,PN148,PSP,4R,PSP_4R,13,DIV13,0,PN148_PSP_4R_DIV13,PN148_4R_PSP_DIV13,training,training,not_assigned,provisional experimental-group allocation: training,experimental_group_holdout_primary,false,not_applicable,none,none
img_72741229e0b9f7eab970,fiber_image,PN148,PSP,4R,PSP_4R,13,DIV13,1,PN148_PSP_4R_DIV13,PN148_4R_PSP_DIV13,training,training,not_assigned,provisional experimental-group allocation: training,experimental_group_holdout_primary,false,not_applicable,none,none
img_7ba958fc203bc7709f29,fiber_image,PN148,PSP,4R,PSP_4R,13,DIV13,2,PN148_PSP_4R_DIV13,PN148_4R_PSP_DIV13,training,training,not_assigned,provisional experimental-group allocation: training,experimental_group_holdout_primary,false,not_applicable,none,none
img_2693ae8a8e6e0e47ebb9,fiber_image,PN148,PSP,4R,PSP_4R,13,DIV13,3,PN148_PSP_4R_DIV13,PN148_4R_PSP_DIV13,training,training,not_assigned,provisional experimental-group allocation: training,experimental_group_holdout_primary,false,not_applicable,none,none
img_84b4da10642a4bb2da9d,fiber_image,PN148,PSP,4R,PSP_4R,13,DIV13,4,PN148_PSP_4R_DIV13,PN148_4R_PSP_DIV13,training,training,not_assigned,provisional experimental-group allocation: training,experimental_group_holdout_primary,false,not_applicable,none,none
img_696d688e95e0a92495b7,fiber_image,PN148,PSP,4R,PSP_4R,13,DIV13,5,PN148_PSP_4R_DIV13,PN148_4R_PSP_DIV13,training,training,not_assigned,provisional experimental-group allocation: training,experimental_group_holdout_primary,false,not_applicable,none,none
img_2fab05a600e18dfa3918,fiber_image,PN148,PSP,4R,PSP_4R,13,DIV13,6,PN148_PSP_4R_DIV13,PN148_4R_PSP_DIV13,training,training,not_assigned,provisional experimental-group allocation: training,experimental_group_holdout_primary,false,not_applicable,none,none
img_79ca2e0f353d755b582e,fiber_image,PN148,PSP,4R,PSP_4R,13,DIV13,7,PN148_PSP_4R_DIV13,PN148_4R_PSP_DIV13,training,training,not_assigned,provisional experimental-group allocation: training,experimental_group_holdout_primary,false,not_applicable,none,none
img_b8d8780cf551fb3e69e1,fiber_image,PN148,PSP,4R,PSP_4R,13,DIV13,8,PN148_PSP_4R_DIV13,PN148_4R_PSP_DIV13,training,training,not_assigned,provisional experimental-group allocation: training,experimental_group_holdout_primary,false,not_applicable,none,none
img_6171af8d1dfc1e967d10,fiber_image,PN148,PSP,4R,PSP_4R,13,DIV13,9,PN148_PSP_4R_DIV13,PN148_4R_PSP_DIV13,training,training,not_assigned,provisional experimental-group allocation: training,experimental_group_holdout_primary,false,not_applicable,none,none
img_c7c97f482b7f28114fef,fiber_image,PN148,PSP,4R,PSP_4R,13,DIV13,10,PN148_PSP_4R_DIV13,PN148_4R_PSP_DIV13,training,training,not_assigned,provisional experimental-group allocation: training,experimental_group_holdout_primary,false,not_applicable,none,none
img_3a8bbe92b0679b6e6039,fiber_image,PN148,PSP,4R,PSP_4R,13,DIV13,11,PN148_PSP_4R_DIV13,PN148_4R_PSP_DIV13,training,training,not_assigned,provisional experimental-group allocation: training,experimental_group_holdout_primary,false,not_applicable,none,none
img_e4173b111bd1bf9001ff,fiber_image,PN148,PSP,4R,PSP_4R,13,DIV13,12,PN148_PSP_4R_DIV13,PN148_4R_PSP_DIV13,training,training,not_assigned,provisional experimental-group allocation: training,experimental_group_holdout_primary,false,not_applicable,none,none
img_626480454afbb97eba6f,fiber_image,PN148,PSP,4R,PSP_4R,13,DIV13,13,PN148_PSP_4R_DIV13,PN148_4R_PSP_DIV13,training,training,not_assigned,provisional experimental-group allocation: training,experimental_group_holdout_primary,false,not_applicable,none,none
img_f678291860e47eb623b1,fiber_image,PN148,PSP,4R,PSP_4R,13,DIV13,14,PN148_PSP_4R_DIV13,PN148_4R_PSP_DIV13,training,training,not_assigned,provisional experimental-group allocation: training,experimental_group_holdout_primary,false,not_applicable,none,none
img_e0f39b43e3d3f4c281a1,blank_background,PN148,PSP,4R,PSP_4R,15,DIV15,0,PN148_PSP_4R_DIV15,PN148_4R_PSP_DIV15,training,training,not_assigned,provisional experimental-group allocation: training,experimental_group_holdout_primary,false,training,none,none
img_ba526d53c5769bd5fece,blank_background,PN148,PSP,4R,PSP_4R,15,DIV15,1,PN148_PSP_4R_DIV15,PN148_4R_PSP_DIV15,training,training,not_assigned,provisional experimental-group allocation: training,experimental_group_holdout_primary,false,training,none,none
img_ab55a590feb887795c37,blank_background,PN148,PSP,4R,PSP_4R,15,DIV15,2,PN148_PSP_4R_DIV15,PN148_4R_PSP_DIV15,training,training,not_assigned,provisional experimental-group allocation: training,experimental_group_holdout_primary,false,training,none,none
img_722a93ba2d08d0000780,blank_background,PN148,PSP,4R,PSP_4R,15,DIV15,3,PN148_PSP_4R_DIV15,PN148_4R_PSP_DIV15,training,training,not_assigned,provisional experimental-group allocation: training,experimental_group_holdout_primary,false,training,none,none
img_06494922b372657b5c88,blank_background,PN148,PSP,4R,PSP_4R,15,DIV15,4,PN148_PSP_4R_DIV15,PN148_4R_PSP_DIV15,training,training,not_assigned,provisional experimental-group allocation: training,experimental_group_holdout_primary,false,training,none,none
img_da08c5d1ab61d07f614b,blank_background,PN148,PSP,4R,PSP_4R,15,DIV15,5,PN148_PSP_4R_DIV15,PN148_4R_PSP_DIV15,training,training,not_assigned,provisional experimental-group allocation: training,experimental_group_holdout_primary,false,training,none,none
img_7feb5e8e13265c3c18f0,blank_background,PN148,PSP,4R,PSP_4R,15,DIV15,6,PN148_PSP_4R_DIV15,PN148_4R_PSP_DIV15,training,training,not_assigned,provisional experimental-group allocation: training,experimental_group_holdout_primary,false,training,none,none
img_9a2b1bf1a7264d1bafde,blank_background,PN148,PSP,4R,PSP_4R,15,DIV15,7,PN148_PSP_4R_DIV15,PN148_4R_PSP_DIV15,training,training,not_assigned,provisional experimental-group allocation: training,experimental_group_holdout_primary,false,training,none,none
img_9b9b12e6080c8ba88b54,blank_background,PN148,PSP,4R,PSP_4R,15,DIV15,8,PN148_PSP_4R_DIV15,PN148_4R_PSP_DIV15,training,training,not_assigned,provisional experimental-group allocation: training,experimental_group_holdout_primary,false,training,none,none
img_4c827f12554905a4e808,blank_background,PN148,PSP,4R,PSP_4R,15,DIV15,9,PN148_PSP_4R_DIV15,PN148_4R_PSP_DIV15,training,training,not_assigned,provisional experimental-group allocation: training,experimental_group_holdout_primary,false,training,none,none
img_8995027102563a3627f3,blank_background,PN148,PSP,4R,PSP_4R,15,DIV15,10,PN148_PSP_4R_DIV15,PN148_4R_PSP_DIV15,training,training,not_assigned,provisional experimental-group allocation: training,experimental_group_holdout_primary,false,training,none,none
img_f350649ab42bc5242f19,blank_background,PN148,PSP,4R,PSP_4R,15,DIV15,11,PN148_PSP_4R_DIV15,PN148_4R_PSP_DIV15,training,training,not_assigned,provisional experimental-group allocation: training,experimental_group_holdout_primary,false,training,none,none
img_bddb96edb958708b88cc,blank_background,PN148,PSP,4R,PSP_4R,15,DIV15,12,PN148_PSP_4R_DIV15,PN148_4R_PSP_DIV15,training,training,not_assigned,provisional experimental-group allocation: training,experimental_group_holdout_primary,false,training,none,none
img_0669b4ccbe5730187943,blank_background,PN148,PSP,4R,PSP_4R,15,DIV15,13,PN148_PSP_4R_DIV15,PN148_4R_PSP_DIV15,training,training,not_assigned,provisional experimental-group allocation: training,experimental_group_holdout_primary,false,training,none,none
img_36dad896ed23db2e1874,blank_background,PN148,PSP,4R,PSP_4R,15,DIV15,14,PN148_PSP_4R_DIV15,PN148_4R_PSP_DIV15,training,training,not_assigned,provisional experimental-group allocation: training,experimental_group_holdout_primary,false,training,none,none
img_ace38147a39ab01a728b,fiber_image,PN148,PSP,4R,PSP_4R,15,DIV15,0,PN148_PSP_4R_DIV15,PN148_4R_PSP_DIV15,training,training,not_assigned,provisional experimental-group allocation: training,experimental_group_holdout_primary,false,not_applicable,none,none
img_97edf1cf7f7438726a63,fiber_image,PN148,PSP,4R,PSP_4R,15,DIV15,1,PN148_PSP_4R_DIV15,PN148_4R_PSP_DIV15,training,training,not_assigned,provisional experimental-group allocation: training,experimental_group_holdout_primary,false,not_applicable,none,none
img_a934e8a98dfb2f0df611,fiber_image,PN148,PSP,4R,PSP_4R,15,DIV15,2,PN148_PSP_4R_DIV15,PN148_4R_PSP_DIV15,training,training,not_assigned,provisional experimental-group allocation: training,experimental_group_holdout_primary,false,not_applicable,none,none
img_2ef8d7c397aacf466ec6,fiber_image,PN148,PSP,4R,PSP_4R,15,DIV15,3,PN148_PSP_4R_DIV15,PN148_4R_PSP_DIV15,training,training,not_assigned,provisional experimental-group allocation: training,experimental_group_holdout_primary,false,not_applicable,none,none
img_a8501284e3b83222bad7,fiber_image,PN148,PSP,4R,PSP_4R,15,DIV15,4,PN148_PSP_4R_DIV15,PN148_4R_PSP_DIV15,training,training,not_assigned,provisional experimental-group allocation: training,experimental_group_holdout_primary,false,not_applicable,none,none
img_e640db3da0454578be58,fiber_image,PN148,PSP,4R,PSP_4R,15,DIV15,5,PN148_PSP_4R_DIV15,PN148_4R_PSP_DIV15,training,training,not_assigned,provisional experimental-group allocation: training,experimental_group_holdout_primary,false,not_applicable,none,none
img_0917a70a8d11d2e4106f,fiber_image,PN148,PSP,4R,PSP_4R,15,DIV15,6,PN148_PSP_4R_DIV15,PN148_4R_PSP_DIV15,training,training,not_assigned,provisional experimental-group allocation: training,experimental_group_holdout_primary,false,not_applicable,none,none
img_1a7d2ae9bf7572627039,fiber_image,PN148,PSP,4R,PSP_4R,15,DIV15,7,PN148_PSP_4R_DIV15,PN148_4R_PSP_DIV15,training,training,not_assigned,provisional experimental-group allocation: training,experimental_group_holdout_primary,false,not_applicable,none,none
img_4cae7f7d94a4ea1602d5,fiber_image,PN148,PSP,4R,PSP_4R,15,DIV15,8,PN148_PSP_4R_DIV15,PN148_4R_PSP_DIV15,training,training,not_assigned,provisional experimental-group allocation: training,experimental_group_holdout_primary,false,not_applicable,none,none
img_fd296f8ef97f1983ee13,fiber_image,PN148,PSP,4R,PSP_4R,15,DIV15,9,PN148_PSP_4R_DIV15,PN148_4R_PSP_DIV15,training,training,not_assigned,provisional experimental-group allocation: training,experimental_group_holdout_primary,false,not_applicable,none,none
img_e2e8462ddb2b1b402f22,fiber_image,PN148,PSP,4R,PSP_4R,15,DIV15,10,PN148_PSP_4R_DIV15,PN148_4R_PSP_DIV15,training,training,not_assigned,provisional experimental-group allocation: training,experimental_group_holdout_primary,false,not_applicable,none,none
img_d300cd8d0ec6924a908b,fiber_image,PN148,PSP,4R,PSP_4R,15,DIV15,11,PN148_PSP_4R_DIV15,PN148_4R_PSP_DIV15,training,training,not_assigned,provisional experimental-group allocation: training,experimental_group_holdout_primary,false,not_applicable,none,none
img_82c4e762312f09a96152,fiber_image,PN148,PSP,4R,PSP_4R,15,DIV15,12,PN148_PSP_4R_DIV15,PN148_4R_PSP_DIV15,training,training,not_assigned,provisional experimental-group allocation: training,experimental_group_holdout_primary,false,not_applicable,none,none
img_c76d7c1c95a54910e180,fiber_image,PN148,PSP,4R,PSP_4R,15,DIV15,13,PN148_PSP_4R_DIV15,PN148_4R_PSP_DIV15,training,training,not_assigned,provisional experimental-group allocation: training,experimental_group_holdout_primary,false,not_applicable,none,none
img_2f228a67380a42c4f8b2,fiber_image,PN148,PSP,4R,PSP_4R,15,DIV15,14,PN148_PSP_4R_DIV15,PN148_4R_PSP_DIV15,training,training,not_assigned,provisional experimental-group allocation: training,experimental_group_holdout_primary,false,not_applicable,none,none
img_14583ac498eee7232184,fiber_image,PN151,CBD,4R,CBD_4R,3,DIV03,0,PN151_CBD_4R_DIV03,PN151_4R_CBD_DIV03,training,training,not_assigned,provisional experimental-group allocation: training,experimental_group_holdout_primary,false,not_applicable,none,none
img_4a5e193415a8c44da999,fiber_image,PN151,CBD,4R,CBD_4R,3,DIV03,1,PN151_CBD_4R_DIV03,PN151_4R_CBD_DIV03,training,training,not_assigned,provisional experimental-group allocation: training,experimental_group_holdout_primary,false,not_applicable,none,none
img_516acb317f0c033fb341,fiber_image,PN151,CBD,4R,CBD_4R,3,DIV03,2,PN151_CBD_4R_DIV03,PN151_4R_CBD_DIV03,training,training,not_assigned,provisional experimental-group allocation: training,experimental_group_holdout_primary,false,not_applicable,none,none
img_1afc527a382565e76787,fiber_image,PN151,CBD,4R,CBD_4R,3,DIV03,3,PN151_CBD_4R_DIV03,PN151_4R_CBD_DIV03,training,training,not_assigned,provisional experimental-group allocation: training,experimental_group_holdout_primary,false,not_applicable,none,none
img_4d9747534003945baf70,fiber_image,PN151,CBD,4R,CBD_4R,3,DIV03,4,PN151_CBD_4R_DIV03,PN151_4R_CBD_DIV03,training,training,not_assigned,provisional experimental-group allocation: training,experimental_group_holdout_primary,false,not_applicable,none,none
img_b7842ce241cf56525577,fiber_image,PN151,CBD,4R,CBD_4R,3,DIV03,5,PN151_CBD_4R_DIV03,PN151_4R_CBD_DIV03,training,training,not_assigned,provisional experimental-group allocation: training,experimental_group_holdout_primary,false,not_applicable,none,none
img_f943e14d4637576436b9,fiber_image,PN151,CBD,4R,CBD_4R,3,DIV03,6,PN151_CBD_4R_DIV03,PN151_4R_CBD_DIV03,training,training,not_assigned,provisional experimental-group allocation: training,experimental_group_holdout_primary,false,not_applicable,none,none
img_30060f4eb60437a3eeb7,fiber_image,PN151,CBD,4R,CBD_4R,3,DIV03,7,PN151_CBD_4R_DIV03,PN151_4R_CBD_DIV03,training,training,not_assigned,provisional experimental-group allocation: training,experimental_group_holdout_primary,false,not_applicable,none,none
img_fe6f90981eb3d0ab4927,fiber_image,PN151,CBD,4R,CBD_4R,3,DIV03,8,PN151_CBD_4R_DIV03,PN151_4R_CBD_DIV03,training,training,not_assigned,provisional experimental-group allocation: training,experimental_group_holdout_primary,false,not_applicable,none,none
img_bb0aee7290e8cef34b75,fiber_image,PN151,CBD,4R,CBD_4R,3,DIV03,9,PN151_CBD_4R_DIV03,PN151_4R_CBD_DIV03,training,training,not_assigned,provisional experimental-group allocation: training,experimental_group_holdout_primary,false,not_applicable,none,none
img_2d15bd2e05fb6ccaa47a,fiber_image,PN151,CBD,4R,CBD_4R,3,DIV03,10,PN151_CBD_4R_DIV03,PN151_4R_CBD_DIV03,training,training,not_assigned,provisional experimental-group allocation: training,experimental_group_holdout_primary,false,not_applicable,none,none
img_7a9e0f19ab9d88534865,fiber_image,PN151,CBD,4R,CBD_4R,3,DIV03,11,PN151_CBD_4R_DIV03,PN151_4R_CBD_DIV03,training,training,not_assigned,provisional experimental-group allocation: training,experimental_group_holdout_primary,false,not_applicable,none,none
img_0921ee06a91108889d2a,fiber_image,PN151,CBD,4R,CBD_4R,3,DIV03,12,PN151_CBD_4R_DIV03,PN151_4R_CBD_DIV03,training,training,not_assigned,provisional experimental-group allocation: training,experimental_group_holdout_primary,false,not_applicable,none,none
img_ccdc55c72562dd2bb801,fiber_image,PN151,CBD,4R,CBD_4R,3,DIV03,13,PN151_CBD_4R_DIV03,PN151_4R_CBD_DIV03,training,training,not_assigned,provisional experimental-group allocation: training,experimental_group_holdout_primary,false,not_applicable,none,none
img_8f41801053cefd69b145,fiber_image,PN151,CBD,4R,CBD_4R,3,DIV03,14,PN151_CBD_4R_DIV03,PN151_4R_CBD_DIV03,training,training,not_assigned,provisional experimental-group allocation: training,experimental_group_holdout_primary,false,not_applicable,none,none
img_79f6e7a22ea08671980b,fiber_image,PN151,CBD,4R,CBD_4R,3,DIV03,15,PN151_CBD_4R_DIV03,PN151_4R_CBD_DIV03,training,training,not_assigned,provisional experimental-group allocation: training,experimental_group_holdout_primary,false,not_applicable,none,none
img_69ac918c99f95213e374,fiber_image,PN151,CBD,4R,CBD_4R,5,DIV05,0,PN151_CBD_4R_DIV05,PN151_4R_CBD_DIV05,validation,validation,not_assigned,provisional experimental-group allocation: validation,experimental_group_holdout_primary,false,not_applicable,none,none
img_02028f1e0cef6a43dee1,fiber_image,PN151,CBD,4R,CBD_4R,5,DIV05,1,PN151_CBD_4R_DIV05,PN151_4R_CBD_DIV05,validation,validation,not_assigned,provisional experimental-group allocation: validation,experimental_group_holdout_primary,false,not_applicable,none,none
img_bafd7948305131dea21a,fiber_image,PN151,CBD,4R,CBD_4R,5,DIV05,2,PN151_CBD_4R_DIV05,PN151_4R_CBD_DIV05,validation,validation,not_assigned,provisional experimental-group allocation: validation,experimental_group_holdout_primary,false,not_applicable,none,none
img_72c8707007fc26224839,fiber_image,PN151,CBD,4R,CBD_4R,5,DIV05,3,PN151_CBD_4R_DIV05,PN151_4R_CBD_DIV05,validation,validation,not_assigned,provisional experimental-group allocation: validation,experimental_group_holdout_primary,false,not_applicable,none,none
img_4d4cd80ed7f82ed6a795,fiber_image,PN151,CBD,4R,CBD_4R,5,DIV05,4,PN151_CBD_4R_DIV05,PN151_4R_CBD_DIV05,validation,validation,not_assigned,provisional experimental-group allocation: validation,experimental_group_holdout_primary,false,not_applicable,none,none
img_eb0ecbe17858b2cc217e,fiber_image,PN151,CBD,4R,CBD_4R,5,DIV05,5,PN151_CBD_4R_DIV05,PN151_4R_CBD_DIV05,validation,validation,not_assigned,provisional experimental-group allocation: validation,experimental_group_holdout_primary,false,not_applicable,none,none
img_f9d17b7d13f4bd06b96e,fiber_image,PN151,CBD,4R,CBD_4R,5,DIV05,6,PN151_CBD_4R_DIV05,PN151_4R_CBD_DIV05,validation,validation,not_assigned,provisional experimental-group allocation: validation,experimental_group_holdout_primary,false,not_applicable,none,none
img_c270a570caf0fd3d5a44,fiber_image,PN151,CBD,4R,CBD_4R,5,DIV05,7,PN151_CBD_4R_DIV05,PN151_4R_CBD_DIV05,validation,validation,not_assigned,provisional experimental-group allocation: validation,experimental_group_holdout_primary,false,not_applicable,none,none
img_bf01e1f9f39919cbea69,fiber_image,PN151,CBD,4R,CBD_4R,5,DIV05,8,PN151_CBD_4R_DIV05,PN151_4R_CBD_DIV05,validation,validation,not_assigned,provisional experimental-group allocation: validation,experimental_group_holdout_primary,false,not_applicable,none,none
img_653612a84fd4eed29358,fiber_image,PN151,CBD,4R,CBD_4R,5,DIV05,9,PN151_CBD_4R_DIV05,PN151_4R_CBD_DIV05,validation,validation,not_assigned,provisional experimental-group allocation: validation,experimental_group_holdout_primary,false,not_applicable,none,none
img_11dc485fd91ba59fba09,fiber_image,PN151,CBD,4R,CBD_4R,5,DIV05,10,PN151_CBD_4R_DIV05,PN151_4R_CBD_DIV05,validation,validation,not_assigned,provisional experimental-group allocation: validation,experimental_group_holdout_primary,false,not_applicable,none,none
img_2daefea3e523d417a3ed,fiber_image,PN151,CBD,4R,CBD_4R,5,DIV05,11,PN151_CBD_4R_DIV05,PN151_4R_CBD_DIV05,validation,validation,not_assigned,provisional experimental-group allocation: validation,experimental_group_holdout_primary,false,not_applicable,none,none
img_dbc03c8686e895b07076,fiber_image,PN151,CBD,4R,CBD_4R,5,DIV05,12,PN151_CBD_4R_DIV05,PN151_4R_CBD_DIV05,validation,validation,not_assigned,provisional experimental-group allocation: validation,experimental_group_holdout_primary,false,not_applicable,none,none
img_7eeea383a50706abee35,fiber_image,PN151,CBD,4R,CBD_4R,5,DIV05,13,PN151_CBD_4R_DIV05,PN151_4R_CBD_DIV05,validation,validation,not_assigned,provisional experimental-group allocation: validation,experimental_group_holdout_primary,false,not_applicable,none,none
img_05e6f7311f033a6b27ae,fiber_image,PN151,CBD,4R,CBD_4R,5,DIV05,14,PN151_CBD_4R_DIV05,PN151_4R_CBD_DIV05,validation,validation,not_assigned,provisional experimental-group allocation: validation,experimental_group_holdout_primary,false,not_applicable,none,none
img_6f74505ed1336fe0eb30,fiber_image,PN151,CBD,4R,CBD_4R,5,DIV05,15,PN151_CBD_4R_DIV05,PN151_4R_CBD_DIV05,validation,validation,not_assigned,provisional experimental-group allocation: validation,experimental_group_holdout_primary,false,not_applicable,none,none
img_772f4a0a8bed7219d61f,fiber_image,PN151,CBD,4R,CBD_4R,7,DIV07,0,PN151_CBD_4R_DIV07,PN151_4R_CBD_DIV07,held_out_test,held_out_test,not_assigned,provisional experimental-group allocation: held_out_test,experimental_group_holdout_primary,false,not_applicable,none,none
img_6d2667e32d15de3ff886,fiber_image,PN151,CBD,4R,CBD_4R,7,DIV07,1,PN151_CBD_4R_DIV07,PN151_4R_CBD_DIV07,held_out_test,held_out_test,not_assigned,provisional experimental-group allocation: held_out_test,experimental_group_holdout_primary,false,not_applicable,none,none
img_eb3c696e2b01a9dfde64,fiber_image,PN151,CBD,4R,CBD_4R,7,DIV07,2,PN151_CBD_4R_DIV07,PN151_4R_CBD_DIV07,held_out_test,held_out_test,not_assigned,provisional experimental-group allocation: held_out_test,experimental_group_holdout_primary,false,not_applicable,none,none
img_8f4542f6ef7a492522d8,fiber_image,PN151,CBD,4R,CBD_4R,7,DIV07,3,PN151_CBD_4R_DIV07,PN151_4R_CBD_DIV07,held_out_test,held_out_test,not_assigned,provisional experimental-group allocation: held_out_test,experimental_group_holdout_primary,false,not_applicable,none,none
img_a0f02ef29d3cbd2baf3a,fiber_image,PN151,CBD,4R,CBD_4R,7,DIV07,4,PN151_CBD_4R_DIV07,PN151_4R_CBD_DIV07,held_out_test,held_out_test,not_assigned,provisional experimental-group allocation: held_out_test,experimental_group_holdout_primary,false,not_applicable,none,none
img_286fa43fd33889cfef93,fiber_image,PN151,CBD,4R,CBD_4R,7,DIV07,5,PN151_CBD_4R_DIV07,PN151_4R_CBD_DIV07,held_out_test,held_out_test,not_assigned,provisional experimental-group allocation: held_out_test,experimental_group_holdout_primary,false,not_applicable,none,none
img_c5efa2dec14703d8216a,fiber_image,PN151,CBD,4R,CBD_4R,7,DIV07,6,PN151_CBD_4R_DIV07,PN151_4R_CBD_DIV07,held_out_test,held_out_test,not_assigned,provisional experimental-group allocation: held_out_test,experimental_group_holdout_primary,false,not_applicable,none,none
img_cea1807d77a5992b33eb,fiber_image,PN151,CBD,4R,CBD_4R,7,DIV07,7,PN151_CBD_4R_DIV07,PN151_4R_CBD_DIV07,held_out_test,held_out_test,not_assigned,provisional experimental-group allocation: held_out_test,experimental_group_holdout_primary,false,not_applicable,none,none
img_26e6b7eca5f288ed3216,fiber_image,PN151,CBD,4R,CBD_4R,7,DIV07,8,PN151_CBD_4R_DIV07,PN151_4R_CBD_DIV07,held_out_test,held_out_test,not_assigned,provisional experimental-group allocation: held_out_test,experimental_group_holdout_primary,false,not_applicable,none,none
img_30f6c5ba53c245d31e9c,fiber_image,PN151,CBD,4R,CBD_4R,7,DIV07,9,PN151_CBD_4R_DIV07,PN151_4R_CBD_DIV07,held_out_test,held_out_test,not_assigned,provisional experimental-group allocation: held_out_test,experimental_group_holdout_primary,false,not_applicable,none,none
img_ed54acefd69811af3eba,fiber_image,PN151,CBD,4R,CBD_4R,7,DIV07,10,PN151_CBD_4R_DIV07,PN151_4R_CBD_DIV07,held_out_test,held_out_test,not_assigned,provisional experimental-group allocation: held_out_test,experimental_group_holdout_primary,false,not_applicable,none,none
img_ebefa805ae40b77d32b5,fiber_image,PN151,CBD,4R,CBD_4R,7,DIV07,11,PN151_CBD_4R_DIV07,PN151_4R_CBD_DIV07,held_out_test,held_out_test,not_assigned,provisional experimental-group allocation: held_out_test,experimental_group_holdout_primary,false,not_applicable,none,none
img_526d5ed4e77d6656aa5b,fiber_image,PN151,CBD,4R,CBD_4R,7,DIV07,12,PN151_CBD_4R_DIV07,PN151_4R_CBD_DIV07,held_out_test,held_out_test,not_assigned,provisional experimental-group allocation: held_out_test,experimental_group_holdout_primary,false,not_applicable,none,none
img_0f0d633b746ef9362de1,fiber_image,PN151,CBD,4R,CBD_4R,7,DIV07,13,PN151_CBD_4R_DIV07,PN151_4R_CBD_DIV07,held_out_test,held_out_test,not_assigned,provisional experimental-group allocation: held_out_test,experimental_group_holdout_primary,false,not_applicable,none,none
img_b64a0af505bed785ed09,fiber_image,PN151,CBD,4R,CBD_4R,7,DIV07,14,PN151_CBD_4R_DIV07,PN151_4R_CBD_DIV07,held_out_test,held_out_test,not_assigned,provisional experimental-group allocation: held_out_test,experimental_group_holdout_primary,false,not_applicable,none,none
img_780eaff009879ea55810,fiber_image,PN151,CBD,4R,CBD_4R,9,DIV09,0,PN151_CBD_4R_DIV09,PN151_4R_CBD_DIV09,calibration,calibration,not_assigned,provisional experimental-group allocation: calibration,experimental_group_holdout_primary,false,not_applicable,none,none
img_1b9f6f59ee032a97549e,fiber_image,PN151,CBD,4R,CBD_4R,9,DIV09,1,PN151_CBD_4R_DIV09,PN151_4R_CBD_DIV09,calibration,calibration,not_assigned,provisional experimental-group allocation: calibration,experimental_group_holdout_primary,false,not_applicable,none,none
img_45fe5c8eac531dbcb755,fiber_image,PN151,CBD,4R,CBD_4R,9,DIV09,2,PN151_CBD_4R_DIV09,PN151_4R_CBD_DIV09,calibration,calibration,not_assigned,provisional experimental-group allocation: calibration,experimental_group_holdout_primary,false,not_applicable,none,none
img_ab90bcf246f4116a1fb2,fiber_image,PN151,CBD,4R,CBD_4R,9,DIV09,3,PN151_CBD_4R_DIV09,PN151_4R_CBD_DIV09,calibration,calibration,not_assigned,provisional experimental-group allocation: calibration,experimental_group_holdout_primary,false,not_applicable,none,none
img_c6699c5380e5f9d1b2b6,fiber_image,PN151,CBD,4R,CBD_4R,9,DIV09,4,PN151_CBD_4R_DIV09,PN151_4R_CBD_DIV09,calibration,calibration,not_assigned,provisional experimental-group allocation: calibration,experimental_group_holdout_primary,false,not_applicable,none,none
img_4ee99aa5b2f7c9306035,fiber_image,PN151,CBD,4R,CBD_4R,9,DIV09,5,PN151_CBD_4R_DIV09,PN151_4R_CBD_DIV09,calibration,calibration,not_assigned,provisional experimental-group allocation: calibration,experimental_group_holdout_primary,false,not_applicable,none,none
img_051b4feeb0884d2338cb,fiber_image,PN151,CBD,4R,CBD_4R,9,DIV09,6,PN151_CBD_4R_DIV09,PN151_4R_CBD_DIV09,calibration,calibration,not_assigned,provisional experimental-group allocation: calibration,experimental_group_holdout_primary,false,not_applicable,none,none
img_0c8a0b5f3edf1b944767,fiber_image,PN151,CBD,4R,CBD_4R,9,DIV09,7,PN151_CBD_4R_DIV09,PN151_4R_CBD_DIV09,calibration,calibration,not_assigned,provisional experimental-group allocation: calibration,experimental_group_holdout_primary,false,not_applicable,none,none
img_3f59d70d04d3b85e7f3b,fiber_image,PN151,CBD,4R,CBD_4R,9,DIV09,8,PN151_CBD_4R_DIV09,PN151_4R_CBD_DIV09,calibration,calibration,not_assigned,provisional experimental-group allocation: calibration,experimental_group_holdout_primary,false,not_applicable,none,none
img_a458d8e43ac3849de0ec,fiber_image,PN151,CBD,4R,CBD_4R,9,DIV09,9,PN151_CBD_4R_DIV09,PN151_4R_CBD_DIV09,calibration,calibration,not_assigned,provisional experimental-group allocation: calibration,experimental_group_holdout_primary,false,not_applicable,none,none
img_9d8b960418fc882f9b59,fiber_image,PN151,CBD,4R,CBD_4R,9,DIV09,10,PN151_CBD_4R_DIV09,PN151_4R_CBD_DIV09,calibration,calibration,not_assigned,provisional experimental-group allocation: calibration,experimental_group_holdout_primary,false,not_applicable,none,none
img_13ba14a8c4833a0137f4,fiber_image,PN151,CBD,4R,CBD_4R,9,DIV09,11,PN151_CBD_4R_DIV09,PN151_4R_CBD_DIV09,calibration,calibration,not_assigned,provisional experimental-group allocation: calibration,experimental_group_holdout_primary,false,not_applicable,none,none
img_fb55c38dae74325815d2,fiber_image,PN151,CBD,4R,CBD_4R,9,DIV09,12,PN151_CBD_4R_DIV09,PN151_4R_CBD_DIV09,calibration,calibration,not_assigned,provisional experimental-group allocation: calibration,experimental_group_holdout_primary,false,not_applicable,none,none
img_5620390cd33446297f54,fiber_image,PN151,CBD,4R,CBD_4R,9,DIV09,13,PN151_CBD_4R_DIV09,PN151_4R_CBD_DIV09,calibration,calibration,not_assigned,provisional experimental-group allocation: calibration,experimental_group_holdout_primary,false,not_applicable,none,none
img_c5db20cee885443f5d8e,fiber_image,PN151,CBD,4R,CBD_4R,9,DIV09,14,PN151_CBD_4R_DIV09,PN151_4R_CBD_DIV09,calibration,calibration,not_assigned,provisional experimental-group allocation: calibration,experimental_group_holdout_primary,false,not_applicable,none,none
img_22a6ba5828c46f12f6e5,blank_background,PN151,CBD,4R,CBD_4R,11,DIV11,0,PN151_CBD_4R_DIV11,PN151_4R_CBD_DIV11,training,training,not_assigned,provisional experimental-group allocation: training,experimental_group_holdout_primary,false,training,none,none
img_093eea09221a4db0ebec,blank_background,PN151,CBD,4R,CBD_4R,11,DIV11,1,PN151_CBD_4R_DIV11,PN151_4R_CBD_DIV11,training,training,not_assigned,provisional experimental-group allocation: training,experimental_group_holdout_primary,false,training,none,none
img_178ab769e005e689ff6f,blank_background,PN151,CBD,4R,CBD_4R,11,DIV11,2,PN151_CBD_4R_DIV11,PN151_4R_CBD_DIV11,training,training,not_assigned,provisional experimental-group allocation: training,experimental_group_holdout_primary,false,training,none,none
img_e8891781fa88057f59f7,blank_background,PN151,CBD,4R,CBD_4R,11,DIV11,3,PN151_CBD_4R_DIV11,PN151_4R_CBD_DIV11,training,training,not_assigned,provisional experimental-group allocation: training,experimental_group_holdout_primary,false,training,none,none
img_4d5ab86fec7995e4762a,blank_background,PN151,CBD,4R,CBD_4R,11,DIV11,4,PN151_CBD_4R_DIV11,PN151_4R_CBD_DIV11,training,training,not_assigned,provisional experimental-group allocation: training,experimental_group_holdout_primary,false,training,none,none
img_84c0549996fe08b21c59,blank_background,PN151,CBD,4R,CBD_4R,11,DIV11,5,PN151_CBD_4R_DIV11,PN151_4R_CBD_DIV11,training,training,not_assigned,provisional experimental-group allocation: training,experimental_group_holdout_primary,false,training,none,none
img_014d9d77d1d61fed189b,blank_background,PN151,CBD,4R,CBD_4R,11,DIV11,6,PN151_CBD_4R_DIV11,PN151_4R_CBD_DIV11,training,training,not_assigned,provisional experimental-group allocation: training,experimental_group_holdout_primary,false,training,none,none
img_9376400c90b45dd4f597,blank_background,PN151,CBD,4R,CBD_4R,11,DIV11,7,PN151_CBD_4R_DIV11,PN151_4R_CBD_DIV11,training,training,not_assigned,provisional experimental-group allocation: training,experimental_group_holdout_primary,false,training,none,none
img_b1c587d8bfb662ed95c2,blank_background,PN151,CBD,4R,CBD_4R,11,DIV11,8,PN151_CBD_4R_DIV11,PN151_4R_CBD_DIV11,training,training,not_assigned,provisional experimental-group allocation: training,experimental_group_holdout_primary,false,training,none,none
img_0d4cd0a31114b105cf51,blank_background,PN151,CBD,4R,CBD_4R,11,DIV11,9,PN151_CBD_4R_DIV11,PN151_4R_CBD_DIV11,training,training,not_assigned,provisional experimental-group allocation: training,experimental_group_holdout_primary,false,training,none,none
img_4a12cb04c6ad4b44f7e4,blank_background,PN151,CBD,4R,CBD_4R,11,DIV11,10,PN151_CBD_4R_DIV11,PN151_4R_CBD_DIV11,training,training,not_assigned,provisional experimental-group allocation: training,experimental_group_holdout_primary,false,training,none,none
img_42e8d8a784a69489e580,blank_background,PN151,CBD,4R,CBD_4R,11,DIV11,11,PN151_CBD_4R_DIV11,PN151_4R_CBD_DIV11,training,training,not_assigned,provisional experimental-group allocation: training,experimental_group_holdout_primary,false,training,none,none
img_4b1f1b0523dd6c73177c,blank_background,PN151,CBD,4R,CBD_4R,11,DIV11,12,PN151_CBD_4R_DIV11,PN151_4R_CBD_DIV11,training,training,not_assigned,provisional experimental-group allocation: training,experimental_group_holdout_primary,false,training,none,none
img_3fcd76c473a770a81832,blank_background,PN151,CBD,4R,CBD_4R,11,DIV11,13,PN151_CBD_4R_DIV11,PN151_4R_CBD_DIV11,training,training,not_assigned,provisional experimental-group allocation: training,experimental_group_holdout_primary,false,training,none,none
img_908ed3f9b3c24e1d482b,blank_background,PN151,CBD,4R,CBD_4R,11,DIV11,14,PN151_CBD_4R_DIV11,PN151_4R_CBD_DIV11,training,training,not_assigned,provisional experimental-group allocation: training,experimental_group_holdout_primary,false,training,none,none
img_5dde17f7235bd3b91b4e,blank_background,PN151,CBD,4R,CBD_4R,11,DIV11,15,PN151_CBD_4R_DIV11,PN151_4R_CBD_DIV11,training,training,not_assigned,provisional experimental-group allocation: training,experimental_group_holdout_primary,false,training,none,none
img_8ad7d07fa1daa0209cfb,blank_background,PN151,CBD,4R,CBD_4R,11,DIV11,16,PN151_CBD_4R_DIV11,PN151_4R_CBD_DIV11,training,training,not_assigned,provisional experimental-group allocation: training,experimental_group_holdout_primary,false,training,none,none
img_34d44dfa65b93f389f95,blank_background,PN151,CBD,4R,CBD_4R,11,DIV11,17,PN151_CBD_4R_DIV11,PN151_4R_CBD_DIV11,training,training,not_assigned,provisional experimental-group allocation: training,experimental_group_holdout_primary,false,training,none,none
img_ab8a5dd57e15fbe9d2e3,blank_background,PN151,CBD,4R,CBD_4R,11,DIV11,18,PN151_CBD_4R_DIV11,PN151_4R_CBD_DIV11,training,training,not_assigned,provisional experimental-group allocation: training,experimental_group_holdout_primary,false,training,none,none
img_0d1c01fd26080936f42b,blank_background,PN151,CBD,4R,CBD_4R,11,DIV11,19,PN151_CBD_4R_DIV11,PN151_4R_CBD_DIV11,training,training,not_assigned,provisional experimental-group allocation: training,experimental_group_holdout_primary,false,training,none,none
img_43d0f384b07d7388d6db,blank_background,PN151,CBD,4R,CBD_4R,11,DIV11,20,PN151_CBD_4R_DIV11,PN151_4R_CBD_DIV11,training,training,not_assigned,provisional experimental-group allocation: training,experimental_group_holdout_primary,false,training,none,none
img_a423ba5191509d03f98b,blank_background,PN151,CBD,4R,CBD_4R,11,DIV11,21,PN151_CBD_4R_DIV11,PN151_4R_CBD_DIV11,training,training,not_assigned,provisional experimental-group allocation: training,experimental_group_holdout_primary,false,training,none,none
img_4ec66ad0f9ecacf25377,blank_background,PN151,CBD,4R,CBD_4R,11,DIV11,22,PN151_CBD_4R_DIV11,PN151_4R_CBD_DIV11,training,training,not_assigned,provisional experimental-group allocation: training,experimental_group_holdout_primary,false,training,none,none
img_b2abcc150c16a6d7cca7,blank_background,PN151,CBD,4R,CBD_4R,11,DIV11,23,PN151_CBD_4R_DIV11,PN151_4R_CBD_DIV11,training,training,not_assigned,provisional experimental-group allocation: training,experimental_group_holdout_primary,false,training,none,none
img_ee34a766ad48467dd7e1,blank_background,PN151,CBD,4R,CBD_4R,11,DIV11,24,PN151_CBD_4R_DIV11,PN151_4R_CBD_DIV11,training,training,not_assigned,provisional experimental-group allocation: training,experimental_group_holdout_primary,false,training,none,none
img_d3c239af23a085e0b4d8,blank_background,PN151,CBD,4R,CBD_4R,11,DIV11,25,PN151_CBD_4R_DIV11,PN151_4R_CBD_DIV11,training,training,not_assigned,provisional experimental-group allocation: training,experimental_group_holdout_primary,false,training,none,none
img_85bd0416dfc971c6ce41,blank_background,PN151,CBD,4R,CBD_4R,11,DIV11,26,PN151_CBD_4R_DIV11,PN151_4R_CBD_DIV11,training,training,not_assigned,provisional experimental-group allocation: training,experimental_group_holdout_primary,false,training,none,none
img_2e9cc5effd6823d55d02,blank_background,PN151,CBD,4R,CBD_4R,11,DIV11,27,PN151_CBD_4R_DIV11,PN151_4R_CBD_DIV11,training,training,not_assigned,provisional experimental-group allocation: training,experimental_group_holdout_primary,false,training,none,none
img_afedddc4a39035e55219,blank_background,PN151,CBD,4R,CBD_4R,11,DIV11,28,PN151_CBD_4R_DIV11,PN151_4R_CBD_DIV11,training,training,not_assigned,provisional experimental-group allocation: training,experimental_group_holdout_primary,false,training,none,none
img_eeb10bbc10a5ef3f859b,blank_background,PN151,CBD,4R,CBD_4R,11,DIV11,29,PN151_CBD_4R_DIV11,PN151_4R_CBD_DIV11,training,training,not_assigned,provisional experimental-group allocation: training,experimental_group_holdout_primary,false,training,none,none
img_d48ab8d2ac1026abfc85,blank_background,PN151,CBD,4R,CBD_4R,11,DIV11,30,PN151_CBD_4R_DIV11,PN151_4R_CBD_DIV11,training,training,not_assigned,provisional experimental-group allocation: training,experimental_group_holdout_primary,false,training,none,none
img_c25e79b9bfb565174fe1,blank_background,PN151,CBD,4R,CBD_4R,11,DIV11,31,PN151_CBD_4R_DIV11,PN151_4R_CBD_DIV11,training,training,not_assigned,provisional experimental-group allocation: training,experimental_group_holdout_primary,false,training,none,none
img_380582f92698aae8c505,blank_background,PN151,CBD,4R,CBD_4R,11,DIV11,32,PN151_CBD_4R_DIV11,PN151_4R_CBD_DIV11,training,training,not_assigned,provisional experimental-group allocation: training,experimental_group_holdout_primary,false,training,none,none
img_d0a41f4af32f4866497f,blank_background,PN151,CBD,4R,CBD_4R,11,DIV11,33,PN151_CBD_4R_DIV11,PN151_4R_CBD_DIV11,training,training,not_assigned,provisional experimental-group allocation: training,experimental_group_holdout_primary,false,training,none,none
img_8d1af307d9a0d9edf910,fiber_image,PN151,CBD,4R,CBD_4R,11,DIV11,0,PN151_CBD_4R_DIV11,PN151_4R_CBD_DIV11,training,training,not_assigned,provisional experimental-group allocation: training,experimental_group_holdout_primary,false,not_applicable,none,none
img_4b35f31c8b5684a66718,fiber_image,PN151,CBD,4R,CBD_4R,11,DIV11,1,PN151_CBD_4R_DIV11,PN151_4R_CBD_DIV11,training,training,not_assigned,provisional experimental-group allocation: training,experimental_group_holdout_primary,false,not_applicable,none,none
img_2358b4c0243cb146ebdf,fiber_image,PN151,CBD,4R,CBD_4R,11,DIV11,2,PN151_CBD_4R_DIV11,PN151_4R_CBD_DIV11,training,training,not_assigned,provisional experimental-group allocation: training,experimental_group_holdout_primary,false,not_applicable,none,none
img_ab32e17c838d86dd7c18,fiber_image,PN151,CBD,4R,CBD_4R,11,DIV11,3,PN151_CBD_4R_DIV11,PN151_4R_CBD_DIV11,training,training,not_assigned,provisional experimental-group allocation: training,experimental_group_holdout_primary,false,not_applicable,none,none
img_8d4233b6e08ccdab5c00,fiber_image,PN151,CBD,4R,CBD_4R,11,DIV11,4,PN151_CBD_4R_DIV11,PN151_4R_CBD_DIV11,training,training,not_assigned,provisional experimental-group allocation: training,experimental_group_holdout_primary,false,not_applicable,none,none
img_10dd5d31f26d001311b4,fiber_image,PN151,CBD,4R,CBD_4R,11,DIV11,5,PN151_CBD_4R_DIV11,PN151_4R_CBD_DIV11,training,training,not_assigned,provisional experimental-group allocation: training,experimental_group_holdout_primary,false,not_applicable,none,none
img_2fcd1bb30cb80e0399ac,fiber_image,PN151,CBD,4R,CBD_4R,11,DIV11,6,PN151_CBD_4R_DIV11,PN151_4R_CBD_DIV11,training,training,not_assigned,provisional experimental-group allocation: training,experimental_group_holdout_primary,false,not_applicable,none,none
img_ce2ca16e79108e045523,fiber_image,PN151,CBD,4R,CBD_4R,11,DIV11,7,PN151_CBD_4R_DIV11,PN151_4R_CBD_DIV11,training,training,not_assigned,provisional experimental-group allocation: training,experimental_group_holdout_primary,false,not_applicable,none,none
img_c7247ce8d4425c9ca704,fiber_image,PN151,CBD,4R,CBD_4R,11,DIV11,8,PN151_CBD_4R_DIV11,PN151_4R_CBD_DIV11,training,training,not_assigned,provisional experimental-group allocation: training,experimental_group_holdout_primary,false,not_applicable,none,none
img_42b6edc8a33c2fadf36c,fiber_image,PN151,CBD,4R,CBD_4R,11,DIV11,9,PN151_CBD_4R_DIV11,PN151_4R_CBD_DIV11,training,training,not_assigned,provisional experimental-group allocation: training,experimental_group_holdout_primary,false,not_applicable,none,none
img_b1785818b233d84945dc,fiber_image,PN151,CBD,4R,CBD_4R,11,DIV11,10,PN151_CBD_4R_DIV11,PN151_4R_CBD_DIV11,training,training,not_assigned,provisional experimental-group allocation: training,experimental_group_holdout_primary,false,not_applicable,none,none
img_3833189ffe66380cff12,fiber_image,PN151,CBD,4R,CBD_4R,11,DIV11,11,PN151_CBD_4R_DIV11,PN151_4R_CBD_DIV11,training,training,not_assigned,provisional experimental-group allocation: training,experimental_group_holdout_primary,false,not_applicable,none,none
img_8a78d02b7528272fb61f,fiber_image,PN151,CBD,4R,CBD_4R,11,DIV11,12,PN151_CBD_4R_DIV11,PN151_4R_CBD_DIV11,training,training,not_assigned,provisional experimental-group allocation: training,experimental_group_holdout_primary,false,not_applicable,none,none
img_fcb4a875d65602dd9d0e,fiber_image,PN151,CBD,4R,CBD_4R,11,DIV11,13,PN151_CBD_4R_DIV11,PN151_4R_CBD_DIV11,training,training,not_assigned,provisional experimental-group allocation: training,experimental_group_holdout_primary,false,not_applicable,none,none
img_910f6c67f078b5107296,fiber_image,PN151,CBD,4R,CBD_4R,11,DIV11,14,PN151_CBD_4R_DIV11,PN151_4R_CBD_DIV11,training,training,not_assigned,provisional experimental-group allocation: training,experimental_group_holdout_primary,false,not_applicable,none,none
