sample_id,npz_path,metadata_path,schema_version,generator_version,parent_synthetic_sample_id,source_blank_id,source_synthetic_split,split
sted_blank_composites_training_v1_schema08_0000,examples/sted_blank_composites_training_v1_schema08/sted_blank_composites_training_v1_schema08_0000.npz,examples/sted_blank_composites_training_v1_schema08/sted_blank_composites_training_v1_schema08_0000.json,synthetic_sted_3d_morphology_0.8.0,fibras_morphology_scene_3d_0.8.0,synthetic_sted_training_v1_schema08_0000,img_014d9d77d1d61fed189b,synthetic_background_train,train
sted_blank_composites_training_v1_schema08_0001,examples/sted_blank_composites_training_v1_schema08/sted_blank_composites_training_v1_schema08_0001.npz,examples/sted_blank_composites_training_v1_schema08/sted_blank_composites_training_v1_schema08_0001.json,synthetic_sted_3d_morphology_0.8.0,fibras_morphology_scene_3d_0.8.0,synthetic_sted_training_v1_schema08_0001,img_093eea09221a4db0ebec,synthetic_background_train,train
sted_blank_composites_training_v1_schema08_0002,examples/sted_blank_composites_training_v1_schema08/sted_blank_composites_training_v1_schema08_0002.npz,examples/sted_blank_composites_training_v1_schema08/sted_blank_composites_training_v1_schema08_0002.json,synthetic_sted_3d_morphology_0.8.0,fibras_morphology_scene_3d_0.8.0,synthetic_sted_training_v1_schema08_0002,img_0d1c01fd26080936f42b,synthetic_background_train,train
sted_blank_composites_training_v1_schema08_0003,examples/sted_blank_composites_training_v1_schema08/sted_blank_composites_training_v1_schema08_0003.npz,examples/sted_blank_composites_training_v1_schema08/sted_blank_composites_training_v1_schema08_0003.json,synthetic_sted_3d_morphology_0.8.0,fibras_morphology_scene_3d_0.8.0,synthetic_sted_training_v1_schema08_0003,img_0d4cd0a31114b105cf51,synthetic_background_train,train
sted_blank_composites_training_v1_schema08_0004,examples/sted_blank_composites_training_v1_schema08/sted_blank_composites_training_v1_schema08_0004.npz,examples/sted_blank_composites_training_v1_schema08/sted_blank_composites_training_v1_schema08_0004.json,synthetic_sted_3d_morphology_0.8.0,fibras_morphology_scene_3d_0.8.0,synthetic_sted_training_v1_schema08_0004,img_0edb6472854aea980f2a,synthetic_background_train,train
sted_blank_composites_training_v1_schema08_0005,examples/sted_blank_composites_training_v1_schema08/sted_blank_composites_training_v1_schema08_0005.npz,examples/sted_blank_composites_training_v1_schema08/sted_blank_composites_training_v1_schema08_0005.json,synthetic_sted_3d_morphology_0.8.0,fibras_morphology_scene_3d_0.8.0,synthetic_sted_training_v1_schema08_0005,img_1672f71f16b77dc4d642,synthetic_background_train,train
sted_blank_composites_training_v1_schema08_0006,examples/sted_blank_composites_training_v1_schema08/sted_blank_composites_training_v1_schema08_0006.npz,examples/sted_blank_composites_training_v1_schema08/sted_blank_composites_training_v1_schema08_0006.json,synthetic_sted_3d_morphology_0.8.0,fibras_morphology_scene_3d_0.8.0,synthetic_sted_training_v1_schema08_0006,img_178ab769e005e689ff6f,synthetic_background_train,train
sted_blank_composites_training_v1_schema08_0007,examples/sted_blank_composites_training_v1_schema08/sted_blank_composites_training_v1_schema08_0007.npz,examples/sted_blank_composites_training_v1_schema08/sted_blank_composites_training_v1_schema08_0007.json,synthetic_sted_3d_morphology_0.8.0,fibras_morphology_scene_3d_0.8.0,synthetic_sted_training_v1_schema08_0007,img_1ba419dc88931db47c8c,synthetic_background_train,train
sted_blank_composites_training_v1_schema08_0008,examples/sted_blank_composites_training_v1_schema08/sted_blank_composites_training_v1_schema08_0008.npz,examples/sted_blank_composites_training_v1_schema08/sted_blank_composites_training_v1_schema08_0008.json,synthetic_sted_3d_morphology_0.8.0,fibras_morphology_scene_3d_0.8.0,synthetic_sted_training_v1_schema08_0008,img_22a6ba5828c46f12f6e5,synthetic_background_train,train
sted_blank_composites_training_v1_schema08_0009,examples/sted_blank_composites_training_v1_schema08/sted_blank_composites_training_v1_schema08_0009.npz,examples/sted_blank_composites_training_v1_schema08/sted_blank_composites_training_v1_schema08_0009.json,synthetic_sted_3d_morphology_0.8.0,fibras_morphology_scene_3d_0.8.0,synthetic_sted_training_v1_schema08_0009,img_22b8bcb88a805b153993,synthetic_background_train,train
sted_blank_composites_training_v1_schema08_0010,examples/sted_blank_composites_training_v1_schema08/sted_blank_composites_training_v1_schema08_0010.npz,examples/sted_blank_composites_training_v1_schema08/sted_blank_composites_training_v1_schema08_0010.json,synthetic_sted_3d_morphology_0.8.0,fibras_morphology_scene_3d_0.8.0,synthetic_sted_training_v1_schema08_0010,img_2e9cc5effd6823d55d02,synthetic_background_train,train
sted_blank_composites_training_v1_schema08_0011,examples/sted_blank_composites_training_v1_schema08/sted_blank_composites_training_v1_schema08_0011.npz,examples/sted_blank_composites_training_v1_schema08/sted_blank_composites_training_v1_schema08_0011.json,synthetic_sted_3d_morphology_0.8.0,fibras_morphology_scene_3d_0.8.0,synthetic_sted_training_v1_schema08_0011,img_34d44dfa65b93f389f95,synthetic_background_train,train
sted_blank_composites_training_v1_schema08_0012,examples/sted_blank_composites_training_v1_schema08/sted_blank_composites_training_v1_schema08_0012.npz,examples/sted_blank_composites_training_v1_schema08/sted_blank_composites_training_v1_schema08_0012.json,synthetic_sted_3d_morphology_0.8.0,fibras_morphology_scene_3d_0.8.0,synthetic_sted_training_v1_schema08_0012,img_380582f92698aae8c505,synthetic_background_train,train
sted_blank_composites_training_v1_schema08_0013,examples/sted_blank_composites_training_v1_schema08/sted_blank_composites_training_v1_schema08_0013.npz,examples/sted_blank_composites_training_v1_schema08/sted_blank_composites_training_v1_schema08_0013.json,synthetic_sted_3d_morphology_0.8.0,fibras_morphology_scene_3d_0.8.0,synthetic_sted_training_v1_schema08_0013,img_3fcd76c473a770a81832,synthetic_background_train,train
sted_blank_composites_training_v1_schema08_0014,examples/sted_blank_composites_training_v1_schema08/sted_blank_composites_training_v1_schema08_0014.npz,examples/sted_blank_composites_training_v1_schema08/sted_blank_composites_training_v1_schema08_0014.json,synthetic_sted_3d_morphology_0.8.0,fibras_morphology_scene_3d_0.8.0,synthetic_sted_training_v1_schema08_0014,img_42e8d8a784a69489e580,synthetic_background_train,train
sted_blank_composites_training_v1_schema08_0015,examples/sted_blank_composites_training_v1_schema08/sted_blank_composites_training_v1_schema08_0015.npz,examples/sted_blank_composites_training_v1_schema08/sted_blank_composites_training_v1_schema08_0015.json,synthetic_sted_3d_morphology_0.8.0,fibras_morphology_scene_3d_0.8.0,synthetic_sted_training_v1_schema08_0015,img_43d0f384b07d7388d6db,synthetic_background_train,train
sted_blank_composites_training_v1_schema08_0016,examples/sted_blank_composites_training_v1_schema08/sted_blank_composites_training_v1_schema08_0016.npz,examples/sted_blank_composites_training_v1_schema08/sted_blank_composites_training_v1_schema08_0016.json,synthetic_sted_3d_morphology_0.8.0,fibras_morphology_scene_3d_0.8.0,synthetic_sted_training_v1_schema08_0016,img_44974790651d1b7badfa,synthetic_background_train,train
sted_blank_composites_training_v1_schema08_0017,examples/sted_blank_composites_training_v1_schema08/sted_blank_composites_training_v1_schema08_0017.npz,examples/sted_blank_composites_training_v1_schema08/sted_blank_composites_training_v1_schema08_0017.json,synthetic_sted_3d_morphology_0.8.0,fibras_morphology_scene_3d_0.8.0,synthetic_sted_training_v1_schema08_0017,img_4a12cb04c6ad4b44f7e4,synthetic_background_train,train
sted_blank_composites_training_v1_schema08_0018,examples/sted_blank_composites_training_v1_schema08/sted_blank_composites_training_v1_schema08_0018.npz,examples/sted_blank_composites_training_v1_schema08/sted_blank_composites_training_v1_schema08_0018.json,synthetic_sted_3d_morphology_0.8.0,fibras_morphology_scene_3d_0.8.0,synthetic_sted_training_v1_schema08_0018,img_4b1f1b0523dd6c73177c,synthetic_background_train,train
sted_blank_composites_training_v1_schema08_0019,examples/sted_blank_composites_training_v1_schema08/sted_blank_composites_training_v1_schema08_0019.npz,examples/sted_blank_composites_training_v1_schema08/sted_blank_composites_training_v1_schema08_0019.json,synthetic_sted_3d_morphology_0.8.0,fibras_morphology_scene_3d_0.8.0,synthetic_sted_training_v1_schema08_0019,img_4d5ab86fec7995e4762a,synthetic_background_train,train
sted_blank_composites_training_v1_schema08_0020,examples/sted_blank_composites_training_v1_schema08/sted_blank_composites_training_v1_schema08_0020.npz,examples/sted_blank_composites_training_v1_schema08/sted_blank_composites_training_v1_schema08_0020.json,synthetic_sted_3d_morphology_0.8.0,fibras_morphology_scene_3d_0.8.0,synthetic_sted_training_v1_schema08_0020,img_4ec66ad0f9ecacf25377,synthetic_background_train,train
sted_blank_composites_training_v1_schema08_0021,examples/sted_blank_composites_training_v1_schema08/sted_blank_composites_training_v1_schema08_0021.npz,examples/sted_blank_composites_training_v1_schema08/sted_blank_composites_training_v1_schema08_0021.json,synthetic_sted_3d_morphology_0.8.0,fibras_morphology_scene_3d_0.8.0,synthetic_sted_training_v1_schema08_0021,img_52fd567a6489c2ee806f,synthetic_background_train,train
sted_blank_composites_training_v1_schema08_0022,examples/sted_blank_composites_training_v1_schema08/sted_blank_composites_training_v1_schema08_0022.npz,examples/sted_blank_composites_training_v1_schema08/sted_blank_composites_training_v1_schema08_0022.json,synthetic_sted_3d_morphology_0.8.0,fibras_morphology_scene_3d_0.8.0,synthetic_sted_training_v1_schema08_0022,img_5882372f16349d4ccf22,synthetic_background_train,train
sted_blank_composites_training_v1_schema08_0023,examples/sted_blank_composites_training_v1_schema08/sted_blank_composites_training_v1_schema08_0023.npz,examples/sted_blank_composites_training_v1_schema08/sted_blank_composites_training_v1_schema08_0023.json,synthetic_sted_3d_morphology_0.8.0,fibras_morphology_scene_3d_0.8.0,synthetic_sted_training_v1_schema08_0023,img_5dde17f7235bd3b91b4e,synthetic_background_train,train
sted_blank_composites_training_v1_schema08_0024,examples/sted_blank_composites_training_v1_schema08/sted_blank_composites_training_v1_schema08_0024.npz,examples/sted_blank_composites_training_v1_schema08/sted_blank_composites_training_v1_schema08_0024.json,synthetic_sted_3d_morphology_0.8.0,fibras_morphology_scene_3d_0.8.0,synthetic_sted_training_v1_schema08_0024,img_6fcc906a6259240a019e,synthetic_background_train,train
sted_blank_composites_training_v1_schema08_0025,examples/sted_blank_composites_training_v1_schema08/sted_blank_composites_training_v1_schema08_0025.npz,examples/sted_blank_composites_training_v1_schema08/sted_blank_composites_training_v1_schema08_0025.json,synthetic_sted_3d_morphology_0.8.0,fibras_morphology_scene_3d_0.8.0,synthetic_sted_training_v1_schema08_0025,img_7902deec8b57c29e9a62,synthetic_background_train,train
sted_blank_composites_training_v1_schema08_0026,examples/sted_blank_composites_training_v1_schema08/sted_blank_composites_training_v1_schema08_0026.npz,examples/sted_blank_composites_training_v1_schema08/sted_blank_composites_training_v1_schema08_0026.json,synthetic_sted_3d_morphology_0.8.0,fibras_morphology_scene_3d_0.8.0,synthetic_sted_training_v1_schema08_0026,img_84c0549996fe08b21c59,synthetic_background_train,train
sted_blank_composites_training_v1_schema08_0027,examples/sted_blank_composites_training_v1_schema08/sted_blank_composites_training_v1_schema08_0027.npz,examples/sted_blank_composites_training_v1_schema08/sted_blank_composites_training_v1_schema08_0027.json,synthetic_sted_3d_morphology_0.8.0,fibras_morphology_scene_3d_0.8.0,synthetic_sted_training_v1_schema08_0027,img_85bd0416dfc971c6ce41,synthetic_background_train,train
sted_blank_composites_training_v1_schema08_0028,examples/sted_blank_composites_training_v1_schema08/sted_blank_composites_training_v1_schema08_0028.npz,examples/sted_blank_composites_training_v1_schema08/sted_blank_composites_training_v1_schema08_0028.json,synthetic_sted_3d_morphology_0.8.0,fibras_morphology_scene_3d_0.8.0,synthetic_sted_training_v1_schema08_0028,img_8ad7d07fa1daa0209cfb,synthetic_background_train,train
sted_blank_composites_training_v1_schema08_0029,examples/sted_blank_composites_training_v1_schema08/sted_blank_composites_training_v1_schema08_0029.npz,examples/sted_blank_composites_training_v1_schema08/sted_blank_composites_training_v1_schema08_0029.json,synthetic_sted_3d_morphology_0.8.0,fibras_morphology_scene_3d_0.8.0,synthetic_sted_training_v1_schema08_0029,img_908ed3f9b3c24e1d482b,synthetic_background_train,train
sted_blank_composites_training_v1_schema08_0030,examples/sted_blank_composites_training_v1_schema08/sted_blank_composites_training_v1_schema08_0030.npz,examples/sted_blank_composites_training_v1_schema08/sted_blank_composites_training_v1_schema08_0030.json,synthetic_sted_3d_morphology_0.8.0,fibras_morphology_scene_3d_0.8.0,synthetic_sted_training_v1_schema08_0030,img_9376400c90b45dd4f597,synthetic_background_train,train
sted_blank_composites_training_v1_schema08_0031,examples/sted_blank_composites_training_v1_schema08/sted_blank_composites_training_v1_schema08_0031.npz,examples/sted_blank_composites_training_v1_schema08/sted_blank_composites_training_v1_schema08_0031.json,synthetic_sted_3d_morphology_0.8.0,fibras_morphology_scene_3d_0.8.0,synthetic_sted_training_v1_schema08_0031,img_a423ba5191509d03f98b,synthetic_background_train,train
sted_blank_composites_training_v1_schema08_0032,examples/sted_blank_composites_training_v1_schema08/sted_blank_composites_training_v1_schema08_0032.npz,examples/sted_blank_composites_training_v1_schema08/sted_blank_composites_training_v1_schema08_0032.json,synthetic_sted_3d_morphology_0.8.0,fibras_morphology_scene_3d_0.8.0,synthetic_sted_training_v1_schema08_0032,img_a538de08cfa15ee606a9,synthetic_background_train,train
sted_blank_composites_training_v1_schema08_0033,examples/sted_blank_composites_training_v1_schema08/sted_blank_composites_training_v1_schema08_0033.npz,examples/sted_blank_composites_training_v1_schema08/sted_blank_composites_training_v1_schema08_0033.json,synthetic_sted_3d_morphology_0.8.0,fibras_morphology_scene_3d_0.8.0,synthetic_sted_training_v1_schema08_0033,img_ab8a5dd57e15fbe9d2e3,synthetic_background_train,train
sted_blank_composites_training_v1_schema08_0034,examples/sted_blank_composites_training_v1_schema08/sted_blank_composites_training_v1_schema08_0034.npz,examples/sted_blank_composites_training_v1_schema08/sted_blank_composites_training_v1_schema08_0034.json,synthetic_sted_3d_morphology_0.8.0,fibras_morphology_scene_3d_0.8.0,synthetic_sted_training_v1_schema08_0034,img_afedddc4a39035e55219,synthetic_background_train,train
sted_blank_composites_training_v1_schema08_0035,examples/sted_blank_composites_training_v1_schema08/sted_blank_composites_training_v1_schema08_0035.npz,examples/sted_blank_composites_training_v1_schema08/sted_blank_composites_training_v1_schema08_0035.json,synthetic_sted_3d_morphology_0.8.0,fibras_morphology_scene_3d_0.8.0,synthetic_sted_training_v1_schema08_0035,img_b1c587d8bfb662ed95c2,synthetic_background_train,train
sted_blank_composites_training_v1_schema08_0036,examples/sted_blank_composites_training_v1_schema08/sted_blank_composites_training_v1_schema08_0036.npz,examples/sted_blank_composites_training_v1_schema08/sted_blank_composites_training_v1_schema08_0036.json,synthetic_sted_3d_morphology_0.8.0,fibras_morphology_scene_3d_0.8.0,synthetic_sted_training_v1_schema08_0036,img_b2abcc150c16a6d7cca7,synthetic_background_train,train
sted_blank_composites_training_v1_schema08_0037,examples/sted_blank_composites_training_v1_schema08/sted_blank_composites_training_v1_schema08_0037.npz,examples/sted_blank_composites_training_v1_schema08/sted_blank_composites_training_v1_schema08_0037.json,synthetic_sted_3d_morphology_0.8.0,fibras_morphology_scene_3d_0.8.0,synthetic_sted_training_v1_schema08_0037,img_c25e79b9bfb565174fe1,synthetic_background_train,train
sted_blank_composites_training_v1_schema08_0038,examples/sted_blank_composites_training_v1_schema08/sted_blank_composites_training_v1_schema08_0038.npz,examples/sted_blank_composites_training_v1_schema08/sted_blank_composites_training_v1_schema08_0038.json,synthetic_sted_3d_morphology_0.8.0,fibras_morphology_scene_3d_0.8.0,synthetic_sted_training_v1_schema08_0038,img_ca042c3dcfcf09035923,synthetic_background_train,train
sted_blank_composites_training_v1_schema08_0039,examples/sted_blank_composites_training_v1_schema08/sted_blank_composites_training_v1_schema08_0039.npz,examples/sted_blank_composites_training_v1_schema08/sted_blank_composites_training_v1_schema08_0039.json,synthetic_sted_3d_morphology_0.8.0,fibras_morphology_scene_3d_0.8.0,synthetic_sted_training_v1_schema08_0039,img_d0a41f4af32f4866497f,synthetic_background_train,train
sted_blank_composites_training_v1_schema08_0040,examples/sted_blank_composites_training_v1_schema08/sted_blank_composites_training_v1_schema08_0040.npz,examples/sted_blank_composites_training_v1_schema08/sted_blank_composites_training_v1_schema08_0040.json,synthetic_sted_3d_morphology_0.8.0,fibras_morphology_scene_3d_0.8.0,synthetic_sted_training_v1_schema08_0040,img_d3c239af23a085e0b4d8,synthetic_background_train,train
sted_blank_composites_training_v1_schema08_0041,examples/sted_blank_composites_training_v1_schema08/sted_blank_composites_training_v1_schema08_0041.npz,examples/sted_blank_composites_training_v1_schema08/sted_blank_composites_training_v1_schema08_0041.json,synthetic_sted_3d_morphology_0.8.0,fibras_morphology_scene_3d_0.8.0,synthetic_sted_training_v1_schema08_0041,img_d48ab8d2ac1026abfc85,synthetic_background_train,train
sted_blank_composites_training_v1_schema08_0042,examples/sted_blank_composites_training_v1_schema08/sted_blank_composites_training_v1_schema08_0042.npz,examples/sted_blank_composites_training_v1_schema08/sted_blank_composites_training_v1_schema08_0042.json,synthetic_sted_3d_morphology_0.8.0,fibras_morphology_scene_3d_0.8.0,synthetic_sted_training_v1_schema08_0042,img_e346ea478db12b518ac8,synthetic_background_train,train
sted_blank_composites_training_v1_schema08_0043,examples/sted_blank_composites_training_v1_schema08/sted_blank_composites_training_v1_schema08_0043.npz,examples/sted_blank_composites_training_v1_schema08/sted_blank_composites_training_v1_schema08_0043.json,synthetic_sted_3d_morphology_0.8.0,fibras_morphology_scene_3d_0.8.0,synthetic_sted_training_v1_schema08_0043,img_e365a76f42760dd466b9,synthetic_background_train,train
sted_blank_composites_training_v1_schema08_0044,examples/sted_blank_composites_training_v1_schema08/sted_blank_composites_training_v1_schema08_0044.npz,examples/sted_blank_composites_training_v1_schema08/sted_blank_composites_training_v1_schema08_0044.json,synthetic_sted_3d_morphology_0.8.0,fibras_morphology_scene_3d_0.8.0,synthetic_sted_training_v1_schema08_0044,img_e5db75d93a225639e3a4,synthetic_background_train,train
sted_blank_composites_training_v1_schema08_0045,examples/sted_blank_composites_training_v1_schema08/sted_blank_composites_training_v1_schema08_0045.npz,examples/sted_blank_composites_training_v1_schema08/sted_blank_composites_training_v1_schema08_0045.json,synthetic_sted_3d_morphology_0.8.0,fibras_morphology_scene_3d_0.8.0,synthetic_sted_training_v1_schema08_0045,img_e8891781fa88057f59f7,synthetic_background_train,train
sted_blank_composites_training_v1_schema08_0046,examples/sted_blank_composites_training_v1_schema08/sted_blank_composites_training_v1_schema08_0046.npz,examples/sted_blank_composites_training_v1_schema08/sted_blank_composites_training_v1_schema08_0046.json,synthetic_sted_3d_morphology_0.8.0,fibras_morphology_scene_3d_0.8.0,synthetic_sted_training_v1_schema08_0046,img_ee34a766ad48467dd7e1,synthetic_background_train,train
sted_blank_composites_training_v1_schema08_0047,examples/sted_blank_composites_training_v1_schema08/sted_blank_composites_training_v1_schema08_0047.npz,examples/sted_blank_composites_training_v1_schema08/sted_blank_composites_training_v1_schema08_0047.json,synthetic_sted_3d_morphology_0.8.0,fibras_morphology_scene_3d_0.8.0,synthetic_sted_training_v1_schema08_0047,img_eeb10bbc10a5ef3f859b,synthetic_background_train,train
sted_blank_composites_training_v1_schema08_0048,examples/sted_blank_composites_training_v1_schema08/sted_blank_composites_training_v1_schema08_0048.npz,examples/sted_blank_composites_training_v1_schema08/sted_blank_composites_training_v1_schema08_0048.json,synthetic_sted_3d_morphology_0.8.0,fibras_morphology_scene_3d_0.8.0,synthetic_sted_training_v1_schema08_0048,img_fe985fa79b4211834161,synthetic_background_train,train
sted_blank_composites_training_v1_schema08_0049,examples/sted_blank_composites_training_v1_schema08/sted_blank_composites_training_v1_schema08_0049.npz,examples/sted_blank_composites_training_v1_schema08/sted_blank_composites_training_v1_schema08_0049.json,synthetic_sted_3d_morphology_0.8.0,fibras_morphology_scene_3d_0.8.0,synthetic_sted_training_v1_schema08_0049,img_014d9d77d1d61fed189b,synthetic_background_train,train
sted_blank_composites_training_v1_schema08_0050,examples/sted_blank_composites_training_v1_schema08/sted_blank_composites_training_v1_schema08_0050.npz,examples/sted_blank_composites_training_v1_schema08/sted_blank_composites_training_v1_schema08_0050.json,synthetic_sted_3d_morphology_0.8.0,fibras_morphology_scene_3d_0.8.0,synthetic_sted_training_v1_schema08_0050,img_093eea09221a4db0ebec,synthetic_background_train,train
sted_blank_composites_training_v1_schema08_0051,examples/sted_blank_composites_training_v1_schema08/sted_blank_composites_training_v1_schema08_0051.npz,examples/sted_blank_composites_training_v1_schema08/sted_blank_composites_training_v1_schema08_0051.json,synthetic_sted_3d_morphology_0.8.0,fibras_morphology_scene_3d_0.8.0,synthetic_sted_training_v1_schema08_0051,img_0d1c01fd26080936f42b,synthetic_background_train,train
sted_blank_composites_training_v1_schema08_0052,examples/sted_blank_composites_training_v1_schema08/sted_blank_composites_training_v1_schema08_0052.npz,examples/sted_blank_composites_training_v1_schema08/sted_blank_composites_training_v1_schema08_0052.json,synthetic_sted_3d_morphology_0.8.0,fibras_morphology_scene_3d_0.8.0,synthetic_sted_training_v1_schema08_0052,img_0d4cd0a31114b105cf51,synthetic_background_train,train
sted_blank_composites_training_v1_schema08_0053,examples/sted_blank_composites_training_v1_schema08/sted_blank_composites_training_v1_schema08_0053.npz,examples/sted_blank_composites_training_v1_schema08/sted_blank_composites_training_v1_schema08_0053.json,synthetic_sted_3d_morphology_0.8.0,fibras_morphology_scene_3d_0.8.0,synthetic_sted_training_v1_schema08_0053,img_0edb6472854aea980f2a,synthetic_background_train,train
sted_blank_composites_training_v1_schema08_0054,examples/sted_blank_composites_training_v1_schema08/sted_blank_composites_training_v1_schema08_0054.npz,examples/sted_blank_composites_training_v1_schema08/sted_blank_composites_training_v1_schema08_0054.json,synthetic_sted_3d_morphology_0.8.0,fibras_morphology_scene_3d_0.8.0,synthetic_sted_training_v1_schema08_0054,img_1672f71f16b77dc4d642,synthetic_background_train,train
sted_blank_composites_training_v1_schema08_0055,examples/sted_blank_composites_training_v1_schema08/sted_blank_composites_training_v1_schema08_0055.npz,examples/sted_blank_composites_training_v1_schema08/sted_blank_composites_training_v1_schema08_0055.json,synthetic_sted_3d_morphology_0.8.0,fibras_morphology_scene_3d_0.8.0,synthetic_sted_training_v1_schema08_0055,img_178ab769e005e689ff6f,synthetic_background_train,train
sted_blank_composites_training_v1_schema08_0056,examples/sted_blank_composites_training_v1_schema08/sted_blank_composites_training_v1_schema08_0056.npz,examples/sted_blank_composites_training_v1_schema08/sted_blank_composites_training_v1_schema08_0056.json,synthetic_sted_3d_morphology_0.8.0,fibras_morphology_scene_3d_0.8.0,synthetic_sted_training_v1_schema08_0056,img_1ba419dc88931db47c8c,synthetic_background_train,train
sted_blank_composites_training_v1_schema08_0057,examples/sted_blank_composites_training_v1_schema08/sted_blank_composites_training_v1_schema08_0057.npz,examples/sted_blank_composites_training_v1_schema08/sted_blank_composites_training_v1_schema08_0057.json,synthetic_sted_3d_morphology_0.8.0,fibras_morphology_scene_3d_0.8.0,synthetic_sted_training_v1_schema08_0057,img_22a6ba5828c46f12f6e5,synthetic_background_train,train
sted_blank_composites_training_v1_schema08_0058,examples/sted_blank_composites_training_v1_schema08/sted_blank_composites_training_v1_schema08_0058.npz,examples/sted_blank_composites_training_v1_schema08/sted_blank_composites_training_v1_schema08_0058.json,synthetic_sted_3d_morphology_0.8.0,fibras_morphology_scene_3d_0.8.0,synthetic_sted_training_v1_schema08_0058,img_22b8bcb88a805b153993,synthetic_background_train,train
sted_blank_composites_training_v1_schema08_0059,examples/sted_blank_composites_training_v1_schema08/sted_blank_composites_training_v1_schema08_0059.npz,examples/sted_blank_composites_training_v1_schema08/sted_blank_composites_training_v1_schema08_0059.json,synthetic_sted_3d_morphology_0.8.0,fibras_morphology_scene_3d_0.8.0,synthetic_sted_training_v1_schema08_0059,img_2e9cc5effd6823d55d02,synthetic_background_train,train
sted_blank_composites_training_v1_schema08_0060,examples/sted_blank_composites_training_v1_schema08/sted_blank_composites_training_v1_schema08_0060.npz,examples/sted_blank_composites_training_v1_schema08/sted_blank_composites_training_v1_schema08_0060.json,synthetic_sted_3d_morphology_0.8.0,fibras_morphology_scene_3d_0.8.0,synthetic_sted_training_v1_schema08_0060,img_34d44dfa65b93f389f95,synthetic_background_train,train
sted_blank_composites_training_v1_schema08_0061,examples/sted_blank_composites_training_v1_schema08/sted_blank_composites_training_v1_schema08_0061.npz,examples/sted_blank_composites_training_v1_schema08/sted_blank_composites_training_v1_schema08_0061.json,synthetic_sted_3d_morphology_0.8.0,fibras_morphology_scene_3d_0.8.0,synthetic_sted_training_v1_schema08_0061,img_380582f92698aae8c505,synthetic_background_train,train
sted_blank_composites_training_v1_schema08_0062,examples/sted_blank_composites_training_v1_schema08/sted_blank_composites_training_v1_schema08_0062.npz,examples/sted_blank_composites_training_v1_schema08/sted_blank_composites_training_v1_schema08_0062.json,synthetic_sted_3d_morphology_0.8.0,fibras_morphology_scene_3d_0.8.0,synthetic_sted_training_v1_schema08_0062,img_3fcd76c473a770a81832,synthetic_background_train,train
sted_blank_composites_training_v1_schema08_0063,examples/sted_blank_composites_training_v1_schema08/sted_blank_composites_training_v1_schema08_0063.npz,examples/sted_blank_composites_training_v1_schema08/sted_blank_composites_training_v1_schema08_0063.json,synthetic_sted_3d_morphology_0.8.0,fibras_morphology_scene_3d_0.8.0,synthetic_sted_training_v1_schema08_0063,img_42e8d8a784a69489e580,synthetic_background_train,train
sted_blank_composites_training_v1_schema08_0064,examples/sted_blank_composites_training_v1_schema08/sted_blank_composites_training_v1_schema08_0064.npz,examples/sted_blank_composites_training_v1_schema08/sted_blank_composites_training_v1_schema08_0064.json,synthetic_sted_3d_morphology_0.8.0,fibras_morphology_scene_3d_0.8.0,synthetic_sted_training_v1_schema08_0064,img_43d0f384b07d7388d6db,synthetic_background_train,train
sted_blank_composites_training_v1_schema08_0065,examples/sted_blank_composites_training_v1_schema08/sted_blank_composites_training_v1_schema08_0065.npz,examples/sted_blank_composites_training_v1_schema08/sted_blank_composites_training_v1_schema08_0065.json,synthetic_sted_3d_morphology_0.8.0,fibras_morphology_scene_3d_0.8.0,synthetic_sted_training_v1_schema08_0065,img_44974790651d1b7badfa,synthetic_background_train,train
sted_blank_composites_training_v1_schema08_0066,examples/sted_blank_composites_training_v1_schema08/sted_blank_composites_training_v1_schema08_0066.npz,examples/sted_blank_composites_training_v1_schema08/sted_blank_composites_training_v1_schema08_0066.json,synthetic_sted_3d_morphology_0.8.0,fibras_morphology_scene_3d_0.8.0,synthetic_sted_training_v1_schema08_0066,img_4a12cb04c6ad4b44f7e4,synthetic_background_train,train
sted_blank_composites_training_v1_schema08_0067,examples/sted_blank_composites_training_v1_schema08/sted_blank_composites_training_v1_schema08_0067.npz,examples/sted_blank_composites_training_v1_schema08/sted_blank_composites_training_v1_schema08_0067.json,synthetic_sted_3d_morphology_0.8.0,fibras_morphology_scene_3d_0.8.0,synthetic_sted_training_v1_schema08_0067,img_4b1f1b0523dd6c73177c,synthetic_background_train,train
sted_blank_composites_training_v1_schema08_0068,examples/sted_blank_composites_training_v1_schema08/sted_blank_composites_training_v1_schema08_0068.npz,examples/sted_blank_composites_training_v1_schema08/sted_blank_composites_training_v1_schema08_0068.json,synthetic_sted_3d_morphology_0.8.0,fibras_morphology_scene_3d_0.8.0,synthetic_sted_training_v1_schema08_0068,img_4d5ab86fec7995e4762a,synthetic_background_train,train
sted_blank_composites_training_v1_schema08_0069,examples/sted_blank_composites_training_v1_schema08/sted_blank_composites_training_v1_schema08_0069.npz,examples/sted_blank_composites_training_v1_schema08/sted_blank_composites_training_v1_schema08_0069.json,synthetic_sted_3d_morphology_0.8.0,fibras_morphology_scene_3d_0.8.0,synthetic_sted_training_v1_schema08_0069,img_4ec66ad0f9ecacf25377,synthetic_background_train,train
sted_blank_composites_training_v1_schema08_0070,examples/sted_blank_composites_training_v1_schema08/sted_blank_composites_training_v1_schema08_0070.npz,examples/sted_blank_composites_training_v1_schema08/sted_blank_composites_training_v1_schema08_0070.json,synthetic_sted_3d_morphology_0.8.0,fibras_morphology_scene_3d_0.8.0,synthetic_sted_training_v1_schema08_0070,img_52fd567a6489c2ee806f,synthetic_background_train,train
sted_blank_composites_training_v1_schema08_0071,examples/sted_blank_composites_training_v1_schema08/sted_blank_composites_training_v1_schema08_0071.npz,examples/sted_blank_composites_training_v1_schema08/sted_blank_composites_training_v1_schema08_0071.json,synthetic_sted_3d_morphology_0.8.0,fibras_morphology_scene_3d_0.8.0,synthetic_sted_training_v1_schema08_0071,img_5882372f16349d4ccf22,synthetic_background_train,train
sted_blank_composites_training_v1_schema08_0072,examples/sted_blank_composites_training_v1_schema08/sted_blank_composites_training_v1_schema08_0072.npz,examples/sted_blank_composites_training_v1_schema08/sted_blank_composites_training_v1_schema08_0072.json,synthetic_sted_3d_morphology_0.8.0,fibras_morphology_scene_3d_0.8.0,synthetic_sted_training_v1_schema08_0072,img_5dde17f7235bd3b91b4e,synthetic_background_train,train
sted_blank_composites_training_v1_schema08_0073,examples/sted_blank_composites_training_v1_schema08/sted_blank_composites_training_v1_schema08_0073.npz,examples/sted_blank_composites_training_v1_schema08/sted_blank_composites_training_v1_schema08_0073.json,synthetic_sted_3d_morphology_0.8.0,fibras_morphology_scene_3d_0.8.0,synthetic_sted_training_v1_schema08_0073,img_6fcc906a6259240a019e,synthetic_background_train,train
sted_blank_composites_training_v1_schema08_0074,examples/sted_blank_composites_training_v1_schema08/sted_blank_composites_training_v1_schema08_0074.npz,examples/sted_blank_composites_training_v1_schema08/sted_blank_composites_training_v1_schema08_0074.json,synthetic_sted_3d_morphology_0.8.0,fibras_morphology_scene_3d_0.8.0,synthetic_sted_training_v1_schema08_0074,img_7902deec8b57c29e9a62,synthetic_background_train,train
sted_blank_composites_training_v1_schema08_0075,examples/sted_blank_composites_training_v1_schema08/sted_blank_composites_training_v1_schema08_0075.npz,examples/sted_blank_composites_training_v1_schema08/sted_blank_composites_training_v1_schema08_0075.json,synthetic_sted_3d_morphology_0.8.0,fibras_morphology_scene_3d_0.8.0,synthetic_sted_training_v1_schema08_0075,img_84c0549996fe08b21c59,synthetic_background_train,train
sted_blank_composites_training_v1_schema08_0076,examples/sted_blank_composites_training_v1_schema08/sted_blank_composites_training_v1_schema08_0076.npz,examples/sted_blank_composites_training_v1_schema08/sted_blank_composites_training_v1_schema08_0076.json,synthetic_sted_3d_morphology_0.8.0,fibras_morphology_scene_3d_0.8.0,synthetic_sted_training_v1_schema08_0076,img_85bd0416dfc971c6ce41,synthetic_background_train,train
sted_blank_composites_training_v1_schema08_0077,examples/sted_blank_composites_training_v1_schema08/sted_blank_composites_training_v1_schema08_0077.npz,examples/sted_blank_composites_training_v1_schema08/sted_blank_composites_training_v1_schema08_0077.json,synthetic_sted_3d_morphology_0.8.0,fibras_morphology_scene_3d_0.8.0,synthetic_sted_training_v1_schema08_0077,img_8ad7d07fa1daa0209cfb,synthetic_background_train,train
sted_blank_composites_training_v1_schema08_0078,examples/sted_blank_composites_training_v1_schema08/sted_blank_composites_training_v1_schema08_0078.npz,examples/sted_blank_composites_training_v1_schema08/sted_blank_composites_training_v1_schema08_0078.json,synthetic_sted_3d_morphology_0.8.0,fibras_morphology_scene_3d_0.8.0,synthetic_sted_training_v1_schema08_0078,img_908ed3f9b3c24e1d482b,synthetic_background_train,train
sted_blank_composites_training_v1_schema08_0079,examples/sted_blank_composites_training_v1_schema08/sted_blank_composites_training_v1_schema08_0079.npz,examples/sted_blank_composites_training_v1_schema08/sted_blank_composites_training_v1_schema08_0079.json,synthetic_sted_3d_morphology_0.8.0,fibras_morphology_scene_3d_0.8.0,synthetic_sted_training_v1_schema08_0079,img_9376400c90b45dd4f597,synthetic_background_train,train
sted_blank_composites_training_v1_schema08_0080,examples/sted_blank_composites_training_v1_schema08/sted_blank_composites_training_v1_schema08_0080.npz,examples/sted_blank_composites_training_v1_schema08/sted_blank_composites_training_v1_schema08_0080.json,synthetic_sted_3d_morphology_0.8.0,fibras_morphology_scene_3d_0.8.0,synthetic_sted_training_v1_schema08_0080,img_a423ba5191509d03f98b,synthetic_background_train,train
sted_blank_composites_training_v1_schema08_0081,examples/sted_blank_composites_training_v1_schema08/sted_blank_composites_training_v1_schema08_0081.npz,examples/sted_blank_composites_training_v1_schema08/sted_blank_composites_training_v1_schema08_0081.json,synthetic_sted_3d_morphology_0.8.0,fibras_morphology_scene_3d_0.8.0,synthetic_sted_training_v1_schema08_0081,img_a538de08cfa15ee606a9,synthetic_background_train,train
sted_blank_composites_training_v1_schema08_0082,examples/sted_blank_composites_training_v1_schema08/sted_blank_composites_training_v1_schema08_0082.npz,examples/sted_blank_composites_training_v1_schema08/sted_blank_composites_training_v1_schema08_0082.json,synthetic_sted_3d_morphology_0.8.0,fibras_morphology_scene_3d_0.8.0,synthetic_sted_training_v1_schema08_0082,img_ab8a5dd57e15fbe9d2e3,synthetic_background_train,train
sted_blank_composites_training_v1_schema08_0083,examples/sted_blank_composites_training_v1_schema08/sted_blank_composites_training_v1_schema08_0083.npz,examples/sted_blank_composites_training_v1_schema08/sted_blank_composites_training_v1_schema08_0083.json,synthetic_sted_3d_morphology_0.8.0,fibras_morphology_scene_3d_0.8.0,synthetic_sted_training_v1_schema08_0083,img_afedddc4a39035e55219,synthetic_background_train,train
sted_blank_composites_training_v1_schema08_0084,examples/sted_blank_composites_training_v1_schema08/sted_blank_composites_training_v1_schema08_0084.npz,examples/sted_blank_composites_training_v1_schema08/sted_blank_composites_training_v1_schema08_0084.json,synthetic_sted_3d_morphology_0.8.0,fibras_morphology_scene_3d_0.8.0,synthetic_sted_training_v1_schema08_0084,img_b1c587d8bfb662ed95c2,synthetic_background_train,train
sted_blank_composites_training_v1_schema08_0085,examples/sted_blank_composites_training_v1_schema08/sted_blank_composites_training_v1_schema08_0085.npz,examples/sted_blank_composites_training_v1_schema08/sted_blank_composites_training_v1_schema08_0085.json,synthetic_sted_3d_morphology_0.8.0,fibras_morphology_scene_3d_0.8.0,synthetic_sted_training_v1_schema08_0085,img_b2abcc150c16a6d7cca7,synthetic_background_train,train
sted_blank_composites_training_v1_schema08_0086,examples/sted_blank_composites_training_v1_schema08/sted_blank_composites_training_v1_schema08_0086.npz,examples/sted_blank_composites_training_v1_schema08/sted_blank_composites_training_v1_schema08_0086.json,synthetic_sted_3d_morphology_0.8.0,fibras_morphology_scene_3d_0.8.0,synthetic_sted_training_v1_schema08_0086,img_c25e79b9bfb565174fe1,synthetic_background_train,train
sted_blank_composites_training_v1_schema08_0087,examples/sted_blank_composites_training_v1_schema08/sted_blank_composites_training_v1_schema08_0087.npz,examples/sted_blank_composites_training_v1_schema08/sted_blank_composites_training_v1_schema08_0087.json,synthetic_sted_3d_morphology_0.8.0,fibras_morphology_scene_3d_0.8.0,synthetic_sted_training_v1_schema08_0087,img_ca042c3dcfcf09035923,synthetic_background_train,train
sted_blank_composites_training_v1_schema08_0088,examples/sted_blank_composites_training_v1_schema08/sted_blank_composites_training_v1_schema08_0088.npz,examples/sted_blank_composites_training_v1_schema08/sted_blank_composites_training_v1_schema08_0088.json,synthetic_sted_3d_morphology_0.8.0,fibras_morphology_scene_3d_0.8.0,synthetic_sted_training_v1_schema08_0088,img_d0a41f4af32f4866497f,synthetic_background_train,train
sted_blank_composites_training_v1_schema08_0089,examples/sted_blank_composites_training_v1_schema08/sted_blank_composites_training_v1_schema08_0089.npz,examples/sted_blank_composites_training_v1_schema08/sted_blank_composites_training_v1_schema08_0089.json,synthetic_sted_3d_morphology_0.8.0,fibras_morphology_scene_3d_0.8.0,synthetic_sted_training_v1_schema08_0089,img_d3c239af23a085e0b4d8,synthetic_background_train,train
sted_blank_composites_training_v1_schema08_0090,examples/sted_blank_composites_training_v1_schema08/sted_blank_composites_training_v1_schema08_0090.npz,examples/sted_blank_composites_training_v1_schema08/sted_blank_composites_training_v1_schema08_0090.json,synthetic_sted_3d_morphology_0.8.0,fibras_morphology_scene_3d_0.8.0,synthetic_sted_training_v1_schema08_0090,img_d48ab8d2ac1026abfc85,synthetic_background_train,train
sted_blank_composites_training_v1_schema08_0091,examples/sted_blank_composites_training_v1_schema08/sted_blank_composites_training_v1_schema08_0091.npz,examples/sted_blank_composites_training_v1_schema08/sted_blank_composites_training_v1_schema08_0091.json,synthetic_sted_3d_morphology_0.8.0,fibras_morphology_scene_3d_0.8.0,synthetic_sted_training_v1_schema08_0091,img_e346ea478db12b518ac8,synthetic_background_train,train
sted_blank_composites_training_v1_schema08_0092,examples/sted_blank_composites_training_v1_schema08/sted_blank_composites_training_v1_schema08_0092.npz,examples/sted_blank_composites_training_v1_schema08/sted_blank_composites_training_v1_schema08_0092.json,synthetic_sted_3d_morphology_0.8.0,fibras_morphology_scene_3d_0.8.0,synthetic_sted_training_v1_schema08_0092,img_e365a76f42760dd466b9,synthetic_background_train,train
sted_blank_composites_training_v1_schema08_0093,examples/sted_blank_composites_training_v1_schema08/sted_blank_composites_training_v1_schema08_0093.npz,examples/sted_blank_composites_training_v1_schema08/sted_blank_composites_training_v1_schema08_0093.json,synthetic_sted_3d_morphology_0.8.0,fibras_morphology_scene_3d_0.8.0,synthetic_sted_training_v1_schema08_0093,img_e5db75d93a225639e3a4,synthetic_background_train,train
sted_blank_composites_training_v1_schema08_0094,examples/sted_blank_composites_training_v1_schema08/sted_blank_composites_training_v1_schema08_0094.npz,examples/sted_blank_composites_training_v1_schema08/sted_blank_composites_training_v1_schema08_0094.json,synthetic_sted_3d_morphology_0.8.0,fibras_morphology_scene_3d_0.8.0,synthetic_sted_training_v1_schema08_0094,img_e8891781fa88057f59f7,synthetic_background_train,train
sted_blank_composites_training_v1_schema08_0095,examples/sted_blank_composites_training_v1_schema08/sted_blank_composites_training_v1_schema08_0095.npz,examples/sted_blank_composites_training_v1_schema08/sted_blank_composites_training_v1_schema08_0095.json,synthetic_sted_3d_morphology_0.8.0,fibras_morphology_scene_3d_0.8.0,synthetic_sted_training_v1_schema08_0095,img_ee34a766ad48467dd7e1,synthetic_background_train,train
sted_blank_composites_training_v1_schema08_0096,examples/sted_blank_composites_training_v1_schema08/sted_blank_composites_training_v1_schema08_0096.npz,examples/sted_blank_composites_training_v1_schema08/sted_blank_composites_training_v1_schema08_0096.json,synthetic_sted_3d_morphology_0.8.0,fibras_morphology_scene_3d_0.8.0,synthetic_sted_training_v1_schema08_0096,img_eeb10bbc10a5ef3f859b,synthetic_background_train,train
sted_blank_composites_training_v1_schema08_0097,examples/sted_blank_composites_training_v1_schema08/sted_blank_composites_training_v1_schema08_0097.npz,examples/sted_blank_composites_training_v1_schema08/sted_blank_composites_training_v1_schema08_0097.json,synthetic_sted_3d_morphology_0.8.0,fibras_morphology_scene_3d_0.8.0,synthetic_sted_training_v1_schema08_0097,img_fe985fa79b4211834161,synthetic_background_train,train
sted_blank_composites_training_v1_schema08_0098,examples/sted_blank_composites_training_v1_schema08/sted_blank_composites_training_v1_schema08_0098.npz,examples/sted_blank_composites_training_v1_schema08/sted_blank_composites_training_v1_schema08_0098.json,synthetic_sted_3d_morphology_0.8.0,fibras_morphology_scene_3d_0.8.0,synthetic_sted_training_v1_schema08_0098,img_014d9d77d1d61fed189b,synthetic_background_train,train
sted_blank_composites_training_v1_schema08_0099,examples/sted_blank_composites_training_v1_schema08/sted_blank_composites_training_v1_schema08_0099.npz,examples/sted_blank_composites_training_v1_schema08/sted_blank_composites_training_v1_schema08_0099.json,synthetic_sted_3d_morphology_0.8.0,fibras_morphology_scene_3d_0.8.0,synthetic_sted_training_v1_schema08_0099,img_093eea09221a4db0ebec,synthetic_background_train,train
sted_blank_composites_training_v1_schema08_0100,examples/sted_blank_composites_training_v1_schema08/sted_blank_composites_training_v1_schema08_0100.npz,examples/sted_blank_composites_training_v1_schema08/sted_blank_composites_training_v1_schema08_0100.json,synthetic_sted_3d_morphology_0.8.0,fibras_morphology_scene_3d_0.8.0,synthetic_sted_training_v1_schema08_0100,img_0d1c01fd26080936f42b,synthetic_background_train,train
sted_blank_composites_training_v1_schema08_0101,examples/sted_blank_composites_training_v1_schema08/sted_blank_composites_training_v1_schema08_0101.npz,examples/sted_blank_composites_training_v1_schema08/sted_blank_composites_training_v1_schema08_0101.json,synthetic_sted_3d_morphology_0.8.0,fibras_morphology_scene_3d_0.8.0,synthetic_sted_training_v1_schema08_0101,img_0d4cd0a31114b105cf51,synthetic_background_train,train
sted_blank_composites_training_v1_schema08_0102,examples/sted_blank_composites_training_v1_schema08/sted_blank_composites_training_v1_schema08_0102.npz,examples/sted_blank_composites_training_v1_schema08/sted_blank_composites_training_v1_schema08_0102.json,synthetic_sted_3d_morphology_0.8.0,fibras_morphology_scene_3d_0.8.0,synthetic_sted_training_v1_schema08_0102,img_0edb6472854aea980f2a,synthetic_background_train,train
sted_blank_composites_training_v1_schema08_0103,examples/sted_blank_composites_training_v1_schema08/sted_blank_composites_training_v1_schema08_0103.npz,examples/sted_blank_composites_training_v1_schema08/sted_blank_composites_training_v1_schema08_0103.json,synthetic_sted_3d_morphology_0.8.0,fibras_morphology_scene_3d_0.8.0,synthetic_sted_training_v1_schema08_0103,img_1672f71f16b77dc4d642,synthetic_background_train,train
sted_blank_composites_training_v1_schema08_0104,examples/sted_blank_composites_training_v1_schema08/sted_blank_composites_training_v1_schema08_0104.npz,examples/sted_blank_composites_training_v1_schema08/sted_blank_composites_training_v1_schema08_0104.json,synthetic_sted_3d_morphology_0.8.0,fibras_morphology_scene_3d_0.8.0,synthetic_sted_training_v1_schema08_0104,img_178ab769e005e689ff6f,synthetic_background_train,train
sted_blank_composites_training_v1_schema08_0105,examples/sted_blank_composites_training_v1_schema08/sted_blank_composites_training_v1_schema08_0105.npz,examples/sted_blank_composites_training_v1_schema08/sted_blank_composites_training_v1_schema08_0105.json,synthetic_sted_3d_morphology_0.8.0,fibras_morphology_scene_3d_0.8.0,synthetic_sted_training_v1_schema08_0105,img_1ba419dc88931db47c8c,synthetic_background_train,train
sted_blank_composites_training_v1_schema08_0106,examples/sted_blank_composites_training_v1_schema08/sted_blank_composites_training_v1_schema08_0106.npz,examples/sted_blank_composites_training_v1_schema08/sted_blank_composites_training_v1_schema08_0106.json,synthetic_sted_3d_morphology_0.8.0,fibras_morphology_scene_3d_0.8.0,synthetic_sted_training_v1_schema08_0106,img_22a6ba5828c46f12f6e5,synthetic_background_train,train
sted_blank_composites_training_v1_schema08_0107,examples/sted_blank_composites_training_v1_schema08/sted_blank_composites_training_v1_schema08_0107.npz,examples/sted_blank_composites_training_v1_schema08/sted_blank_composites_training_v1_schema08_0107.json,synthetic_sted_3d_morphology_0.8.0,fibras_morphology_scene_3d_0.8.0,synthetic_sted_training_v1_schema08_0107,img_22b8bcb88a805b153993,synthetic_background_train,train
sted_blank_composites_training_v1_schema08_0108,examples/sted_blank_composites_training_v1_schema08/sted_blank_composites_training_v1_schema08_0108.npz,examples/sted_blank_composites_training_v1_schema08/sted_blank_composites_training_v1_schema08_0108.json,synthetic_sted_3d_morphology_0.8.0,fibras_morphology_scene_3d_0.8.0,synthetic_sted_training_v1_schema08_0108,img_2e9cc5effd6823d55d02,synthetic_background_train,train
sted_blank_composites_training_v1_schema08_0109,examples/sted_blank_composites_training_v1_schema08/sted_blank_composites_training_v1_schema08_0109.npz,examples/sted_blank_composites_training_v1_schema08/sted_blank_composites_training_v1_schema08_0109.json,synthetic_sted_3d_morphology_0.8.0,fibras_morphology_scene_3d_0.8.0,synthetic_sted_training_v1_schema08_0109,img_34d44dfa65b93f389f95,synthetic_background_train,train
sted_blank_composites_training_v1_schema08_0110,examples/sted_blank_composites_training_v1_schema08/sted_blank_composites_training_v1_schema08_0110.npz,examples/sted_blank_composites_training_v1_schema08/sted_blank_composites_training_v1_schema08_0110.json,synthetic_sted_3d_morphology_0.8.0,fibras_morphology_scene_3d_0.8.0,synthetic_sted_training_v1_schema08_0110,img_380582f92698aae8c505,synthetic_background_train,train
sted_blank_composites_training_v1_schema08_0111,examples/sted_blank_composites_training_v1_schema08/sted_blank_composites_training_v1_schema08_0111.npz,examples/sted_blank_composites_training_v1_schema08/sted_blank_composites_training_v1_schema08_0111.json,synthetic_sted_3d_morphology_0.8.0,fibras_morphology_scene_3d_0.8.0,synthetic_sted_training_v1_schema08_0111,img_3fcd76c473a770a81832,synthetic_background_train,train
sted_blank_composites_training_v1_schema08_0112,examples/sted_blank_composites_training_v1_schema08/sted_blank_composites_training_v1_schema08_0112.npz,examples/sted_blank_composites_training_v1_schema08/sted_blank_composites_training_v1_schema08_0112.json,synthetic_sted_3d_morphology_0.8.0,fibras_morphology_scene_3d_0.8.0,synthetic_sted_training_v1_schema08_0112,img_42e8d8a784a69489e580,synthetic_background_train,train
sted_blank_composites_training_v1_schema08_0113,examples/sted_blank_composites_training_v1_schema08/sted_blank_composites_training_v1_schema08_0113.npz,examples/sted_blank_composites_training_v1_schema08/sted_blank_composites_training_v1_schema08_0113.json,synthetic_sted_3d_morphology_0.8.0,fibras_morphology_scene_3d_0.8.0,synthetic_sted_training_v1_schema08_0113,img_43d0f384b07d7388d6db,synthetic_background_train,train
sted_blank_composites_training_v1_schema08_0114,examples/sted_blank_composites_training_v1_schema08/sted_blank_composites_training_v1_schema08_0114.npz,examples/sted_blank_composites_training_v1_schema08/sted_blank_composites_training_v1_schema08_0114.json,synthetic_sted_3d_morphology_0.8.0,fibras_morphology_scene_3d_0.8.0,synthetic_sted_training_v1_schema08_0114,img_44974790651d1b7badfa,synthetic_background_train,train
sted_blank_composites_training_v1_schema08_0115,examples/sted_blank_composites_training_v1_schema08/sted_blank_composites_training_v1_schema08_0115.npz,examples/sted_blank_composites_training_v1_schema08/sted_blank_composites_training_v1_schema08_0115.json,synthetic_sted_3d_morphology_0.8.0,fibras_morphology_scene_3d_0.8.0,synthetic_sted_training_v1_schema08_0115,img_4a12cb04c6ad4b44f7e4,synthetic_background_train,train
sted_blank_composites_training_v1_schema08_0116,examples/sted_blank_composites_training_v1_schema08/sted_blank_composites_training_v1_schema08_0116.npz,examples/sted_blank_composites_training_v1_schema08/sted_blank_composites_training_v1_schema08_0116.json,synthetic_sted_3d_morphology_0.8.0,fibras_morphology_scene_3d_0.8.0,synthetic_sted_training_v1_schema08_0116,img_4b1f1b0523dd6c73177c,synthetic_background_train,train
sted_blank_composites_training_v1_schema08_0117,examples/sted_blank_composites_training_v1_schema08/sted_blank_composites_training_v1_schema08_0117.npz,examples/sted_blank_composites_training_v1_schema08/sted_blank_composites_training_v1_schema08_0117.json,synthetic_sted_3d_morphology_0.8.0,fibras_morphology_scene_3d_0.8.0,synthetic_sted_training_v1_schema08_0117,img_4d5ab86fec7995e4762a,synthetic_background_train,train
sted_blank_composites_training_v1_schema08_0118,examples/sted_blank_composites_training_v1_schema08/sted_blank_composites_training_v1_schema08_0118.npz,examples/sted_blank_composites_training_v1_schema08/sted_blank_composites_training_v1_schema08_0118.json,synthetic_sted_3d_morphology_0.8.0,fibras_morphology_scene_3d_0.8.0,synthetic_sted_training_v1_schema08_0118,img_4ec66ad0f9ecacf25377,synthetic_background_train,train
sted_blank_composites_training_v1_schema08_0119,examples/sted_blank_composites_training_v1_schema08/sted_blank_composites_training_v1_schema08_0119.npz,examples/sted_blank_composites_training_v1_schema08/sted_blank_composites_training_v1_schema08_0119.json,synthetic_sted_3d_morphology_0.8.0,fibras_morphology_scene_3d_0.8.0,synthetic_sted_training_v1_schema08_0119,img_52fd567a6489c2ee806f,synthetic_background_train,train
sted_blank_composites_training_v1_schema08_0120,examples/sted_blank_composites_training_v1_schema08/sted_blank_composites_training_v1_schema08_0120.npz,examples/sted_blank_composites_training_v1_schema08/sted_blank_composites_training_v1_schema08_0120.json,synthetic_sted_3d_morphology_0.8.0,fibras_morphology_scene_3d_0.8.0,synthetic_sted_training_v1_schema08_0120,img_5882372f16349d4ccf22,synthetic_background_train,train
sted_blank_composites_training_v1_schema08_0121,examples/sted_blank_composites_training_v1_schema08/sted_blank_composites_training_v1_schema08_0121.npz,examples/sted_blank_composites_training_v1_schema08/sted_blank_composites_training_v1_schema08_0121.json,synthetic_sted_3d_morphology_0.8.0,fibras_morphology_scene_3d_0.8.0,synthetic_sted_training_v1_schema08_0121,img_5dde17f7235bd3b91b4e,synthetic_background_train,train
sted_blank_composites_training_v1_schema08_0122,examples/sted_blank_composites_training_v1_schema08/sted_blank_composites_training_v1_schema08_0122.npz,examples/sted_blank_composites_training_v1_schema08/sted_blank_composites_training_v1_schema08_0122.json,synthetic_sted_3d_morphology_0.8.0,fibras_morphology_scene_3d_0.8.0,synthetic_sted_training_v1_schema08_0122,img_6fcc906a6259240a019e,synthetic_background_train,train
sted_blank_composites_training_v1_schema08_0123,examples/sted_blank_composites_training_v1_schema08/sted_blank_composites_training_v1_schema08_0123.npz,examples/sted_blank_composites_training_v1_schema08/sted_blank_composites_training_v1_schema08_0123.json,synthetic_sted_3d_morphology_0.8.0,fibras_morphology_scene_3d_0.8.0,synthetic_sted_training_v1_schema08_0123,img_7902deec8b57c29e9a62,synthetic_background_train,train
sted_blank_composites_training_v1_schema08_0124,examples/sted_blank_composites_training_v1_schema08/sted_blank_composites_training_v1_schema08_0124.npz,examples/sted_blank_composites_training_v1_schema08/sted_blank_composites_training_v1_schema08_0124.json,synthetic_sted_3d_morphology_0.8.0,fibras_morphology_scene_3d_0.8.0,synthetic_sted_training_v1_schema08_0124,img_84c0549996fe08b21c59,synthetic_background_train,train
sted_blank_composites_training_v1_schema08_0125,examples/sted_blank_composites_training_v1_schema08/sted_blank_composites_training_v1_schema08_0125.npz,examples/sted_blank_composites_training_v1_schema08/sted_blank_composites_training_v1_schema08_0125.json,synthetic_sted_3d_morphology_0.8.0,fibras_morphology_scene_3d_0.8.0,synthetic_sted_training_v1_schema08_0125,img_85bd0416dfc971c6ce41,synthetic_background_train,train
sted_blank_composites_training_v1_schema08_0126,examples/sted_blank_composites_training_v1_schema08/sted_blank_composites_training_v1_schema08_0126.npz,examples/sted_blank_composites_training_v1_schema08/sted_blank_composites_training_v1_schema08_0126.json,synthetic_sted_3d_morphology_0.8.0,fibras_morphology_scene_3d_0.8.0,synthetic_sted_training_v1_schema08_0126,img_8ad7d07fa1daa0209cfb,synthetic_background_train,train
sted_blank_composites_training_v1_schema08_0127,examples/sted_blank_composites_training_v1_schema08/sted_blank_composites_training_v1_schema08_0127.npz,examples/sted_blank_composites_training_v1_schema08/sted_blank_composites_training_v1_schema08_0127.json,synthetic_sted_3d_morphology_0.8.0,fibras_morphology_scene_3d_0.8.0,synthetic_sted_training_v1_schema08_0127,img_908ed3f9b3c24e1d482b,synthetic_background_train,train
sted_blank_composites_training_v1_schema08_0128,examples/sted_blank_composites_training_v1_schema08/sted_blank_composites_training_v1_schema08_0128.npz,examples/sted_blank_composites_training_v1_schema08/sted_blank_composites_training_v1_schema08_0128.json,synthetic_sted_3d_morphology_0.8.0,fibras_morphology_scene_3d_0.8.0,synthetic_sted_training_v1_schema08_0128,img_9376400c90b45dd4f597,synthetic_background_train,train
sted_blank_composites_training_v1_schema08_0129,examples/sted_blank_composites_training_v1_schema08/sted_blank_composites_training_v1_schema08_0129.npz,examples/sted_blank_composites_training_v1_schema08/sted_blank_composites_training_v1_schema08_0129.json,synthetic_sted_3d_morphology_0.8.0,fibras_morphology_scene_3d_0.8.0,synthetic_sted_training_v1_schema08_0129,img_a423ba5191509d03f98b,synthetic_background_train,train
sted_blank_composites_training_v1_schema08_0130,examples/sted_blank_composites_training_v1_schema08/sted_blank_composites_training_v1_schema08_0130.npz,examples/sted_blank_composites_training_v1_schema08/sted_blank_composites_training_v1_schema08_0130.json,synthetic_sted_3d_morphology_0.8.0,fibras_morphology_scene_3d_0.8.0,synthetic_sted_training_v1_schema08_0130,img_a538de08cfa15ee606a9,synthetic_background_train,train
sted_blank_composites_training_v1_schema08_0131,examples/sted_blank_composites_training_v1_schema08/sted_blank_composites_training_v1_schema08_0131.npz,examples/sted_blank_composites_training_v1_schema08/sted_blank_composites_training_v1_schema08_0131.json,synthetic_sted_3d_morphology_0.8.0,fibras_morphology_scene_3d_0.8.0,synthetic_sted_training_v1_schema08_0131,img_ab8a5dd57e15fbe9d2e3,synthetic_background_train,train
sted_blank_composites_training_v1_schema08_0132,examples/sted_blank_composites_training_v1_schema08/sted_blank_composites_training_v1_schema08_0132.npz,examples/sted_blank_composites_training_v1_schema08/sted_blank_composites_training_v1_schema08_0132.json,synthetic_sted_3d_morphology_0.8.0,fibras_morphology_scene_3d_0.8.0,synthetic_sted_training_v1_schema08_0132,img_afedddc4a39035e55219,synthetic_background_train,train
sted_blank_composites_training_v1_schema08_0133,examples/sted_blank_composites_training_v1_schema08/sted_blank_composites_training_v1_schema08_0133.npz,examples/sted_blank_composites_training_v1_schema08/sted_blank_composites_training_v1_schema08_0133.json,synthetic_sted_3d_morphology_0.8.0,fibras_morphology_scene_3d_0.8.0,synthetic_sted_training_v1_schema08_0133,img_b1c587d8bfb662ed95c2,synthetic_background_train,train
sted_blank_composites_training_v1_schema08_0134,examples/sted_blank_composites_training_v1_schema08/sted_blank_composites_training_v1_schema08_0134.npz,examples/sted_blank_composites_training_v1_schema08/sted_blank_composites_training_v1_schema08_0134.json,synthetic_sted_3d_morphology_0.8.0,fibras_morphology_scene_3d_0.8.0,synthetic_sted_training_v1_schema08_0134,img_b2abcc150c16a6d7cca7,synthetic_background_train,train
sted_blank_composites_training_v1_schema08_0135,examples/sted_blank_composites_training_v1_schema08/sted_blank_composites_training_v1_schema08_0135.npz,examples/sted_blank_composites_training_v1_schema08/sted_blank_composites_training_v1_schema08_0135.json,synthetic_sted_3d_morphology_0.8.0,fibras_morphology_scene_3d_0.8.0,synthetic_sted_training_v1_schema08_0135,img_c25e79b9bfb565174fe1,synthetic_background_train,train
sted_blank_composites_training_v1_schema08_0136,examples/sted_blank_composites_training_v1_schema08/sted_blank_composites_training_v1_schema08_0136.npz,examples/sted_blank_composites_training_v1_schema08/sted_blank_composites_training_v1_schema08_0136.json,synthetic_sted_3d_morphology_0.8.0,fibras_morphology_scene_3d_0.8.0,synthetic_sted_training_v1_schema08_0136,img_ca042c3dcfcf09035923,synthetic_background_train,train
sted_blank_composites_training_v1_schema08_0137,examples/sted_blank_composites_training_v1_schema08/sted_blank_composites_training_v1_schema08_0137.npz,examples/sted_blank_composites_training_v1_schema08/sted_blank_composites_training_v1_schema08_0137.json,synthetic_sted_3d_morphology_0.8.0,fibras_morphology_scene_3d_0.8.0,synthetic_sted_training_v1_schema08_0137,img_d0a41f4af32f4866497f,synthetic_background_train,train
sted_blank_composites_training_v1_schema08_0138,examples/sted_blank_composites_training_v1_schema08/sted_blank_composites_training_v1_schema08_0138.npz,examples/sted_blank_composites_training_v1_schema08/sted_blank_composites_training_v1_schema08_0138.json,synthetic_sted_3d_morphology_0.8.0,fibras_morphology_scene_3d_0.8.0,synthetic_sted_training_v1_schema08_0138,img_d3c239af23a085e0b4d8,synthetic_background_train,train
sted_blank_composites_training_v1_schema08_0139,examples/sted_blank_composites_training_v1_schema08/sted_blank_composites_training_v1_schema08_0139.npz,examples/sted_blank_composites_training_v1_schema08/sted_blank_composites_training_v1_schema08_0139.json,synthetic_sted_3d_morphology_0.8.0,fibras_morphology_scene_3d_0.8.0,synthetic_sted_training_v1_schema08_0139,img_d48ab8d2ac1026abfc85,synthetic_background_train,train
sted_blank_composites_training_v1_schema08_0140,examples/sted_blank_composites_training_v1_schema08/sted_blank_composites_training_v1_schema08_0140.npz,examples/sted_blank_composites_training_v1_schema08/sted_blank_composites_training_v1_schema08_0140.json,synthetic_sted_3d_morphology_0.8.0,fibras_morphology_scene_3d_0.8.0,synthetic_sted_training_v1_schema08_0140,img_e346ea478db12b518ac8,synthetic_background_train,train
sted_blank_composites_training_v1_schema08_0141,examples/sted_blank_composites_training_v1_schema08/sted_blank_composites_training_v1_schema08_0141.npz,examples/sted_blank_composites_training_v1_schema08/sted_blank_composites_training_v1_schema08_0141.json,synthetic_sted_3d_morphology_0.8.0,fibras_morphology_scene_3d_0.8.0,synthetic_sted_training_v1_schema08_0141,img_e365a76f42760dd466b9,synthetic_background_train,train
sted_blank_composites_training_v1_schema08_0142,examples/sted_blank_composites_training_v1_schema08/sted_blank_composites_training_v1_schema08_0142.npz,examples/sted_blank_composites_training_v1_schema08/sted_blank_composites_training_v1_schema08_0142.json,synthetic_sted_3d_morphology_0.8.0,fibras_morphology_scene_3d_0.8.0,synthetic_sted_training_v1_schema08_0142,img_e5db75d93a225639e3a4,synthetic_background_train,train
sted_blank_composites_training_v1_schema08_0143,examples/sted_blank_composites_training_v1_schema08/sted_blank_composites_training_v1_schema08_0143.npz,examples/sted_blank_composites_training_v1_schema08/sted_blank_composites_training_v1_schema08_0143.json,synthetic_sted_3d_morphology_0.8.0,fibras_morphology_scene_3d_0.8.0,synthetic_sted_training_v1_schema08_0143,img_e8891781fa88057f59f7,synthetic_background_train,train
sted_blank_composites_training_v1_schema08_0144,examples/sted_blank_composites_training_v1_schema08/sted_blank_composites_training_v1_schema08_0144.npz,examples/sted_blank_composites_training_v1_schema08/sted_blank_composites_training_v1_schema08_0144.json,synthetic_sted_3d_morphology_0.8.0,fibras_morphology_scene_3d_0.8.0,synthetic_sted_training_v1_schema08_0144,img_ee34a766ad48467dd7e1,synthetic_background_train,train
sted_blank_composites_training_v1_schema08_0145,examples/sted_blank_composites_training_v1_schema08/sted_blank_composites_training_v1_schema08_0145.npz,examples/sted_blank_composites_training_v1_schema08/sted_blank_composites_training_v1_schema08_0145.json,synthetic_sted_3d_morphology_0.8.0,fibras_morphology_scene_3d_0.8.0,synthetic_sted_training_v1_schema08_0145,img_eeb10bbc10a5ef3f859b,synthetic_background_train,train
sted_blank_composites_training_v1_schema08_0146,examples/sted_blank_composites_training_v1_schema08/sted_blank_composites_training_v1_schema08_0146.npz,examples/sted_blank_composites_training_v1_schema08/sted_blank_composites_training_v1_schema08_0146.json,synthetic_sted_3d_morphology_0.8.0,fibras_morphology_scene_3d_0.8.0,synthetic_sted_training_v1_schema08_0146,img_fe985fa79b4211834161,synthetic_background_train,train
sted_blank_composites_training_v1_schema08_0147,examples/sted_blank_composites_training_v1_schema08/sted_blank_composites_training_v1_schema08_0147.npz,examples/sted_blank_composites_training_v1_schema08/sted_blank_composites_training_v1_schema08_0147.json,synthetic_sted_3d_morphology_0.8.0,fibras_morphology_scene_3d_0.8.0,synthetic_sted_training_v1_schema08_0147,img_014d9d77d1d61fed189b,synthetic_background_train,train
sted_blank_composites_training_v1_schema08_0148,examples/sted_blank_composites_training_v1_schema08/sted_blank_composites_training_v1_schema08_0148.npz,examples/sted_blank_composites_training_v1_schema08/sted_blank_composites_training_v1_schema08_0148.json,synthetic_sted_3d_morphology_0.8.0,fibras_morphology_scene_3d_0.8.0,synthetic_sted_training_v1_schema08_0148,img_093eea09221a4db0ebec,synthetic_background_train,train
sted_blank_composites_training_v1_schema08_0149,examples/sted_blank_composites_training_v1_schema08/sted_blank_composites_training_v1_schema08_0149.npz,examples/sted_blank_composites_training_v1_schema08/sted_blank_composites_training_v1_schema08_0149.json,synthetic_sted_3d_morphology_0.8.0,fibras_morphology_scene_3d_0.8.0,synthetic_sted_training_v1_schema08_0149,img_0d1c01fd26080936f42b,synthetic_background_train,train
sted_blank_composites_training_v1_schema08_0150,examples/sted_blank_composites_training_v1_schema08/sted_blank_composites_training_v1_schema08_0150.npz,examples/sted_blank_composites_training_v1_schema08/sted_blank_composites_training_v1_schema08_0150.json,synthetic_sted_3d_morphology_0.8.0,fibras_morphology_scene_3d_0.8.0,synthetic_sted_training_v1_schema08_0150,img_0d4cd0a31114b105cf51,synthetic_background_train,train
sted_blank_composites_training_v1_schema08_0151,examples/sted_blank_composites_training_v1_schema08/sted_blank_composites_training_v1_schema08_0151.npz,examples/sted_blank_composites_training_v1_schema08/sted_blank_composites_training_v1_schema08_0151.json,synthetic_sted_3d_morphology_0.8.0,fibras_morphology_scene_3d_0.8.0,synthetic_sted_training_v1_schema08_0151,img_0edb6472854aea980f2a,synthetic_background_train,train
sted_blank_composites_training_v1_schema08_0152,examples/sted_blank_composites_training_v1_schema08/sted_blank_composites_training_v1_schema08_0152.npz,examples/sted_blank_composites_training_v1_schema08/sted_blank_composites_training_v1_schema08_0152.json,synthetic_sted_3d_morphology_0.8.0,fibras_morphology_scene_3d_0.8.0,synthetic_sted_training_v1_schema08_0152,img_1672f71f16b77dc4d642,synthetic_background_train,train
sted_blank_composites_training_v1_schema08_0153,examples/sted_blank_composites_training_v1_schema08/sted_blank_composites_training_v1_schema08_0153.npz,examples/sted_blank_composites_training_v1_schema08/sted_blank_composites_training_v1_schema08_0153.json,synthetic_sted_3d_morphology_0.8.0,fibras_morphology_scene_3d_0.8.0,synthetic_sted_training_v1_schema08_0153,img_178ab769e005e689ff6f,synthetic_background_train,train
sted_blank_composites_training_v1_schema08_0154,examples/sted_blank_composites_training_v1_schema08/sted_blank_composites_training_v1_schema08_0154.npz,examples/sted_blank_composites_training_v1_schema08/sted_blank_composites_training_v1_schema08_0154.json,synthetic_sted_3d_morphology_0.8.0,fibras_morphology_scene_3d_0.8.0,synthetic_sted_training_v1_schema08_0154,img_1ba419dc88931db47c8c,synthetic_background_train,train
sted_blank_composites_training_v1_schema08_0155,examples/sted_blank_composites_training_v1_schema08/sted_blank_composites_training_v1_schema08_0155.npz,examples/sted_blank_composites_training_v1_schema08/sted_blank_composites_training_v1_schema08_0155.json,synthetic_sted_3d_morphology_0.8.0,fibras_morphology_scene_3d_0.8.0,synthetic_sted_training_v1_schema08_0155,img_22a6ba5828c46f12f6e5,synthetic_background_train,train
sted_blank_composites_training_v1_schema08_0156,examples/sted_blank_composites_training_v1_schema08/sted_blank_composites_training_v1_schema08_0156.npz,examples/sted_blank_composites_training_v1_schema08/sted_blank_composites_training_v1_schema08_0156.json,synthetic_sted_3d_morphology_0.8.0,fibras_morphology_scene_3d_0.8.0,synthetic_sted_training_v1_schema08_0156,img_22b8bcb88a805b153993,synthetic_background_train,train
sted_blank_composites_training_v1_schema08_0157,examples/sted_blank_composites_training_v1_schema08/sted_blank_composites_training_v1_schema08_0157.npz,examples/sted_blank_composites_training_v1_schema08/sted_blank_composites_training_v1_schema08_0157.json,synthetic_sted_3d_morphology_0.8.0,fibras_morphology_scene_3d_0.8.0,synthetic_sted_training_v1_schema08_0157,img_2e9cc5effd6823d55d02,synthetic_background_train,train
sted_blank_composites_training_v1_schema08_0158,examples/sted_blank_composites_training_v1_schema08/sted_blank_composites_training_v1_schema08_0158.npz,examples/sted_blank_composites_training_v1_schema08/sted_blank_composites_training_v1_schema08_0158.json,synthetic_sted_3d_morphology_0.8.0,fibras_morphology_scene_3d_0.8.0,synthetic_sted_training_v1_schema08_0158,img_34d44dfa65b93f389f95,synthetic_background_train,train
sted_blank_composites_training_v1_schema08_0159,examples/sted_blank_composites_training_v1_schema08/sted_blank_composites_training_v1_schema08_0159.npz,examples/sted_blank_composites_training_v1_schema08/sted_blank_composites_training_v1_schema08_0159.json,synthetic_sted_3d_morphology_0.8.0,fibras_morphology_scene_3d_0.8.0,synthetic_sted_training_v1_schema08_0159,img_380582f92698aae8c505,synthetic_background_train,train
sted_blank_composites_training_v1_schema08_0160,examples/sted_blank_composites_training_v1_schema08/sted_blank_composites_training_v1_schema08_0160.npz,examples/sted_blank_composites_training_v1_schema08/sted_blank_composites_training_v1_schema08_0160.json,synthetic_sted_3d_morphology_0.8.0,fibras_morphology_scene_3d_0.8.0,synthetic_sted_training_v1_schema08_0160,img_3fcd76c473a770a81832,synthetic_background_train,train
sted_blank_composites_training_v1_schema08_0161,examples/sted_blank_composites_training_v1_schema08/sted_blank_composites_training_v1_schema08_0161.npz,examples/sted_blank_composites_training_v1_schema08/sted_blank_composites_training_v1_schema08_0161.json,synthetic_sted_3d_morphology_0.8.0,fibras_morphology_scene_3d_0.8.0,synthetic_sted_training_v1_schema08_0161,img_42e8d8a784a69489e580,synthetic_background_train,train
sted_blank_composites_training_v1_schema08_0162,examples/sted_blank_composites_training_v1_schema08/sted_blank_composites_training_v1_schema08_0162.npz,examples/sted_blank_composites_training_v1_schema08/sted_blank_composites_training_v1_schema08_0162.json,synthetic_sted_3d_morphology_0.8.0,fibras_morphology_scene_3d_0.8.0,synthetic_sted_training_v1_schema08_0162,img_43d0f384b07d7388d6db,synthetic_background_train,train
sted_blank_composites_training_v1_schema08_0163,examples/sted_blank_composites_training_v1_schema08/sted_blank_composites_training_v1_schema08_0163.npz,examples/sted_blank_composites_training_v1_schema08/sted_blank_composites_training_v1_schema08_0163.json,synthetic_sted_3d_morphology_0.8.0,fibras_morphology_scene_3d_0.8.0,synthetic_sted_training_v1_schema08_0163,img_44974790651d1b7badfa,synthetic_background_train,train
sted_blank_composites_training_v1_schema08_0164,examples/sted_blank_composites_training_v1_schema08/sted_blank_composites_training_v1_schema08_0164.npz,examples/sted_blank_composites_training_v1_schema08/sted_blank_composites_training_v1_schema08_0164.json,synthetic_sted_3d_morphology_0.8.0,fibras_morphology_scene_3d_0.8.0,synthetic_sted_training_v1_schema08_0164,img_4a12cb04c6ad4b44f7e4,synthetic_background_train,train
sted_blank_composites_training_v1_schema08_0165,examples/sted_blank_composites_training_v1_schema08/sted_blank_composites_training_v1_schema08_0165.npz,examples/sted_blank_composites_training_v1_schema08/sted_blank_composites_training_v1_schema08_0165.json,synthetic_sted_3d_morphology_0.8.0,fibras_morphology_scene_3d_0.8.0,synthetic_sted_training_v1_schema08_0165,img_4b1f1b0523dd6c73177c,synthetic_background_train,train
sted_blank_composites_training_v1_schema08_0166,examples/sted_blank_composites_training_v1_schema08/sted_blank_composites_training_v1_schema08_0166.npz,examples/sted_blank_composites_training_v1_schema08/sted_blank_composites_training_v1_schema08_0166.json,synthetic_sted_3d_morphology_0.8.0,fibras_morphology_scene_3d_0.8.0,synthetic_sted_training_v1_schema08_0166,img_4d5ab86fec7995e4762a,synthetic_background_train,train
sted_blank_composites_training_v1_schema08_0167,examples/sted_blank_composites_training_v1_schema08/sted_blank_composites_training_v1_schema08_0167.npz,examples/sted_blank_composites_training_v1_schema08/sted_blank_composites_training_v1_schema08_0167.json,synthetic_sted_3d_morphology_0.8.0,fibras_morphology_scene_3d_0.8.0,synthetic_sted_training_v1_schema08_0167,img_4ec66ad0f9ecacf25377,synthetic_background_train,train
sted_blank_composites_training_v1_schema08_0168,examples/sted_blank_composites_training_v1_schema08/sted_blank_composites_training_v1_schema08_0168.npz,examples/sted_blank_composites_training_v1_schema08/sted_blank_composites_training_v1_schema08_0168.json,synthetic_sted_3d_morphology_0.8.0,fibras_morphology_scene_3d_0.8.0,synthetic_sted_training_v1_schema08_0168,img_52fd567a6489c2ee806f,synthetic_background_train,train
sted_blank_composites_training_v1_schema08_0169,examples/sted_blank_composites_training_v1_schema08/sted_blank_composites_training_v1_schema08_0169.npz,examples/sted_blank_composites_training_v1_schema08/sted_blank_composites_training_v1_schema08_0169.json,synthetic_sted_3d_morphology_0.8.0,fibras_morphology_scene_3d_0.8.0,synthetic_sted_training_v1_schema08_0169,img_5882372f16349d4ccf22,synthetic_background_train,train
sted_blank_composites_training_v1_schema08_0170,examples/sted_blank_composites_training_v1_schema08/sted_blank_composites_training_v1_schema08_0170.npz,examples/sted_blank_composites_training_v1_schema08/sted_blank_composites_training_v1_schema08_0170.json,synthetic_sted_3d_morphology_0.8.0,fibras_morphology_scene_3d_0.8.0,synthetic_sted_training_v1_schema08_0170,img_5dde17f7235bd3b91b4e,synthetic_background_train,train
sted_blank_composites_training_v1_schema08_0171,examples/sted_blank_composites_training_v1_schema08/sted_blank_composites_training_v1_schema08_0171.npz,examples/sted_blank_composites_training_v1_schema08/sted_blank_composites_training_v1_schema08_0171.json,synthetic_sted_3d_morphology_0.8.0,fibras_morphology_scene_3d_0.8.0,synthetic_sted_training_v1_schema08_0171,img_6fcc906a6259240a019e,synthetic_background_train,train
sted_blank_composites_training_v1_schema08_0172,examples/sted_blank_composites_training_v1_schema08/sted_blank_composites_training_v1_schema08_0172.npz,examples/sted_blank_composites_training_v1_schema08/sted_blank_composites_training_v1_schema08_0172.json,synthetic_sted_3d_morphology_0.8.0,fibras_morphology_scene_3d_0.8.0,synthetic_sted_training_v1_schema08_0172,img_7902deec8b57c29e9a62,synthetic_background_train,train
sted_blank_composites_training_v1_schema08_0173,examples/sted_blank_composites_training_v1_schema08/sted_blank_composites_training_v1_schema08_0173.npz,examples/sted_blank_composites_training_v1_schema08/sted_blank_composites_training_v1_schema08_0173.json,synthetic_sted_3d_morphology_0.8.0,fibras_morphology_scene_3d_0.8.0,synthetic_sted_training_v1_schema08_0173,img_84c0549996fe08b21c59,synthetic_background_train,train
sted_blank_composites_training_v1_schema08_0174,examples/sted_blank_composites_training_v1_schema08/sted_blank_composites_training_v1_schema08_0174.npz,examples/sted_blank_composites_training_v1_schema08/sted_blank_composites_training_v1_schema08_0174.json,synthetic_sted_3d_morphology_0.8.0,fibras_morphology_scene_3d_0.8.0,synthetic_sted_training_v1_schema08_0174,img_85bd0416dfc971c6ce41,synthetic_background_train,train
sted_blank_composites_training_v1_schema08_0175,examples/sted_blank_composites_training_v1_schema08/sted_blank_composites_training_v1_schema08_0175.npz,examples/sted_blank_composites_training_v1_schema08/sted_blank_composites_training_v1_schema08_0175.json,synthetic_sted_3d_morphology_0.8.0,fibras_morphology_scene_3d_0.8.0,synthetic_sted_training_v1_schema08_0175,img_8ad7d07fa1daa0209cfb,synthetic_background_train,train
sted_blank_composites_training_v1_schema08_0176,examples/sted_blank_composites_training_v1_schema08/sted_blank_composites_training_v1_schema08_0176.npz,examples/sted_blank_composites_training_v1_schema08/sted_blank_composites_training_v1_schema08_0176.json,synthetic_sted_3d_morphology_0.8.0,fibras_morphology_scene_3d_0.8.0,synthetic_sted_training_v1_schema08_0176,img_908ed3f9b3c24e1d482b,synthetic_background_train,train
sted_blank_composites_training_v1_schema08_0177,examples/sted_blank_composites_training_v1_schema08/sted_blank_composites_training_v1_schema08_0177.npz,examples/sted_blank_composites_training_v1_schema08/sted_blank_composites_training_v1_schema08_0177.json,synthetic_sted_3d_morphology_0.8.0,fibras_morphology_scene_3d_0.8.0,synthetic_sted_training_v1_schema08_0177,img_9376400c90b45dd4f597,synthetic_background_train,train
sted_blank_composites_training_v1_schema08_0178,examples/sted_blank_composites_training_v1_schema08/sted_blank_composites_training_v1_schema08_0178.npz,examples/sted_blank_composites_training_v1_schema08/sted_blank_composites_training_v1_schema08_0178.json,synthetic_sted_3d_morphology_0.8.0,fibras_morphology_scene_3d_0.8.0,synthetic_sted_training_v1_schema08_0178,img_a423ba5191509d03f98b,synthetic_background_train,train
sted_blank_composites_training_v1_schema08_0179,examples/sted_blank_composites_training_v1_schema08/sted_blank_composites_training_v1_schema08_0179.npz,examples/sted_blank_composites_training_v1_schema08/sted_blank_composites_training_v1_schema08_0179.json,synthetic_sted_3d_morphology_0.8.0,fibras_morphology_scene_3d_0.8.0,synthetic_sted_training_v1_schema08_0179,img_a538de08cfa15ee606a9,synthetic_background_train,train
sted_blank_composites_training_v1_schema08_0180,examples/sted_blank_composites_training_v1_schema08/sted_blank_composites_training_v1_schema08_0180.npz,examples/sted_blank_composites_training_v1_schema08/sted_blank_composites_training_v1_schema08_0180.json,synthetic_sted_3d_morphology_0.8.0,fibras_morphology_scene_3d_0.8.0,synthetic_sted_training_v1_schema08_0180,img_ab8a5dd57e15fbe9d2e3,synthetic_background_train,train
sted_blank_composites_training_v1_schema08_0181,examples/sted_blank_composites_training_v1_schema08/sted_blank_composites_training_v1_schema08_0181.npz,examples/sted_blank_composites_training_v1_schema08/sted_blank_composites_training_v1_schema08_0181.json,synthetic_sted_3d_morphology_0.8.0,fibras_morphology_scene_3d_0.8.0,synthetic_sted_training_v1_schema08_0181,img_afedddc4a39035e55219,synthetic_background_train,train
sted_blank_composites_training_v1_schema08_0182,examples/sted_blank_composites_training_v1_schema08/sted_blank_composites_training_v1_schema08_0182.npz,examples/sted_blank_composites_training_v1_schema08/sted_blank_composites_training_v1_schema08_0182.json,synthetic_sted_3d_morphology_0.8.0,fibras_morphology_scene_3d_0.8.0,synthetic_sted_training_v1_schema08_0182,img_b1c587d8bfb662ed95c2,synthetic_background_train,train
sted_blank_composites_training_v1_schema08_0183,examples/sted_blank_composites_training_v1_schema08/sted_blank_composites_training_v1_schema08_0183.npz,examples/sted_blank_composites_training_v1_schema08/sted_blank_composites_training_v1_schema08_0183.json,synthetic_sted_3d_morphology_0.8.0,fibras_morphology_scene_3d_0.8.0,synthetic_sted_training_v1_schema08_0183,img_b2abcc150c16a6d7cca7,synthetic_background_train,train
sted_blank_composites_training_v1_schema08_0184,examples/sted_blank_composites_training_v1_schema08/sted_blank_composites_training_v1_schema08_0184.npz,examples/sted_blank_composites_training_v1_schema08/sted_blank_composites_training_v1_schema08_0184.json,synthetic_sted_3d_morphology_0.8.0,fibras_morphology_scene_3d_0.8.0,synthetic_sted_training_v1_schema08_0184,img_c25e79b9bfb565174fe1,synthetic_background_train,train
sted_blank_composites_training_v1_schema08_0185,examples/sted_blank_composites_training_v1_schema08/sted_blank_composites_training_v1_schema08_0185.npz,examples/sted_blank_composites_training_v1_schema08/sted_blank_composites_training_v1_schema08_0185.json,synthetic_sted_3d_morphology_0.8.0,fibras_morphology_scene_3d_0.8.0,synthetic_sted_training_v1_schema08_0185,img_ca042c3dcfcf09035923,synthetic_background_train,train
sted_blank_composites_training_v1_schema08_0186,examples/sted_blank_composites_training_v1_schema08/sted_blank_composites_training_v1_schema08_0186.npz,examples/sted_blank_composites_training_v1_schema08/sted_blank_composites_training_v1_schema08_0186.json,synthetic_sted_3d_morphology_0.8.0,fibras_morphology_scene_3d_0.8.0,synthetic_sted_training_v1_schema08_0186,img_d0a41f4af32f4866497f,synthetic_background_train,train
sted_blank_composites_training_v1_schema08_0187,examples/sted_blank_composites_training_v1_schema08/sted_blank_composites_training_v1_schema08_0187.npz,examples/sted_blank_composites_training_v1_schema08/sted_blank_composites_training_v1_schema08_0187.json,synthetic_sted_3d_morphology_0.8.0,fibras_morphology_scene_3d_0.8.0,synthetic_sted_training_v1_schema08_0187,img_d3c239af23a085e0b4d8,synthetic_background_train,train
sted_blank_composites_training_v1_schema08_0188,examples/sted_blank_composites_training_v1_schema08/sted_blank_composites_training_v1_schema08_0188.npz,examples/sted_blank_composites_training_v1_schema08/sted_blank_composites_training_v1_schema08_0188.json,synthetic_sted_3d_morphology_0.8.0,fibras_morphology_scene_3d_0.8.0,synthetic_sted_training_v1_schema08_0188,img_d48ab8d2ac1026abfc85,synthetic_background_train,train
sted_blank_composites_training_v1_schema08_0189,examples/sted_blank_composites_training_v1_schema08/sted_blank_composites_training_v1_schema08_0189.npz,examples/sted_blank_composites_training_v1_schema08/sted_blank_composites_training_v1_schema08_0189.json,synthetic_sted_3d_morphology_0.8.0,fibras_morphology_scene_3d_0.8.0,synthetic_sted_training_v1_schema08_0189,img_e346ea478db12b518ac8,synthetic_background_train,train
sted_blank_composites_training_v1_schema08_0190,examples/sted_blank_composites_training_v1_schema08/sted_blank_composites_training_v1_schema08_0190.npz,examples/sted_blank_composites_training_v1_schema08/sted_blank_composites_training_v1_schema08_0190.json,synthetic_sted_3d_morphology_0.8.0,fibras_morphology_scene_3d_0.8.0,synthetic_sted_training_v1_schema08_0190,img_e365a76f42760dd466b9,synthetic_background_train,train
sted_blank_composites_training_v1_schema08_0191,examples/sted_blank_composites_training_v1_schema08/sted_blank_composites_training_v1_schema08_0191.npz,examples/sted_blank_composites_training_v1_schema08/sted_blank_composites_training_v1_schema08_0191.json,synthetic_sted_3d_morphology_0.8.0,fibras_morphology_scene_3d_0.8.0,synthetic_sted_training_v1_schema08_0191,img_e5db75d93a225639e3a4,synthetic_background_train,train
sted_blank_composites_training_v1_schema08_0192,examples/sted_blank_composites_training_v1_schema08/sted_blank_composites_training_v1_schema08_0192.npz,examples/sted_blank_composites_training_v1_schema08/sted_blank_composites_training_v1_schema08_0192.json,synthetic_sted_3d_morphology_0.8.0,fibras_morphology_scene_3d_0.8.0,synthetic_sted_training_v1_schema08_0192,img_e8891781fa88057f59f7,synthetic_background_train,train
sted_blank_composites_training_v1_schema08_0193,examples/sted_blank_composites_training_v1_schema08/sted_blank_composites_training_v1_schema08_0193.npz,examples/sted_blank_composites_training_v1_schema08/sted_blank_composites_training_v1_schema08_0193.json,synthetic_sted_3d_morphology_0.8.0,fibras_morphology_scene_3d_0.8.0,synthetic_sted_training_v1_schema08_0193,img_ee34a766ad48467dd7e1,synthetic_background_train,train
sted_blank_composites_training_v1_schema08_0194,examples/sted_blank_composites_training_v1_schema08/sted_blank_composites_training_v1_schema08_0194.npz,examples/sted_blank_composites_training_v1_schema08/sted_blank_composites_training_v1_schema08_0194.json,synthetic_sted_3d_morphology_0.8.0,fibras_morphology_scene_3d_0.8.0,synthetic_sted_training_v1_schema08_0194,img_eeb10bbc10a5ef3f859b,synthetic_background_train,train
sted_blank_composites_training_v1_schema08_0195,examples/sted_blank_composites_training_v1_schema08/sted_blank_composites_training_v1_schema08_0195.npz,examples/sted_blank_composites_training_v1_schema08/sted_blank_composites_training_v1_schema08_0195.json,synthetic_sted_3d_morphology_0.8.0,fibras_morphology_scene_3d_0.8.0,synthetic_sted_training_v1_schema08_0195,img_fe985fa79b4211834161,synthetic_background_train,train
sted_blank_composites_training_v1_schema08_0196,examples/sted_blank_composites_training_v1_schema08/sted_blank_composites_training_v1_schema08_0196.npz,examples/sted_blank_composites_training_v1_schema08/sted_blank_composites_training_v1_schema08_0196.json,synthetic_sted_3d_morphology_0.8.0,fibras_morphology_scene_3d_0.8.0,synthetic_sted_training_v1_schema08_0196,img_014d9d77d1d61fed189b,synthetic_background_train,train
sted_blank_composites_training_v1_schema08_0197,examples/sted_blank_composites_training_v1_schema08/sted_blank_composites_training_v1_schema08_0197.npz,examples/sted_blank_composites_training_v1_schema08/sted_blank_composites_training_v1_schema08_0197.json,synthetic_sted_3d_morphology_0.8.0,fibras_morphology_scene_3d_0.8.0,synthetic_sted_training_v1_schema08_0197,img_093eea09221a4db0ebec,synthetic_background_train,train
sted_blank_composites_training_v1_schema08_0198,examples/sted_blank_composites_training_v1_schema08/sted_blank_composites_training_v1_schema08_0198.npz,examples/sted_blank_composites_training_v1_schema08/sted_blank_composites_training_v1_schema08_0198.json,synthetic_sted_3d_morphology_0.8.0,fibras_morphology_scene_3d_0.8.0,synthetic_sted_training_v1_schema08_0198,img_0d1c01fd26080936f42b,synthetic_background_train,train
sted_blank_composites_training_v1_schema08_0199,examples/sted_blank_composites_training_v1_schema08/sted_blank_composites_training_v1_schema08_0199.npz,examples/sted_blank_composites_training_v1_schema08/sted_blank_composites_training_v1_schema08_0199.json,synthetic_sted_3d_morphology_0.8.0,fibras_morphology_scene_3d_0.8.0,synthetic_sted_training_v1_schema08_0199,img_0d4cd0a31114b105cf51,synthetic_background_train,train
sted_blank_composites_training_v1_schema08_0200,examples/sted_blank_composites_training_v1_schema08/sted_blank_composites_training_v1_schema08_0200.npz,examples/sted_blank_composites_training_v1_schema08/sted_blank_composites_training_v1_schema08_0200.json,synthetic_sted_3d_morphology_0.8.0,fibras_morphology_scene_3d_0.8.0,synthetic_sted_training_v1_schema08_0200,img_0edb6472854aea980f2a,synthetic_background_train,train
sted_blank_composites_training_v1_schema08_0201,examples/sted_blank_composites_training_v1_schema08/sted_blank_composites_training_v1_schema08_0201.npz,examples/sted_blank_composites_training_v1_schema08/sted_blank_composites_training_v1_schema08_0201.json,synthetic_sted_3d_morphology_0.8.0,fibras_morphology_scene_3d_0.8.0,synthetic_sted_training_v1_schema08_0201,img_1672f71f16b77dc4d642,synthetic_background_train,train
sted_blank_composites_training_v1_schema08_0202,examples/sted_blank_composites_training_v1_schema08/sted_blank_composites_training_v1_schema08_0202.npz,examples/sted_blank_composites_training_v1_schema08/sted_blank_composites_training_v1_schema08_0202.json,synthetic_sted_3d_morphology_0.8.0,fibras_morphology_scene_3d_0.8.0,synthetic_sted_training_v1_schema08_0202,img_178ab769e005e689ff6f,synthetic_background_train,train
sted_blank_composites_training_v1_schema08_0203,examples/sted_blank_composites_training_v1_schema08/sted_blank_composites_training_v1_schema08_0203.npz,examples/sted_blank_composites_training_v1_schema08/sted_blank_composites_training_v1_schema08_0203.json,synthetic_sted_3d_morphology_0.8.0,fibras_morphology_scene_3d_0.8.0,synthetic_sted_training_v1_schema08_0203,img_1ba419dc88931db47c8c,synthetic_background_train,train
sted_blank_composites_training_v1_schema08_0204,examples/sted_blank_composites_training_v1_schema08/sted_blank_composites_training_v1_schema08_0204.npz,examples/sted_blank_composites_training_v1_schema08/sted_blank_composites_training_v1_schema08_0204.json,synthetic_sted_3d_morphology_0.8.0,fibras_morphology_scene_3d_0.8.0,synthetic_sted_training_v1_schema08_0204,img_22a6ba5828c46f12f6e5,synthetic_background_train,train
sted_blank_composites_training_v1_schema08_0205,examples/sted_blank_composites_training_v1_schema08/sted_blank_composites_training_v1_schema08_0205.npz,examples/sted_blank_composites_training_v1_schema08/sted_blank_composites_training_v1_schema08_0205.json,synthetic_sted_3d_morphology_0.8.0,fibras_morphology_scene_3d_0.8.0,synthetic_sted_training_v1_schema08_0205,img_22b8bcb88a805b153993,synthetic_background_train,train
sted_blank_composites_training_v1_schema08_0206,examples/sted_blank_composites_training_v1_schema08/sted_blank_composites_training_v1_schema08_0206.npz,examples/sted_blank_composites_training_v1_schema08/sted_blank_composites_training_v1_schema08_0206.json,synthetic_sted_3d_morphology_0.8.0,fibras_morphology_scene_3d_0.8.0,synthetic_sted_training_v1_schema08_0206,img_2e9cc5effd6823d55d02,synthetic_background_train,train
sted_blank_composites_training_v1_schema08_0207,examples/sted_blank_composites_training_v1_schema08/sted_blank_composites_training_v1_schema08_0207.npz,examples/sted_blank_composites_training_v1_schema08/sted_blank_composites_training_v1_schema08_0207.json,synthetic_sted_3d_morphology_0.8.0,fibras_morphology_scene_3d_0.8.0,synthetic_sted_training_v1_schema08_0207,img_34d44dfa65b93f389f95,synthetic_background_train,train
sted_blank_composites_training_v1_schema08_0208,examples/sted_blank_composites_training_v1_schema08/sted_blank_composites_training_v1_schema08_0208.npz,examples/sted_blank_composites_training_v1_schema08/sted_blank_composites_training_v1_schema08_0208.json,synthetic_sted_3d_morphology_0.8.0,fibras_morphology_scene_3d_0.8.0,synthetic_sted_training_v1_schema08_0208,img_380582f92698aae8c505,synthetic_background_train,train
sted_blank_composites_training_v1_schema08_0209,examples/sted_blank_composites_training_v1_schema08/sted_blank_composites_training_v1_schema08_0209.npz,examples/sted_blank_composites_training_v1_schema08/sted_blank_composites_training_v1_schema08_0209.json,synthetic_sted_3d_morphology_0.8.0,fibras_morphology_scene_3d_0.8.0,synthetic_sted_training_v1_schema08_0209,img_3fcd76c473a770a81832,synthetic_background_train,train
sted_blank_composites_training_v1_schema08_0210,examples/sted_blank_composites_training_v1_schema08/sted_blank_composites_training_v1_schema08_0210.npz,examples/sted_blank_composites_training_v1_schema08/sted_blank_composites_training_v1_schema08_0210.json,synthetic_sted_3d_morphology_0.8.0,fibras_morphology_scene_3d_0.8.0,synthetic_sted_training_v1_schema08_0210,img_42e8d8a784a69489e580,synthetic_background_train,train
sted_blank_composites_training_v1_schema08_0211,examples/sted_blank_composites_training_v1_schema08/sted_blank_composites_training_v1_schema08_0211.npz,examples/sted_blank_composites_training_v1_schema08/sted_blank_composites_training_v1_schema08_0211.json,synthetic_sted_3d_morphology_0.8.0,fibras_morphology_scene_3d_0.8.0,synthetic_sted_training_v1_schema08_0211,img_43d0f384b07d7388d6db,synthetic_background_train,train
sted_blank_composites_training_v1_schema08_0212,examples/sted_blank_composites_training_v1_schema08/sted_blank_composites_training_v1_schema08_0212.npz,examples/sted_blank_composites_training_v1_schema08/sted_blank_composites_training_v1_schema08_0212.json,synthetic_sted_3d_morphology_0.8.0,fibras_morphology_scene_3d_0.8.0,synthetic_sted_training_v1_schema08_0212,img_44974790651d1b7badfa,synthetic_background_train,train
sted_blank_composites_training_v1_schema08_0213,examples/sted_blank_composites_training_v1_schema08/sted_blank_composites_training_v1_schema08_0213.npz,examples/sted_blank_composites_training_v1_schema08/sted_blank_composites_training_v1_schema08_0213.json,synthetic_sted_3d_morphology_0.8.0,fibras_morphology_scene_3d_0.8.0,synthetic_sted_training_v1_schema08_0213,img_4a12cb04c6ad4b44f7e4,synthetic_background_train,train
sted_blank_composites_training_v1_schema08_0214,examples/sted_blank_composites_training_v1_schema08/sted_blank_composites_training_v1_schema08_0214.npz,examples/sted_blank_composites_training_v1_schema08/sted_blank_composites_training_v1_schema08_0214.json,synthetic_sted_3d_morphology_0.8.0,fibras_morphology_scene_3d_0.8.0,synthetic_sted_training_v1_schema08_0214,img_4b1f1b0523dd6c73177c,synthetic_background_train,train
sted_blank_composites_training_v1_schema08_0215,examples/sted_blank_composites_training_v1_schema08/sted_blank_composites_training_v1_schema08_0215.npz,examples/sted_blank_composites_training_v1_schema08/sted_blank_composites_training_v1_schema08_0215.json,synthetic_sted_3d_morphology_0.8.0,fibras_morphology_scene_3d_0.8.0,synthetic_sted_training_v1_schema08_0215,img_4d5ab86fec7995e4762a,synthetic_background_train,train
sted_blank_composites_training_v1_schema08_0216,examples/sted_blank_composites_training_v1_schema08/sted_blank_composites_training_v1_schema08_0216.npz,examples/sted_blank_composites_training_v1_schema08/sted_blank_composites_training_v1_schema08_0216.json,synthetic_sted_3d_morphology_0.8.0,fibras_morphology_scene_3d_0.8.0,synthetic_sted_training_v1_schema08_0216,img_4ec66ad0f9ecacf25377,synthetic_background_train,train
sted_blank_composites_training_v1_schema08_0217,examples/sted_blank_composites_training_v1_schema08/sted_blank_composites_training_v1_schema08_0217.npz,examples/sted_blank_composites_training_v1_schema08/sted_blank_composites_training_v1_schema08_0217.json,synthetic_sted_3d_morphology_0.8.0,fibras_morphology_scene_3d_0.8.0,synthetic_sted_training_v1_schema08_0217,img_52fd567a6489c2ee806f,synthetic_background_train,train
sted_blank_composites_training_v1_schema08_0218,examples/sted_blank_composites_training_v1_schema08/sted_blank_composites_training_v1_schema08_0218.npz,examples/sted_blank_composites_training_v1_schema08/sted_blank_composites_training_v1_schema08_0218.json,synthetic_sted_3d_morphology_0.8.0,fibras_morphology_scene_3d_0.8.0,synthetic_sted_training_v1_schema08_0218,img_5882372f16349d4ccf22,synthetic_background_train,train
sted_blank_composites_training_v1_schema08_0219,examples/sted_blank_composites_training_v1_schema08/sted_blank_composites_training_v1_schema08_0219.npz,examples/sted_blank_composites_training_v1_schema08/sted_blank_composites_training_v1_schema08_0219.json,synthetic_sted_3d_morphology_0.8.0,fibras_morphology_scene_3d_0.8.0,synthetic_sted_training_v1_schema08_0219,img_5dde17f7235bd3b91b4e,synthetic_background_train,train
sted_blank_composites_training_v1_schema08_0220,examples/sted_blank_composites_training_v1_schema08/sted_blank_composites_training_v1_schema08_0220.npz,examples/sted_blank_composites_training_v1_schema08/sted_blank_composites_training_v1_schema08_0220.json,synthetic_sted_3d_morphology_0.8.0,fibras_morphology_scene_3d_0.8.0,synthetic_sted_training_v1_schema08_0220,img_6fcc906a6259240a019e,synthetic_background_train,train
sted_blank_composites_training_v1_schema08_0221,examples/sted_blank_composites_training_v1_schema08/sted_blank_composites_training_v1_schema08_0221.npz,examples/sted_blank_composites_training_v1_schema08/sted_blank_composites_training_v1_schema08_0221.json,synthetic_sted_3d_morphology_0.8.0,fibras_morphology_scene_3d_0.8.0,synthetic_sted_training_v1_schema08_0221,img_7902deec8b57c29e9a62,synthetic_background_train,train
sted_blank_composites_training_v1_schema08_0222,examples/sted_blank_composites_training_v1_schema08/sted_blank_composites_training_v1_schema08_0222.npz,examples/sted_blank_composites_training_v1_schema08/sted_blank_composites_training_v1_schema08_0222.json,synthetic_sted_3d_morphology_0.8.0,fibras_morphology_scene_3d_0.8.0,synthetic_sted_training_v1_schema08_0222,img_84c0549996fe08b21c59,synthetic_background_train,train
sted_blank_composites_training_v1_schema08_0223,examples/sted_blank_composites_training_v1_schema08/sted_blank_composites_training_v1_schema08_0223.npz,examples/sted_blank_composites_training_v1_schema08/sted_blank_composites_training_v1_schema08_0223.json,synthetic_sted_3d_morphology_0.8.0,fibras_morphology_scene_3d_0.8.0,synthetic_sted_training_v1_schema08_0223,img_85bd0416dfc971c6ce41,synthetic_background_train,train
sted_blank_composites_training_v1_schema08_0224,examples/sted_blank_composites_training_v1_schema08/sted_blank_composites_training_v1_schema08_0224.npz,examples/sted_blank_composites_training_v1_schema08/sted_blank_composites_training_v1_schema08_0224.json,synthetic_sted_3d_morphology_0.8.0,fibras_morphology_scene_3d_0.8.0,synthetic_sted_training_v1_schema08_0224,img_8ad7d07fa1daa0209cfb,synthetic_background_train,train
sted_blank_composites_training_v1_schema08_0225,examples/sted_blank_composites_training_v1_schema08/sted_blank_composites_training_v1_schema08_0225.npz,examples/sted_blank_composites_training_v1_schema08/sted_blank_composites_training_v1_schema08_0225.json,synthetic_sted_3d_morphology_0.8.0,fibras_morphology_scene_3d_0.8.0,synthetic_sted_training_v1_schema08_0225,img_908ed3f9b3c24e1d482b,synthetic_background_train,train
sted_blank_composites_training_v1_schema08_0226,examples/sted_blank_composites_training_v1_schema08/sted_blank_composites_training_v1_schema08_0226.npz,examples/sted_blank_composites_training_v1_schema08/sted_blank_composites_training_v1_schema08_0226.json,synthetic_sted_3d_morphology_0.8.0,fibras_morphology_scene_3d_0.8.0,synthetic_sted_training_v1_schema08_0226,img_9376400c90b45dd4f597,synthetic_background_train,train
sted_blank_composites_training_v1_schema08_0227,examples/sted_blank_composites_training_v1_schema08/sted_blank_composites_training_v1_schema08_0227.npz,examples/sted_blank_composites_training_v1_schema08/sted_blank_composites_training_v1_schema08_0227.json,synthetic_sted_3d_morphology_0.8.0,fibras_morphology_scene_3d_0.8.0,synthetic_sted_training_v1_schema08_0227,img_a423ba5191509d03f98b,synthetic_background_train,train
sted_blank_composites_training_v1_schema08_0228,examples/sted_blank_composites_training_v1_schema08/sted_blank_composites_training_v1_schema08_0228.npz,examples/sted_blank_composites_training_v1_schema08/sted_blank_composites_training_v1_schema08_0228.json,synthetic_sted_3d_morphology_0.8.0,fibras_morphology_scene_3d_0.8.0,synthetic_sted_training_v1_schema08_0228,img_a538de08cfa15ee606a9,synthetic_background_train,train
sted_blank_composites_training_v1_schema08_0229,examples/sted_blank_composites_training_v1_schema08/sted_blank_composites_training_v1_schema08_0229.npz,examples/sted_blank_composites_training_v1_schema08/sted_blank_composites_training_v1_schema08_0229.json,synthetic_sted_3d_morphology_0.8.0,fibras_morphology_scene_3d_0.8.0,synthetic_sted_training_v1_schema08_0229,img_ab8a5dd57e15fbe9d2e3,synthetic_background_train,train
sted_blank_composites_training_v1_schema08_0230,examples/sted_blank_composites_training_v1_schema08/sted_blank_composites_training_v1_schema08_0230.npz,examples/sted_blank_composites_training_v1_schema08/sted_blank_composites_training_v1_schema08_0230.json,synthetic_sted_3d_morphology_0.8.0,fibras_morphology_scene_3d_0.8.0,synthetic_sted_training_v1_schema08_0230,img_afedddc4a39035e55219,synthetic_background_train,train
sted_blank_composites_training_v1_schema08_0231,examples/sted_blank_composites_training_v1_schema08/sted_blank_composites_training_v1_schema08_0231.npz,examples/sted_blank_composites_training_v1_schema08/sted_blank_composites_training_v1_schema08_0231.json,synthetic_sted_3d_morphology_0.8.0,fibras_morphology_scene_3d_0.8.0,synthetic_sted_training_v1_schema08_0231,img_b1c587d8bfb662ed95c2,synthetic_background_train,train
sted_blank_composites_training_v1_schema08_0232,examples/sted_blank_composites_training_v1_schema08/sted_blank_composites_training_v1_schema08_0232.npz,examples/sted_blank_composites_training_v1_schema08/sted_blank_composites_training_v1_schema08_0232.json,synthetic_sted_3d_morphology_0.8.0,fibras_morphology_scene_3d_0.8.0,synthetic_sted_training_v1_schema08_0232,img_b2abcc150c16a6d7cca7,synthetic_background_train,train
sted_blank_composites_training_v1_schema08_0233,examples/sted_blank_composites_training_v1_schema08/sted_blank_composites_training_v1_schema08_0233.npz,examples/sted_blank_composites_training_v1_schema08/sted_blank_composites_training_v1_schema08_0233.json,synthetic_sted_3d_morphology_0.8.0,fibras_morphology_scene_3d_0.8.0,synthetic_sted_training_v1_schema08_0233,img_c25e79b9bfb565174fe1,synthetic_background_train,train
sted_blank_composites_training_v1_schema08_0234,examples/sted_blank_composites_training_v1_schema08/sted_blank_composites_training_v1_schema08_0234.npz,examples/sted_blank_composites_training_v1_schema08/sted_blank_composites_training_v1_schema08_0234.json,synthetic_sted_3d_morphology_0.8.0,fibras_morphology_scene_3d_0.8.0,synthetic_sted_training_v1_schema08_0234,img_ca042c3dcfcf09035923,synthetic_background_train,train
sted_blank_composites_training_v1_schema08_0235,examples/sted_blank_composites_training_v1_schema08/sted_blank_composites_training_v1_schema08_0235.npz,examples/sted_blank_composites_training_v1_schema08/sted_blank_composites_training_v1_schema08_0235.json,synthetic_sted_3d_morphology_0.8.0,fibras_morphology_scene_3d_0.8.0,synthetic_sted_training_v1_schema08_0235,img_d0a41f4af32f4866497f,synthetic_background_train,train
sted_blank_composites_training_v1_schema08_0236,examples/sted_blank_composites_training_v1_schema08/sted_blank_composites_training_v1_schema08_0236.npz,examples/sted_blank_composites_training_v1_schema08/sted_blank_composites_training_v1_schema08_0236.json,synthetic_sted_3d_morphology_0.8.0,fibras_morphology_scene_3d_0.8.0,synthetic_sted_training_v1_schema08_0236,img_d3c239af23a085e0b4d8,synthetic_background_train,train
sted_blank_composites_training_v1_schema08_0237,examples/sted_blank_composites_training_v1_schema08/sted_blank_composites_training_v1_schema08_0237.npz,examples/sted_blank_composites_training_v1_schema08/sted_blank_composites_training_v1_schema08_0237.json,synthetic_sted_3d_morphology_0.8.0,fibras_morphology_scene_3d_0.8.0,synthetic_sted_training_v1_schema08_0237,img_d48ab8d2ac1026abfc85,synthetic_background_train,train
sted_blank_composites_training_v1_schema08_0238,examples/sted_blank_composites_training_v1_schema08/sted_blank_composites_training_v1_schema08_0238.npz,examples/sted_blank_composites_training_v1_schema08/sted_blank_composites_training_v1_schema08_0238.json,synthetic_sted_3d_morphology_0.8.0,fibras_morphology_scene_3d_0.8.0,synthetic_sted_training_v1_schema08_0238,img_e346ea478db12b518ac8,synthetic_background_train,train
sted_blank_composites_training_v1_schema08_0239,examples/sted_blank_composites_training_v1_schema08/sted_blank_composites_training_v1_schema08_0239.npz,examples/sted_blank_composites_training_v1_schema08/sted_blank_composites_training_v1_schema08_0239.json,synthetic_sted_3d_morphology_0.8.0,fibras_morphology_scene_3d_0.8.0,synthetic_sted_training_v1_schema08_0239,img_e365a76f42760dd466b9,synthetic_background_train,train
sted_blank_composites_training_v1_schema08_0240,examples/sted_blank_composites_training_v1_schema08/sted_blank_composites_training_v1_schema08_0240.npz,examples/sted_blank_composites_training_v1_schema08/sted_blank_composites_training_v1_schema08_0240.json,synthetic_sted_3d_morphology_0.8.0,fibras_morphology_scene_3d_0.8.0,synthetic_sted_training_v1_schema08_0240,img_e5db75d93a225639e3a4,synthetic_background_train,train
sted_blank_composites_training_v1_schema08_0241,examples/sted_blank_composites_training_v1_schema08/sted_blank_composites_training_v1_schema08_0241.npz,examples/sted_blank_composites_training_v1_schema08/sted_blank_composites_training_v1_schema08_0241.json,synthetic_sted_3d_morphology_0.8.0,fibras_morphology_scene_3d_0.8.0,synthetic_sted_training_v1_schema08_0241,img_e8891781fa88057f59f7,synthetic_background_train,train
sted_blank_composites_training_v1_schema08_0242,examples/sted_blank_composites_training_v1_schema08/sted_blank_composites_training_v1_schema08_0242.npz,examples/sted_blank_composites_training_v1_schema08/sted_blank_composites_training_v1_schema08_0242.json,synthetic_sted_3d_morphology_0.8.0,fibras_morphology_scene_3d_0.8.0,synthetic_sted_training_v1_schema08_0242,img_ee34a766ad48467dd7e1,synthetic_background_train,train
sted_blank_composites_training_v1_schema08_0243,examples/sted_blank_composites_training_v1_schema08/sted_blank_composites_training_v1_schema08_0243.npz,examples/sted_blank_composites_training_v1_schema08/sted_blank_composites_training_v1_schema08_0243.json,synthetic_sted_3d_morphology_0.8.0,fibras_morphology_scene_3d_0.8.0,synthetic_sted_training_v1_schema08_0243,img_eeb10bbc10a5ef3f859b,synthetic_background_train,train
sted_blank_composites_training_v1_schema08_0244,examples/sted_blank_composites_training_v1_schema08/sted_blank_composites_training_v1_schema08_0244.npz,examples/sted_blank_composites_training_v1_schema08/sted_blank_composites_training_v1_schema08_0244.json,synthetic_sted_3d_morphology_0.8.0,fibras_morphology_scene_3d_0.8.0,synthetic_sted_training_v1_schema08_0244,img_fe985fa79b4211834161,synthetic_background_train,train
sted_blank_composites_training_v1_schema08_0245,examples/sted_blank_composites_training_v1_schema08/sted_blank_composites_training_v1_schema08_0245.npz,examples/sted_blank_composites_training_v1_schema08/sted_blank_composites_training_v1_schema08_0245.json,synthetic_sted_3d_morphology_0.8.0,fibras_morphology_scene_3d_0.8.0,synthetic_sted_training_v1_schema08_0245,img_014d9d77d1d61fed189b,synthetic_background_train,train
sted_blank_composites_training_v1_schema08_0246,examples/sted_blank_composites_training_v1_schema08/sted_blank_composites_training_v1_schema08_0246.npz,examples/sted_blank_composites_training_v1_schema08/sted_blank_composites_training_v1_schema08_0246.json,synthetic_sted_3d_morphology_0.8.0,fibras_morphology_scene_3d_0.8.0,synthetic_sted_training_v1_schema08_0246,img_093eea09221a4db0ebec,synthetic_background_train,train
sted_blank_composites_training_v1_schema08_0247,examples/sted_blank_composites_training_v1_schema08/sted_blank_composites_training_v1_schema08_0247.npz,examples/sted_blank_composites_training_v1_schema08/sted_blank_composites_training_v1_schema08_0247.json,synthetic_sted_3d_morphology_0.8.0,fibras_morphology_scene_3d_0.8.0,synthetic_sted_training_v1_schema08_0247,img_0d1c01fd26080936f42b,synthetic_background_train,train
sted_blank_composites_training_v1_schema08_0248,examples/sted_blank_composites_training_v1_schema08/sted_blank_composites_training_v1_schema08_0248.npz,examples/sted_blank_composites_training_v1_schema08/sted_blank_composites_training_v1_schema08_0248.json,synthetic_sted_3d_morphology_0.8.0,fibras_morphology_scene_3d_0.8.0,synthetic_sted_training_v1_schema08_0248,img_0d4cd0a31114b105cf51,synthetic_background_train,train
sted_blank_composites_training_v1_schema08_0249,examples/sted_blank_composites_training_v1_schema08/sted_blank_composites_training_v1_schema08_0249.npz,examples/sted_blank_composites_training_v1_schema08/sted_blank_composites_training_v1_schema08_0249.json,synthetic_sted_3d_morphology_0.8.0,fibras_morphology_scene_3d_0.8.0,synthetic_sted_training_v1_schema08_0249,img_0edb6472854aea980f2a,synthetic_background_train,train
sted_blank_composites_training_v1_schema08_0250,examples/sted_blank_composites_training_v1_schema08/sted_blank_composites_training_v1_schema08_0250.npz,examples/sted_blank_composites_training_v1_schema08/sted_blank_composites_training_v1_schema08_0250.json,synthetic_sted_3d_morphology_0.8.0,fibras_morphology_scene_3d_0.8.0,synthetic_sted_training_v1_schema08_0250,img_1672f71f16b77dc4d642,synthetic_background_train,train
sted_blank_composites_training_v1_schema08_0251,examples/sted_blank_composites_training_v1_schema08/sted_blank_composites_training_v1_schema08_0251.npz,examples/sted_blank_composites_training_v1_schema08/sted_blank_composites_training_v1_schema08_0251.json,synthetic_sted_3d_morphology_0.8.0,fibras_morphology_scene_3d_0.8.0,synthetic_sted_training_v1_schema08_0251,img_178ab769e005e689ff6f,synthetic_background_train,train
sted_blank_composites_training_v1_schema08_0252,examples/sted_blank_composites_training_v1_schema08/sted_blank_composites_training_v1_schema08_0252.npz,examples/sted_blank_composites_training_v1_schema08/sted_blank_composites_training_v1_schema08_0252.json,synthetic_sted_3d_morphology_0.8.0,fibras_morphology_scene_3d_0.8.0,synthetic_sted_training_v1_schema08_0252,img_1ba419dc88931db47c8c,synthetic_background_train,train
sted_blank_composites_training_v1_schema08_0253,examples/sted_blank_composites_training_v1_schema08/sted_blank_composites_training_v1_schema08_0253.npz,examples/sted_blank_composites_training_v1_schema08/sted_blank_composites_training_v1_schema08_0253.json,synthetic_sted_3d_morphology_0.8.0,fibras_morphology_scene_3d_0.8.0,synthetic_sted_training_v1_schema08_0253,img_22a6ba5828c46f12f6e5,synthetic_background_train,train
sted_blank_composites_training_v1_schema08_0254,examples/sted_blank_composites_training_v1_schema08/sted_blank_composites_training_v1_schema08_0254.npz,examples/sted_blank_composites_training_v1_schema08/sted_blank_composites_training_v1_schema08_0254.json,synthetic_sted_3d_morphology_0.8.0,fibras_morphology_scene_3d_0.8.0,synthetic_sted_training_v1_schema08_0254,img_22b8bcb88a805b153993,synthetic_background_train,train
sted_blank_composites_training_v1_schema08_0255,examples/sted_blank_composites_training_v1_schema08/sted_blank_composites_training_v1_schema08_0255.npz,examples/sted_blank_composites_training_v1_schema08/sted_blank_composites_training_v1_schema08_0255.json,synthetic_sted_3d_morphology_0.8.0,fibras_morphology_scene_3d_0.8.0,synthetic_sted_training_v1_schema08_0255,img_2e9cc5effd6823d55d02,synthetic_background_train,train
sted_blank_composites_training_v1_schema08_0256,examples/sted_blank_composites_training_v1_schema08/sted_blank_composites_training_v1_schema08_0256.npz,examples/sted_blank_composites_training_v1_schema08/sted_blank_composites_training_v1_schema08_0256.json,synthetic_sted_3d_morphology_0.8.0,fibras_morphology_scene_3d_0.8.0,synthetic_sted_training_v1_schema08_0256,img_34d44dfa65b93f389f95,synthetic_background_train,train
sted_blank_composites_training_v1_schema08_0257,examples/sted_blank_composites_training_v1_schema08/sted_blank_composites_training_v1_schema08_0257.npz,examples/sted_blank_composites_training_v1_schema08/sted_blank_composites_training_v1_schema08_0257.json,synthetic_sted_3d_morphology_0.8.0,fibras_morphology_scene_3d_0.8.0,synthetic_sted_training_v1_schema08_0257,img_380582f92698aae8c505,synthetic_background_train,train
sted_blank_composites_training_v1_schema08_0258,examples/sted_blank_composites_training_v1_schema08/sted_blank_composites_training_v1_schema08_0258.npz,examples/sted_blank_composites_training_v1_schema08/sted_blank_composites_training_v1_schema08_0258.json,synthetic_sted_3d_morphology_0.8.0,fibras_morphology_scene_3d_0.8.0,synthetic_sted_training_v1_schema08_0258,img_3fcd76c473a770a81832,synthetic_background_train,train
sted_blank_composites_training_v1_schema08_0259,examples/sted_blank_composites_training_v1_schema08/sted_blank_composites_training_v1_schema08_0259.npz,examples/sted_blank_composites_training_v1_schema08/sted_blank_composites_training_v1_schema08_0259.json,synthetic_sted_3d_morphology_0.8.0,fibras_morphology_scene_3d_0.8.0,synthetic_sted_training_v1_schema08_0259,img_42e8d8a784a69489e580,synthetic_background_train,train
sted_blank_composites_training_v1_schema08_0260,examples/sted_blank_composites_training_v1_schema08/sted_blank_composites_training_v1_schema08_0260.npz,examples/sted_blank_composites_training_v1_schema08/sted_blank_composites_training_v1_schema08_0260.json,synthetic_sted_3d_morphology_0.8.0,fibras_morphology_scene_3d_0.8.0,synthetic_sted_training_v1_schema08_0260,img_43d0f384b07d7388d6db,synthetic_background_train,train
sted_blank_composites_training_v1_schema08_0261,examples/sted_blank_composites_training_v1_schema08/sted_blank_composites_training_v1_schema08_0261.npz,examples/sted_blank_composites_training_v1_schema08/sted_blank_composites_training_v1_schema08_0261.json,synthetic_sted_3d_morphology_0.8.0,fibras_morphology_scene_3d_0.8.0,synthetic_sted_training_v1_schema08_0261,img_44974790651d1b7badfa,synthetic_background_train,train
sted_blank_composites_training_v1_schema08_0262,examples/sted_blank_composites_training_v1_schema08/sted_blank_composites_training_v1_schema08_0262.npz,examples/sted_blank_composites_training_v1_schema08/sted_blank_composites_training_v1_schema08_0262.json,synthetic_sted_3d_morphology_0.8.0,fibras_morphology_scene_3d_0.8.0,synthetic_sted_training_v1_schema08_0262,img_4a12cb04c6ad4b44f7e4,synthetic_background_train,train
sted_blank_composites_training_v1_schema08_0263,examples/sted_blank_composites_training_v1_schema08/sted_blank_composites_training_v1_schema08_0263.npz,examples/sted_blank_composites_training_v1_schema08/sted_blank_composites_training_v1_schema08_0263.json,synthetic_sted_3d_morphology_0.8.0,fibras_morphology_scene_3d_0.8.0,synthetic_sted_training_v1_schema08_0263,img_4b1f1b0523dd6c73177c,synthetic_background_train,train
sted_blank_composites_training_v1_schema08_0264,examples/sted_blank_composites_training_v1_schema08/sted_blank_composites_training_v1_schema08_0264.npz,examples/sted_blank_composites_training_v1_schema08/sted_blank_composites_training_v1_schema08_0264.json,synthetic_sted_3d_morphology_0.8.0,fibras_morphology_scene_3d_0.8.0,synthetic_sted_training_v1_schema08_0264,img_4d5ab86fec7995e4762a,synthetic_background_train,train
sted_blank_composites_training_v1_schema08_0265,examples/sted_blank_composites_training_v1_schema08/sted_blank_composites_training_v1_schema08_0265.npz,examples/sted_blank_composites_training_v1_schema08/sted_blank_composites_training_v1_schema08_0265.json,synthetic_sted_3d_morphology_0.8.0,fibras_morphology_scene_3d_0.8.0,synthetic_sted_training_v1_schema08_0265,img_4ec66ad0f9ecacf25377,synthetic_background_train,train
sted_blank_composites_training_v1_schema08_0266,examples/sted_blank_composites_training_v1_schema08/sted_blank_composites_training_v1_schema08_0266.npz,examples/sted_blank_composites_training_v1_schema08/sted_blank_composites_training_v1_schema08_0266.json,synthetic_sted_3d_morphology_0.8.0,fibras_morphology_scene_3d_0.8.0,synthetic_sted_training_v1_schema08_0266,img_52fd567a6489c2ee806f,synthetic_background_train,train
sted_blank_composites_training_v1_schema08_0267,examples/sted_blank_composites_training_v1_schema08/sted_blank_composites_training_v1_schema08_0267.npz,examples/sted_blank_composites_training_v1_schema08/sted_blank_composites_training_v1_schema08_0267.json,synthetic_sted_3d_morphology_0.8.0,fibras_morphology_scene_3d_0.8.0,synthetic_sted_training_v1_schema08_0267,img_5882372f16349d4ccf22,synthetic_background_train,train
sted_blank_composites_training_v1_schema08_0268,examples/sted_blank_composites_training_v1_schema08/sted_blank_composites_training_v1_schema08_0268.npz,examples/sted_blank_composites_training_v1_schema08/sted_blank_composites_training_v1_schema08_0268.json,synthetic_sted_3d_morphology_0.8.0,fibras_morphology_scene_3d_0.8.0,synthetic_sted_training_v1_schema08_0268,img_5dde17f7235bd3b91b4e,synthetic_background_train,train
sted_blank_composites_training_v1_schema08_0269,examples/sted_blank_composites_training_v1_schema08/sted_blank_composites_training_v1_schema08_0269.npz,examples/sted_blank_composites_training_v1_schema08/sted_blank_composites_training_v1_schema08_0269.json,synthetic_sted_3d_morphology_0.8.0,fibras_morphology_scene_3d_0.8.0,synthetic_sted_training_v1_schema08_0269,img_6fcc906a6259240a019e,synthetic_background_train,train
sted_blank_composites_training_v1_schema08_0270,examples/sted_blank_composites_training_v1_schema08/sted_blank_composites_training_v1_schema08_0270.npz,examples/sted_blank_composites_training_v1_schema08/sted_blank_composites_training_v1_schema08_0270.json,synthetic_sted_3d_morphology_0.8.0,fibras_morphology_scene_3d_0.8.0,synthetic_sted_training_v1_schema08_0270,img_7902deec8b57c29e9a62,synthetic_background_train,train
sted_blank_composites_training_v1_schema08_0271,examples/sted_blank_composites_training_v1_schema08/sted_blank_composites_training_v1_schema08_0271.npz,examples/sted_blank_composites_training_v1_schema08/sted_blank_composites_training_v1_schema08_0271.json,synthetic_sted_3d_morphology_0.8.0,fibras_morphology_scene_3d_0.8.0,synthetic_sted_training_v1_schema08_0271,img_84c0549996fe08b21c59,synthetic_background_train,train
sted_blank_composites_training_v1_schema08_0272,examples/sted_blank_composites_training_v1_schema08/sted_blank_composites_training_v1_schema08_0272.npz,examples/sted_blank_composites_training_v1_schema08/sted_blank_composites_training_v1_schema08_0272.json,synthetic_sted_3d_morphology_0.8.0,fibras_morphology_scene_3d_0.8.0,synthetic_sted_training_v1_schema08_0272,img_85bd0416dfc971c6ce41,synthetic_background_train,train
sted_blank_composites_training_v1_schema08_0273,examples/sted_blank_composites_training_v1_schema08/sted_blank_composites_training_v1_schema08_0273.npz,examples/sted_blank_composites_training_v1_schema08/sted_blank_composites_training_v1_schema08_0273.json,synthetic_sted_3d_morphology_0.8.0,fibras_morphology_scene_3d_0.8.0,synthetic_sted_training_v1_schema08_0273,img_8ad7d07fa1daa0209cfb,synthetic_background_train,train
sted_blank_composites_training_v1_schema08_0274,examples/sted_blank_composites_training_v1_schema08/sted_blank_composites_training_v1_schema08_0274.npz,examples/sted_blank_composites_training_v1_schema08/sted_blank_composites_training_v1_schema08_0274.json,synthetic_sted_3d_morphology_0.8.0,fibras_morphology_scene_3d_0.8.0,synthetic_sted_training_v1_schema08_0274,img_908ed3f9b3c24e1d482b,synthetic_background_train,train
sted_blank_composites_training_v1_schema08_0275,examples/sted_blank_composites_training_v1_schema08/sted_blank_composites_training_v1_schema08_0275.npz,examples/sted_blank_composites_training_v1_schema08/sted_blank_composites_training_v1_schema08_0275.json,synthetic_sted_3d_morphology_0.8.0,fibras_morphology_scene_3d_0.8.0,synthetic_sted_training_v1_schema08_0275,img_9376400c90b45dd4f597,synthetic_background_train,train
sted_blank_composites_training_v1_schema08_0276,examples/sted_blank_composites_training_v1_schema08/sted_blank_composites_training_v1_schema08_0276.npz,examples/sted_blank_composites_training_v1_schema08/sted_blank_composites_training_v1_schema08_0276.json,synthetic_sted_3d_morphology_0.8.0,fibras_morphology_scene_3d_0.8.0,synthetic_sted_training_v1_schema08_0276,img_a423ba5191509d03f98b,synthetic_background_train,train
sted_blank_composites_training_v1_schema08_0277,examples/sted_blank_composites_training_v1_schema08/sted_blank_composites_training_v1_schema08_0277.npz,examples/sted_blank_composites_training_v1_schema08/sted_blank_composites_training_v1_schema08_0277.json,synthetic_sted_3d_morphology_0.8.0,fibras_morphology_scene_3d_0.8.0,synthetic_sted_training_v1_schema08_0277,img_a538de08cfa15ee606a9,synthetic_background_train,train
sted_blank_composites_training_v1_schema08_0278,examples/sted_blank_composites_training_v1_schema08/sted_blank_composites_training_v1_schema08_0278.npz,examples/sted_blank_composites_training_v1_schema08/sted_blank_composites_training_v1_schema08_0278.json,synthetic_sted_3d_morphology_0.8.0,fibras_morphology_scene_3d_0.8.0,synthetic_sted_training_v1_schema08_0278,img_ab8a5dd57e15fbe9d2e3,synthetic_background_train,train
sted_blank_composites_training_v1_schema08_0279,examples/sted_blank_composites_training_v1_schema08/sted_blank_composites_training_v1_schema08_0279.npz,examples/sted_blank_composites_training_v1_schema08/sted_blank_composites_training_v1_schema08_0279.json,synthetic_sted_3d_morphology_0.8.0,fibras_morphology_scene_3d_0.8.0,synthetic_sted_training_v1_schema08_0279,img_afedddc4a39035e55219,synthetic_background_train,train
sted_blank_composites_training_v1_schema08_0280,examples/sted_blank_composites_training_v1_schema08/sted_blank_composites_training_v1_schema08_0280.npz,examples/sted_blank_composites_training_v1_schema08/sted_blank_composites_training_v1_schema08_0280.json,synthetic_sted_3d_morphology_0.8.0,fibras_morphology_scene_3d_0.8.0,synthetic_sted_training_v1_schema08_0280,img_b1c587d8bfb662ed95c2,synthetic_background_train,train
sted_blank_composites_training_v1_schema08_0281,examples/sted_blank_composites_training_v1_schema08/sted_blank_composites_training_v1_schema08_0281.npz,examples/sted_blank_composites_training_v1_schema08/sted_blank_composites_training_v1_schema08_0281.json,synthetic_sted_3d_morphology_0.8.0,fibras_morphology_scene_3d_0.8.0,synthetic_sted_training_v1_schema08_0281,img_b2abcc150c16a6d7cca7,synthetic_background_train,train
sted_blank_composites_training_v1_schema08_0282,examples/sted_blank_composites_training_v1_schema08/sted_blank_composites_training_v1_schema08_0282.npz,examples/sted_blank_composites_training_v1_schema08/sted_blank_composites_training_v1_schema08_0282.json,synthetic_sted_3d_morphology_0.8.0,fibras_morphology_scene_3d_0.8.0,synthetic_sted_training_v1_schema08_0282,img_c25e79b9bfb565174fe1,synthetic_background_train,train
sted_blank_composites_training_v1_schema08_0283,examples/sted_blank_composites_training_v1_schema08/sted_blank_composites_training_v1_schema08_0283.npz,examples/sted_blank_composites_training_v1_schema08/sted_blank_composites_training_v1_schema08_0283.json,synthetic_sted_3d_morphology_0.8.0,fibras_morphology_scene_3d_0.8.0,synthetic_sted_training_v1_schema08_0283,img_ca042c3dcfcf09035923,synthetic_background_train,train
sted_blank_composites_training_v1_schema08_0284,examples/sted_blank_composites_training_v1_schema08/sted_blank_composites_training_v1_schema08_0284.npz,examples/sted_blank_composites_training_v1_schema08/sted_blank_composites_training_v1_schema08_0284.json,synthetic_sted_3d_morphology_0.8.0,fibras_morphology_scene_3d_0.8.0,synthetic_sted_training_v1_schema08_0284,img_d0a41f4af32f4866497f,synthetic_background_train,train
sted_blank_composites_training_v1_schema08_0285,examples/sted_blank_composites_training_v1_schema08/sted_blank_composites_training_v1_schema08_0285.npz,examples/sted_blank_composites_training_v1_schema08/sted_blank_composites_training_v1_schema08_0285.json,synthetic_sted_3d_morphology_0.8.0,fibras_morphology_scene_3d_0.8.0,synthetic_sted_training_v1_schema08_0285,img_d3c239af23a085e0b4d8,synthetic_background_train,train
sted_blank_composites_training_v1_schema08_0286,examples/sted_blank_composites_training_v1_schema08/sted_blank_composites_training_v1_schema08_0286.npz,examples/sted_blank_composites_training_v1_schema08/sted_blank_composites_training_v1_schema08_0286.json,synthetic_sted_3d_morphology_0.8.0,fibras_morphology_scene_3d_0.8.0,synthetic_sted_training_v1_schema08_0286,img_d48ab8d2ac1026abfc85,synthetic_background_train,train
sted_blank_composites_training_v1_schema08_0287,examples/sted_blank_composites_training_v1_schema08/sted_blank_composites_training_v1_schema08_0287.npz,examples/sted_blank_composites_training_v1_schema08/sted_blank_composites_training_v1_schema08_0287.json,synthetic_sted_3d_morphology_0.8.0,fibras_morphology_scene_3d_0.8.0,synthetic_sted_training_v1_schema08_0287,img_e346ea478db12b518ac8,synthetic_background_train,train
sted_blank_composites_training_v1_schema08_0288,examples/sted_blank_composites_training_v1_schema08/sted_blank_composites_training_v1_schema08_0288.npz,examples/sted_blank_composites_training_v1_schema08/sted_blank_composites_training_v1_schema08_0288.json,synthetic_sted_3d_morphology_0.8.0,fibras_morphology_scene_3d_0.8.0,synthetic_sted_training_v1_schema08_0288,img_e365a76f42760dd466b9,synthetic_background_train,train
sted_blank_composites_training_v1_schema08_0289,examples/sted_blank_composites_training_v1_schema08/sted_blank_composites_training_v1_schema08_0289.npz,examples/sted_blank_composites_training_v1_schema08/sted_blank_composites_training_v1_schema08_0289.json,synthetic_sted_3d_morphology_0.8.0,fibras_morphology_scene_3d_0.8.0,synthetic_sted_training_v1_schema08_0289,img_e5db75d93a225639e3a4,synthetic_background_train,train
sted_blank_composites_training_v1_schema08_0290,examples/sted_blank_composites_training_v1_schema08/sted_blank_composites_training_v1_schema08_0290.npz,examples/sted_blank_composites_training_v1_schema08/sted_blank_composites_training_v1_schema08_0290.json,synthetic_sted_3d_morphology_0.8.0,fibras_morphology_scene_3d_0.8.0,synthetic_sted_training_v1_schema08_0290,img_e8891781fa88057f59f7,synthetic_background_train,train
sted_blank_composites_training_v1_schema08_0291,examples/sted_blank_composites_training_v1_schema08/sted_blank_composites_training_v1_schema08_0291.npz,examples/sted_blank_composites_training_v1_schema08/sted_blank_composites_training_v1_schema08_0291.json,synthetic_sted_3d_morphology_0.8.0,fibras_morphology_scene_3d_0.8.0,synthetic_sted_training_v1_schema08_0291,img_ee34a766ad48467dd7e1,synthetic_background_train,train
sted_blank_composites_training_v1_schema08_0292,examples/sted_blank_composites_training_v1_schema08/sted_blank_composites_training_v1_schema08_0292.npz,examples/sted_blank_composites_training_v1_schema08/sted_blank_composites_training_v1_schema08_0292.json,synthetic_sted_3d_morphology_0.8.0,fibras_morphology_scene_3d_0.8.0,synthetic_sted_training_v1_schema08_0292,img_eeb10bbc10a5ef3f859b,synthetic_background_train,train
sted_blank_composites_training_v1_schema08_0293,examples/sted_blank_composites_training_v1_schema08/sted_blank_composites_training_v1_schema08_0293.npz,examples/sted_blank_composites_training_v1_schema08/sted_blank_composites_training_v1_schema08_0293.json,synthetic_sted_3d_morphology_0.8.0,fibras_morphology_scene_3d_0.8.0,synthetic_sted_training_v1_schema08_0293,img_fe985fa79b4211834161,synthetic_background_train,train
sted_blank_composites_training_v1_schema08_0294,examples/sted_blank_composites_training_v1_schema08/sted_blank_composites_training_v1_schema08_0294.npz,examples/sted_blank_composites_training_v1_schema08/sted_blank_composites_training_v1_schema08_0294.json,synthetic_sted_3d_morphology_0.8.0,fibras_morphology_scene_3d_0.8.0,synthetic_sted_training_v1_schema08_0294,img_014d9d77d1d61fed189b,synthetic_background_train,train
sted_blank_composites_training_v1_schema08_0295,examples/sted_blank_composites_training_v1_schema08/sted_blank_composites_training_v1_schema08_0295.npz,examples/sted_blank_composites_training_v1_schema08/sted_blank_composites_training_v1_schema08_0295.json,synthetic_sted_3d_morphology_0.8.0,fibras_morphology_scene_3d_0.8.0,synthetic_sted_training_v1_schema08_0295,img_093eea09221a4db0ebec,synthetic_background_train,train
sted_blank_composites_training_v1_schema08_0296,examples/sted_blank_composites_training_v1_schema08/sted_blank_composites_training_v1_schema08_0296.npz,examples/sted_blank_composites_training_v1_schema08/sted_blank_composites_training_v1_schema08_0296.json,synthetic_sted_3d_morphology_0.8.0,fibras_morphology_scene_3d_0.8.0,synthetic_sted_training_v1_schema08_0296,img_0d1c01fd26080936f42b,synthetic_background_train,train
sted_blank_composites_training_v1_schema08_0297,examples/sted_blank_composites_training_v1_schema08/sted_blank_composites_training_v1_schema08_0297.npz,examples/sted_blank_composites_training_v1_schema08/sted_blank_composites_training_v1_schema08_0297.json,synthetic_sted_3d_morphology_0.8.0,fibras_morphology_scene_3d_0.8.0,synthetic_sted_training_v1_schema08_0297,img_0d4cd0a31114b105cf51,synthetic_background_train,train
sted_blank_composites_training_v1_schema08_0298,examples/sted_blank_composites_training_v1_schema08/sted_blank_composites_training_v1_schema08_0298.npz,examples/sted_blank_composites_training_v1_schema08/sted_blank_composites_training_v1_schema08_0298.json,synthetic_sted_3d_morphology_0.8.0,fibras_morphology_scene_3d_0.8.0,synthetic_sted_training_v1_schema08_0298,img_0edb6472854aea980f2a,synthetic_background_train,train
sted_blank_composites_training_v1_schema08_0299,examples/sted_blank_composites_training_v1_schema08/sted_blank_composites_training_v1_schema08_0299.npz,examples/sted_blank_composites_training_v1_schema08/sted_blank_composites_training_v1_schema08_0299.json,synthetic_sted_3d_morphology_0.8.0,fibras_morphology_scene_3d_0.8.0,synthetic_sted_training_v1_schema08_0299,img_1672f71f16b77dc4d642,synthetic_background_train,train
sted_blank_composites_training_v1_schema08_0300,examples/sted_blank_composites_training_v1_schema08/sted_blank_composites_training_v1_schema08_0300.npz,examples/sted_blank_composites_training_v1_schema08/sted_blank_composites_training_v1_schema08_0300.json,synthetic_sted_3d_morphology_0.8.0,fibras_morphology_scene_3d_0.8.0,synthetic_sted_training_v1_schema08_0300,img_178ab769e005e689ff6f,synthetic_background_train,train
sted_blank_composites_training_v1_schema08_0301,examples/sted_blank_composites_training_v1_schema08/sted_blank_composites_training_v1_schema08_0301.npz,examples/sted_blank_composites_training_v1_schema08/sted_blank_composites_training_v1_schema08_0301.json,synthetic_sted_3d_morphology_0.8.0,fibras_morphology_scene_3d_0.8.0,synthetic_sted_training_v1_schema08_0301,img_1ba419dc88931db47c8c,synthetic_background_train,train
sted_blank_composites_training_v1_schema08_0302,examples/sted_blank_composites_training_v1_schema08/sted_blank_composites_training_v1_schema08_0302.npz,examples/sted_blank_composites_training_v1_schema08/sted_blank_composites_training_v1_schema08_0302.json,synthetic_sted_3d_morphology_0.8.0,fibras_morphology_scene_3d_0.8.0,synthetic_sted_training_v1_schema08_0302,img_22a6ba5828c46f12f6e5,synthetic_background_train,train
sted_blank_composites_training_v1_schema08_0303,examples/sted_blank_composites_training_v1_schema08/sted_blank_composites_training_v1_schema08_0303.npz,examples/sted_blank_composites_training_v1_schema08/sted_blank_composites_training_v1_schema08_0303.json,synthetic_sted_3d_morphology_0.8.0,fibras_morphology_scene_3d_0.8.0,synthetic_sted_training_v1_schema08_0303,img_22b8bcb88a805b153993,synthetic_background_train,train
sted_blank_composites_training_v1_schema08_0304,examples/sted_blank_composites_training_v1_schema08/sted_blank_composites_training_v1_schema08_0304.npz,examples/sted_blank_composites_training_v1_schema08/sted_blank_composites_training_v1_schema08_0304.json,synthetic_sted_3d_morphology_0.8.0,fibras_morphology_scene_3d_0.8.0,synthetic_sted_training_v1_schema08_0304,img_2e9cc5effd6823d55d02,synthetic_background_train,train
sted_blank_composites_training_v1_schema08_0305,examples/sted_blank_composites_training_v1_schema08/sted_blank_composites_training_v1_schema08_0305.npz,examples/sted_blank_composites_training_v1_schema08/sted_blank_composites_training_v1_schema08_0305.json,synthetic_sted_3d_morphology_0.8.0,fibras_morphology_scene_3d_0.8.0,synthetic_sted_training_v1_schema08_0305,img_34d44dfa65b93f389f95,synthetic_background_train,train
sted_blank_composites_training_v1_schema08_0306,examples/sted_blank_composites_training_v1_schema08/sted_blank_composites_training_v1_schema08_0306.npz,examples/sted_blank_composites_training_v1_schema08/sted_blank_composites_training_v1_schema08_0306.json,synthetic_sted_3d_morphology_0.8.0,fibras_morphology_scene_3d_0.8.0,synthetic_sted_training_v1_schema08_0306,img_380582f92698aae8c505,synthetic_background_train,train
sted_blank_composites_training_v1_schema08_0307,examples/sted_blank_composites_training_v1_schema08/sted_blank_composites_training_v1_schema08_0307.npz,examples/sted_blank_composites_training_v1_schema08/sted_blank_composites_training_v1_schema08_0307.json,synthetic_sted_3d_morphology_0.8.0,fibras_morphology_scene_3d_0.8.0,synthetic_sted_training_v1_schema08_0307,img_3fcd76c473a770a81832,synthetic_background_train,train
sted_blank_composites_training_v1_schema08_0308,examples/sted_blank_composites_training_v1_schema08/sted_blank_composites_training_v1_schema08_0308.npz,examples/sted_blank_composites_training_v1_schema08/sted_blank_composites_training_v1_schema08_0308.json,synthetic_sted_3d_morphology_0.8.0,fibras_morphology_scene_3d_0.8.0,synthetic_sted_training_v1_schema08_0308,img_42e8d8a784a69489e580,synthetic_background_train,train
sted_blank_composites_training_v1_schema08_0309,examples/sted_blank_composites_training_v1_schema08/sted_blank_composites_training_v1_schema08_0309.npz,examples/sted_blank_composites_training_v1_schema08/sted_blank_composites_training_v1_schema08_0309.json,synthetic_sted_3d_morphology_0.8.0,fibras_morphology_scene_3d_0.8.0,synthetic_sted_training_v1_schema08_0309,img_43d0f384b07d7388d6db,synthetic_background_train,train
sted_blank_composites_training_v1_schema08_0310,examples/sted_blank_composites_training_v1_schema08/sted_blank_composites_training_v1_schema08_0310.npz,examples/sted_blank_composites_training_v1_schema08/sted_blank_composites_training_v1_schema08_0310.json,synthetic_sted_3d_morphology_0.8.0,fibras_morphology_scene_3d_0.8.0,synthetic_sted_training_v1_schema08_0310,img_44974790651d1b7badfa,synthetic_background_train,train
sted_blank_composites_training_v1_schema08_0311,examples/sted_blank_composites_training_v1_schema08/sted_blank_composites_training_v1_schema08_0311.npz,examples/sted_blank_composites_training_v1_schema08/sted_blank_composites_training_v1_schema08_0311.json,synthetic_sted_3d_morphology_0.8.0,fibras_morphology_scene_3d_0.8.0,synthetic_sted_training_v1_schema08_0311,img_4a12cb04c6ad4b44f7e4,synthetic_background_train,train
sted_blank_composites_training_v1_schema08_0312,examples/sted_blank_composites_training_v1_schema08/sted_blank_composites_training_v1_schema08_0312.npz,examples/sted_blank_composites_training_v1_schema08/sted_blank_composites_training_v1_schema08_0312.json,synthetic_sted_3d_morphology_0.8.0,fibras_morphology_scene_3d_0.8.0,synthetic_sted_training_v1_schema08_0312,img_4b1f1b0523dd6c73177c,synthetic_background_train,train
sted_blank_composites_training_v1_schema08_0313,examples/sted_blank_composites_training_v1_schema08/sted_blank_composites_training_v1_schema08_0313.npz,examples/sted_blank_composites_training_v1_schema08/sted_blank_composites_training_v1_schema08_0313.json,synthetic_sted_3d_morphology_0.8.0,fibras_morphology_scene_3d_0.8.0,synthetic_sted_training_v1_schema08_0313,img_4d5ab86fec7995e4762a,synthetic_background_train,train
sted_blank_composites_training_v1_schema08_0314,examples/sted_blank_composites_training_v1_schema08/sted_blank_composites_training_v1_schema08_0314.npz,examples/sted_blank_composites_training_v1_schema08/sted_blank_composites_training_v1_schema08_0314.json,synthetic_sted_3d_morphology_0.8.0,fibras_morphology_scene_3d_0.8.0,synthetic_sted_training_v1_schema08_0314,img_4ec66ad0f9ecacf25377,synthetic_background_train,train
sted_blank_composites_training_v1_schema08_0315,examples/sted_blank_composites_training_v1_schema08/sted_blank_composites_training_v1_schema08_0315.npz,examples/sted_blank_composites_training_v1_schema08/sted_blank_composites_training_v1_schema08_0315.json,synthetic_sted_3d_morphology_0.8.0,fibras_morphology_scene_3d_0.8.0,synthetic_sted_training_v1_schema08_0315,img_52fd567a6489c2ee806f,synthetic_background_train,train
sted_blank_composites_training_v1_schema08_0316,examples/sted_blank_composites_training_v1_schema08/sted_blank_composites_training_v1_schema08_0316.npz,examples/sted_blank_composites_training_v1_schema08/sted_blank_composites_training_v1_schema08_0316.json,synthetic_sted_3d_morphology_0.8.0,fibras_morphology_scene_3d_0.8.0,synthetic_sted_training_v1_schema08_0316,img_5882372f16349d4ccf22,synthetic_background_train,train
sted_blank_composites_training_v1_schema08_0317,examples/sted_blank_composites_training_v1_schema08/sted_blank_composites_training_v1_schema08_0317.npz,examples/sted_blank_composites_training_v1_schema08/sted_blank_composites_training_v1_schema08_0317.json,synthetic_sted_3d_morphology_0.8.0,fibras_morphology_scene_3d_0.8.0,synthetic_sted_training_v1_schema08_0317,img_5dde17f7235bd3b91b4e,synthetic_background_train,train
sted_blank_composites_training_v1_schema08_0318,examples/sted_blank_composites_training_v1_schema08/sted_blank_composites_training_v1_schema08_0318.npz,examples/sted_blank_composites_training_v1_schema08/sted_blank_composites_training_v1_schema08_0318.json,synthetic_sted_3d_morphology_0.8.0,fibras_morphology_scene_3d_0.8.0,synthetic_sted_training_v1_schema08_0318,img_6fcc906a6259240a019e,synthetic_background_train,train
sted_blank_composites_training_v1_schema08_0319,examples/sted_blank_composites_training_v1_schema08/sted_blank_composites_training_v1_schema08_0319.npz,examples/sted_blank_composites_training_v1_schema08/sted_blank_composites_training_v1_schema08_0319.json,synthetic_sted_3d_morphology_0.8.0,fibras_morphology_scene_3d_0.8.0,synthetic_sted_training_v1_schema08_0319,img_7902deec8b57c29e9a62,synthetic_background_train,train
sted_blank_composites_training_v1_schema08_0320,examples/sted_blank_composites_training_v1_schema08/sted_blank_composites_training_v1_schema08_0320.npz,examples/sted_blank_composites_training_v1_schema08/sted_blank_composites_training_v1_schema08_0320.json,synthetic_sted_3d_morphology_0.8.0,fibras_morphology_scene_3d_0.8.0,synthetic_sted_training_v1_schema08_0320,img_84c0549996fe08b21c59,synthetic_background_train,train
sted_blank_composites_training_v1_schema08_0321,examples/sted_blank_composites_training_v1_schema08/sted_blank_composites_training_v1_schema08_0321.npz,examples/sted_blank_composites_training_v1_schema08/sted_blank_composites_training_v1_schema08_0321.json,synthetic_sted_3d_morphology_0.8.0,fibras_morphology_scene_3d_0.8.0,synthetic_sted_training_v1_schema08_0321,img_85bd0416dfc971c6ce41,synthetic_background_train,train
sted_blank_composites_training_v1_schema08_0322,examples/sted_blank_composites_training_v1_schema08/sted_blank_composites_training_v1_schema08_0322.npz,examples/sted_blank_composites_training_v1_schema08/sted_blank_composites_training_v1_schema08_0322.json,synthetic_sted_3d_morphology_0.8.0,fibras_morphology_scene_3d_0.8.0,synthetic_sted_training_v1_schema08_0322,img_8ad7d07fa1daa0209cfb,synthetic_background_train,train
sted_blank_composites_training_v1_schema08_0323,examples/sted_blank_composites_training_v1_schema08/sted_blank_composites_training_v1_schema08_0323.npz,examples/sted_blank_composites_training_v1_schema08/sted_blank_composites_training_v1_schema08_0323.json,synthetic_sted_3d_morphology_0.8.0,fibras_morphology_scene_3d_0.8.0,synthetic_sted_training_v1_schema08_0323,img_908ed3f9b3c24e1d482b,synthetic_background_train,train
sted_blank_composites_training_v1_schema08_0324,examples/sted_blank_composites_training_v1_schema08/sted_blank_composites_training_v1_schema08_0324.npz,examples/sted_blank_composites_training_v1_schema08/sted_blank_composites_training_v1_schema08_0324.json,synthetic_sted_3d_morphology_0.8.0,fibras_morphology_scene_3d_0.8.0,synthetic_sted_training_v1_schema08_0324,img_9376400c90b45dd4f597,synthetic_background_train,train
sted_blank_composites_training_v1_schema08_0325,examples/sted_blank_composites_training_v1_schema08/sted_blank_composites_training_v1_schema08_0325.npz,examples/sted_blank_composites_training_v1_schema08/sted_blank_composites_training_v1_schema08_0325.json,synthetic_sted_3d_morphology_0.8.0,fibras_morphology_scene_3d_0.8.0,synthetic_sted_training_v1_schema08_0325,img_a423ba5191509d03f98b,synthetic_background_train,train
sted_blank_composites_training_v1_schema08_0326,examples/sted_blank_composites_training_v1_schema08/sted_blank_composites_training_v1_schema08_0326.npz,examples/sted_blank_composites_training_v1_schema08/sted_blank_composites_training_v1_schema08_0326.json,synthetic_sted_3d_morphology_0.8.0,fibras_morphology_scene_3d_0.8.0,synthetic_sted_training_v1_schema08_0326,img_a538de08cfa15ee606a9,synthetic_background_train,train
sted_blank_composites_training_v1_schema08_0327,examples/sted_blank_composites_training_v1_schema08/sted_blank_composites_training_v1_schema08_0327.npz,examples/sted_blank_composites_training_v1_schema08/sted_blank_composites_training_v1_schema08_0327.json,synthetic_sted_3d_morphology_0.8.0,fibras_morphology_scene_3d_0.8.0,synthetic_sted_training_v1_schema08_0327,img_ab8a5dd57e15fbe9d2e3,synthetic_background_train,train
sted_blank_composites_training_v1_schema08_0328,examples/sted_blank_composites_training_v1_schema08/sted_blank_composites_training_v1_schema08_0328.npz,examples/sted_blank_composites_training_v1_schema08/sted_blank_composites_training_v1_schema08_0328.json,synthetic_sted_3d_morphology_0.8.0,fibras_morphology_scene_3d_0.8.0,synthetic_sted_training_v1_schema08_0328,img_afedddc4a39035e55219,synthetic_background_train,train
sted_blank_composites_training_v1_schema08_0329,examples/sted_blank_composites_training_v1_schema08/sted_blank_composites_training_v1_schema08_0329.npz,examples/sted_blank_composites_training_v1_schema08/sted_blank_composites_training_v1_schema08_0329.json,synthetic_sted_3d_morphology_0.8.0,fibras_morphology_scene_3d_0.8.0,synthetic_sted_training_v1_schema08_0329,img_b1c587d8bfb662ed95c2,synthetic_background_train,train
sted_blank_composites_training_v1_schema08_0330,examples/sted_blank_composites_training_v1_schema08/sted_blank_composites_training_v1_schema08_0330.npz,examples/sted_blank_composites_training_v1_schema08/sted_blank_composites_training_v1_schema08_0330.json,synthetic_sted_3d_morphology_0.8.0,fibras_morphology_scene_3d_0.8.0,synthetic_sted_training_v1_schema08_0330,img_b2abcc150c16a6d7cca7,synthetic_background_train,train
sted_blank_composites_training_v1_schema08_0331,examples/sted_blank_composites_training_v1_schema08/sted_blank_composites_training_v1_schema08_0331.npz,examples/sted_blank_composites_training_v1_schema08/sted_blank_composites_training_v1_schema08_0331.json,synthetic_sted_3d_morphology_0.8.0,fibras_morphology_scene_3d_0.8.0,synthetic_sted_training_v1_schema08_0331,img_c25e79b9bfb565174fe1,synthetic_background_train,train
sted_blank_composites_training_v1_schema08_0332,examples/sted_blank_composites_training_v1_schema08/sted_blank_composites_training_v1_schema08_0332.npz,examples/sted_blank_composites_training_v1_schema08/sted_blank_composites_training_v1_schema08_0332.json,synthetic_sted_3d_morphology_0.8.0,fibras_morphology_scene_3d_0.8.0,synthetic_sted_training_v1_schema08_0332,img_ca042c3dcfcf09035923,synthetic_background_train,train
sted_blank_composites_training_v1_schema08_0333,examples/sted_blank_composites_training_v1_schema08/sted_blank_composites_training_v1_schema08_0333.npz,examples/sted_blank_composites_training_v1_schema08/sted_blank_composites_training_v1_schema08_0333.json,synthetic_sted_3d_morphology_0.8.0,fibras_morphology_scene_3d_0.8.0,synthetic_sted_training_v1_schema08_0333,img_d0a41f4af32f4866497f,synthetic_background_train,train
sted_blank_composites_training_v1_schema08_0334,examples/sted_blank_composites_training_v1_schema08/sted_blank_composites_training_v1_schema08_0334.npz,examples/sted_blank_composites_training_v1_schema08/sted_blank_composites_training_v1_schema08_0334.json,synthetic_sted_3d_morphology_0.8.0,fibras_morphology_scene_3d_0.8.0,synthetic_sted_training_v1_schema08_0334,img_d3c239af23a085e0b4d8,synthetic_background_train,train
sted_blank_composites_training_v1_schema08_0335,examples/sted_blank_composites_training_v1_schema08/sted_blank_composites_training_v1_schema08_0335.npz,examples/sted_blank_composites_training_v1_schema08/sted_blank_composites_training_v1_schema08_0335.json,synthetic_sted_3d_morphology_0.8.0,fibras_morphology_scene_3d_0.8.0,synthetic_sted_training_v1_schema08_0335,img_d48ab8d2ac1026abfc85,synthetic_background_train,train
sted_blank_composites_training_v1_schema08_0336,examples/sted_blank_composites_training_v1_schema08/sted_blank_composites_training_v1_schema08_0336.npz,examples/sted_blank_composites_training_v1_schema08/sted_blank_composites_training_v1_schema08_0336.json,synthetic_sted_3d_morphology_0.8.0,fibras_morphology_scene_3d_0.8.0,synthetic_sted_training_v1_schema08_0336,img_e346ea478db12b518ac8,synthetic_background_train,train
sted_blank_composites_training_v1_schema08_0337,examples/sted_blank_composites_training_v1_schema08/sted_blank_composites_training_v1_schema08_0337.npz,examples/sted_blank_composites_training_v1_schema08/sted_blank_composites_training_v1_schema08_0337.json,synthetic_sted_3d_morphology_0.8.0,fibras_morphology_scene_3d_0.8.0,synthetic_sted_training_v1_schema08_0337,img_e365a76f42760dd466b9,synthetic_background_train,train
sted_blank_composites_training_v1_schema08_0338,examples/sted_blank_composites_training_v1_schema08/sted_blank_composites_training_v1_schema08_0338.npz,examples/sted_blank_composites_training_v1_schema08/sted_blank_composites_training_v1_schema08_0338.json,synthetic_sted_3d_morphology_0.8.0,fibras_morphology_scene_3d_0.8.0,synthetic_sted_training_v1_schema08_0338,img_e5db75d93a225639e3a4,synthetic_background_train,train
sted_blank_composites_training_v1_schema08_0339,examples/sted_blank_composites_training_v1_schema08/sted_blank_composites_training_v1_schema08_0339.npz,examples/sted_blank_composites_training_v1_schema08/sted_blank_composites_training_v1_schema08_0339.json,synthetic_sted_3d_morphology_0.8.0,fibras_morphology_scene_3d_0.8.0,synthetic_sted_training_v1_schema08_0339,img_e8891781fa88057f59f7,synthetic_background_train,train
sted_blank_composites_training_v1_schema08_0340,examples/sted_blank_composites_training_v1_schema08/sted_blank_composites_training_v1_schema08_0340.npz,examples/sted_blank_composites_training_v1_schema08/sted_blank_composites_training_v1_schema08_0340.json,synthetic_sted_3d_morphology_0.8.0,fibras_morphology_scene_3d_0.8.0,synthetic_sted_training_v1_schema08_0340,img_ee34a766ad48467dd7e1,synthetic_background_train,train
sted_blank_composites_training_v1_schema08_0341,examples/sted_blank_composites_training_v1_schema08/sted_blank_composites_training_v1_schema08_0341.npz,examples/sted_blank_composites_training_v1_schema08/sted_blank_composites_training_v1_schema08_0341.json,synthetic_sted_3d_morphology_0.8.0,fibras_morphology_scene_3d_0.8.0,synthetic_sted_training_v1_schema08_0341,img_eeb10bbc10a5ef3f859b,synthetic_background_train,train
sted_blank_composites_training_v1_schema08_0342,examples/sted_blank_composites_training_v1_schema08/sted_blank_composites_training_v1_schema08_0342.npz,examples/sted_blank_composites_training_v1_schema08/sted_blank_composites_training_v1_schema08_0342.json,synthetic_sted_3d_morphology_0.8.0,fibras_morphology_scene_3d_0.8.0,synthetic_sted_training_v1_schema08_0342,img_fe985fa79b4211834161,synthetic_background_train,train
sted_blank_composites_training_v1_schema08_0343,examples/sted_blank_composites_training_v1_schema08/sted_blank_composites_training_v1_schema08_0343.npz,examples/sted_blank_composites_training_v1_schema08/sted_blank_composites_training_v1_schema08_0343.json,synthetic_sted_3d_morphology_0.8.0,fibras_morphology_scene_3d_0.8.0,synthetic_sted_training_v1_schema08_0343,img_014d9d77d1d61fed189b,synthetic_background_train,train
sted_blank_composites_training_v1_schema08_0344,examples/sted_blank_composites_training_v1_schema08/sted_blank_composites_training_v1_schema08_0344.npz,examples/sted_blank_composites_training_v1_schema08/sted_blank_composites_training_v1_schema08_0344.json,synthetic_sted_3d_morphology_0.8.0,fibras_morphology_scene_3d_0.8.0,synthetic_sted_training_v1_schema08_0344,img_093eea09221a4db0ebec,synthetic_background_train,train
sted_blank_composites_training_v1_schema08_0345,examples/sted_blank_composites_training_v1_schema08/sted_blank_composites_training_v1_schema08_0345.npz,examples/sted_blank_composites_training_v1_schema08/sted_blank_composites_training_v1_schema08_0345.json,synthetic_sted_3d_morphology_0.8.0,fibras_morphology_scene_3d_0.8.0,synthetic_sted_training_v1_schema08_0345,img_0d1c01fd26080936f42b,synthetic_background_train,train
sted_blank_composites_training_v1_schema08_0346,examples/sted_blank_composites_training_v1_schema08/sted_blank_composites_training_v1_schema08_0346.npz,examples/sted_blank_composites_training_v1_schema08/sted_blank_composites_training_v1_schema08_0346.json,synthetic_sted_3d_morphology_0.8.0,fibras_morphology_scene_3d_0.8.0,synthetic_sted_training_v1_schema08_0346,img_0d4cd0a31114b105cf51,synthetic_background_train,train
sted_blank_composites_training_v1_schema08_0347,examples/sted_blank_composites_training_v1_schema08/sted_blank_composites_training_v1_schema08_0347.npz,examples/sted_blank_composites_training_v1_schema08/sted_blank_composites_training_v1_schema08_0347.json,synthetic_sted_3d_morphology_0.8.0,fibras_morphology_scene_3d_0.8.0,synthetic_sted_training_v1_schema08_0347,img_0edb6472854aea980f2a,synthetic_background_train,train
sted_blank_composites_training_v1_schema08_0348,examples/sted_blank_composites_training_v1_schema08/sted_blank_composites_training_v1_schema08_0348.npz,examples/sted_blank_composites_training_v1_schema08/sted_blank_composites_training_v1_schema08_0348.json,synthetic_sted_3d_morphology_0.8.0,fibras_morphology_scene_3d_0.8.0,synthetic_sted_training_v1_schema08_0348,img_1672f71f16b77dc4d642,synthetic_background_train,train
sted_blank_composites_training_v1_schema08_0349,examples/sted_blank_composites_training_v1_schema08/sted_blank_composites_training_v1_schema08_0349.npz,examples/sted_blank_composites_training_v1_schema08/sted_blank_composites_training_v1_schema08_0349.json,synthetic_sted_3d_morphology_0.8.0,fibras_morphology_scene_3d_0.8.0,synthetic_sted_training_v1_schema08_0349,img_178ab769e005e689ff6f,synthetic_background_train,train
sted_blank_composites_training_v1_schema08_0350,examples/sted_blank_composites_training_v1_schema08/sted_blank_composites_training_v1_schema08_0350.npz,examples/sted_blank_composites_training_v1_schema08/sted_blank_composites_training_v1_schema08_0350.json,synthetic_sted_3d_morphology_0.8.0,fibras_morphology_scene_3d_0.8.0,synthetic_sted_training_v1_schema08_0350,img_1ba419dc88931db47c8c,synthetic_background_train,train
sted_blank_composites_training_v1_schema08_0351,examples/sted_blank_composites_training_v1_schema08/sted_blank_composites_training_v1_schema08_0351.npz,examples/sted_blank_composites_training_v1_schema08/sted_blank_composites_training_v1_schema08_0351.json,synthetic_sted_3d_morphology_0.8.0,fibras_morphology_scene_3d_0.8.0,synthetic_sted_training_v1_schema08_0351,img_22a6ba5828c46f12f6e5,synthetic_background_train,train
sted_blank_composites_training_v1_schema08_0352,examples/sted_blank_composites_training_v1_schema08/sted_blank_composites_training_v1_schema08_0352.npz,examples/sted_blank_composites_training_v1_schema08/sted_blank_composites_training_v1_schema08_0352.json,synthetic_sted_3d_morphology_0.8.0,fibras_morphology_scene_3d_0.8.0,synthetic_sted_training_v1_schema08_0352,img_22b8bcb88a805b153993,synthetic_background_train,train
sted_blank_composites_training_v1_schema08_0353,examples/sted_blank_composites_training_v1_schema08/sted_blank_composites_training_v1_schema08_0353.npz,examples/sted_blank_composites_training_v1_schema08/sted_blank_composites_training_v1_schema08_0353.json,synthetic_sted_3d_morphology_0.8.0,fibras_morphology_scene_3d_0.8.0,synthetic_sted_training_v1_schema08_0353,img_2e9cc5effd6823d55d02,synthetic_background_train,train
sted_blank_composites_training_v1_schema08_0354,examples/sted_blank_composites_training_v1_schema08/sted_blank_composites_training_v1_schema08_0354.npz,examples/sted_blank_composites_training_v1_schema08/sted_blank_composites_training_v1_schema08_0354.json,synthetic_sted_3d_morphology_0.8.0,fibras_morphology_scene_3d_0.8.0,synthetic_sted_training_v1_schema08_0354,img_34d44dfa65b93f389f95,synthetic_background_train,train
sted_blank_composites_training_v1_schema08_0355,examples/sted_blank_composites_training_v1_schema08/sted_blank_composites_training_v1_schema08_0355.npz,examples/sted_blank_composites_training_v1_schema08/sted_blank_composites_training_v1_schema08_0355.json,synthetic_sted_3d_morphology_0.8.0,fibras_morphology_scene_3d_0.8.0,synthetic_sted_training_v1_schema08_0355,img_380582f92698aae8c505,synthetic_background_train,train
sted_blank_composites_training_v1_schema08_0356,examples/sted_blank_composites_training_v1_schema08/sted_blank_composites_training_v1_schema08_0356.npz,examples/sted_blank_composites_training_v1_schema08/sted_blank_composites_training_v1_schema08_0356.json,synthetic_sted_3d_morphology_0.8.0,fibras_morphology_scene_3d_0.8.0,synthetic_sted_training_v1_schema08_0356,img_3fcd76c473a770a81832,synthetic_background_train,train
sted_blank_composites_training_v1_schema08_0357,examples/sted_blank_composites_training_v1_schema08/sted_blank_composites_training_v1_schema08_0357.npz,examples/sted_blank_composites_training_v1_schema08/sted_blank_composites_training_v1_schema08_0357.json,synthetic_sted_3d_morphology_0.8.0,fibras_morphology_scene_3d_0.8.0,synthetic_sted_training_v1_schema08_0357,img_42e8d8a784a69489e580,synthetic_background_train,train
sted_blank_composites_training_v1_schema08_0358,examples/sted_blank_composites_training_v1_schema08/sted_blank_composites_training_v1_schema08_0358.npz,examples/sted_blank_composites_training_v1_schema08/sted_blank_composites_training_v1_schema08_0358.json,synthetic_sted_3d_morphology_0.8.0,fibras_morphology_scene_3d_0.8.0,synthetic_sted_training_v1_schema08_0358,img_43d0f384b07d7388d6db,synthetic_background_train,train
sted_blank_composites_training_v1_schema08_0359,examples/sted_blank_composites_training_v1_schema08/sted_blank_composites_training_v1_schema08_0359.npz,examples/sted_blank_composites_training_v1_schema08/sted_blank_composites_training_v1_schema08_0359.json,synthetic_sted_3d_morphology_0.8.0,fibras_morphology_scene_3d_0.8.0,synthetic_sted_training_v1_schema08_0359,img_44974790651d1b7badfa,synthetic_background_train,train
sted_blank_composites_training_v1_schema08_0360,examples/sted_blank_composites_training_v1_schema08/sted_blank_composites_training_v1_schema08_0360.npz,examples/sted_blank_composites_training_v1_schema08/sted_blank_composites_training_v1_schema08_0360.json,synthetic_sted_3d_morphology_0.8.0,fibras_morphology_scene_3d_0.8.0,synthetic_sted_training_v1_schema08_0360,img_4a12cb04c6ad4b44f7e4,synthetic_background_train,train
sted_blank_composites_training_v1_schema08_0361,examples/sted_blank_composites_training_v1_schema08/sted_blank_composites_training_v1_schema08_0361.npz,examples/sted_blank_composites_training_v1_schema08/sted_blank_composites_training_v1_schema08_0361.json,synthetic_sted_3d_morphology_0.8.0,fibras_morphology_scene_3d_0.8.0,synthetic_sted_training_v1_schema08_0361,img_4b1f1b0523dd6c73177c,synthetic_background_train,train
sted_blank_composites_training_v1_schema08_0362,examples/sted_blank_composites_training_v1_schema08/sted_blank_composites_training_v1_schema08_0362.npz,examples/sted_blank_composites_training_v1_schema08/sted_blank_composites_training_v1_schema08_0362.json,synthetic_sted_3d_morphology_0.8.0,fibras_morphology_scene_3d_0.8.0,synthetic_sted_training_v1_schema08_0362,img_4d5ab86fec7995e4762a,synthetic_background_train,train
sted_blank_composites_training_v1_schema08_0363,examples/sted_blank_composites_training_v1_schema08/sted_blank_composites_training_v1_schema08_0363.npz,examples/sted_blank_composites_training_v1_schema08/sted_blank_composites_training_v1_schema08_0363.json,synthetic_sted_3d_morphology_0.8.0,fibras_morphology_scene_3d_0.8.0,synthetic_sted_training_v1_schema08_0363,img_4ec66ad0f9ecacf25377,synthetic_background_train,train
sted_blank_composites_training_v1_schema08_0364,examples/sted_blank_composites_training_v1_schema08/sted_blank_composites_training_v1_schema08_0364.npz,examples/sted_blank_composites_training_v1_schema08/sted_blank_composites_training_v1_schema08_0364.json,synthetic_sted_3d_morphology_0.8.0,fibras_morphology_scene_3d_0.8.0,synthetic_sted_training_v1_schema08_0364,img_52fd567a6489c2ee806f,synthetic_background_train,train
sted_blank_composites_training_v1_schema08_0365,examples/sted_blank_composites_training_v1_schema08/sted_blank_composites_training_v1_schema08_0365.npz,examples/sted_blank_composites_training_v1_schema08/sted_blank_composites_training_v1_schema08_0365.json,synthetic_sted_3d_morphology_0.8.0,fibras_morphology_scene_3d_0.8.0,synthetic_sted_training_v1_schema08_0365,img_5882372f16349d4ccf22,synthetic_background_train,train
sted_blank_composites_training_v1_schema08_0366,examples/sted_blank_composites_training_v1_schema08/sted_blank_composites_training_v1_schema08_0366.npz,examples/sted_blank_composites_training_v1_schema08/sted_blank_composites_training_v1_schema08_0366.json,synthetic_sted_3d_morphology_0.8.0,fibras_morphology_scene_3d_0.8.0,synthetic_sted_training_v1_schema08_0366,img_5dde17f7235bd3b91b4e,synthetic_background_train,train
sted_blank_composites_training_v1_schema08_0367,examples/sted_blank_composites_training_v1_schema08/sted_blank_composites_training_v1_schema08_0367.npz,examples/sted_blank_composites_training_v1_schema08/sted_blank_composites_training_v1_schema08_0367.json,synthetic_sted_3d_morphology_0.8.0,fibras_morphology_scene_3d_0.8.0,synthetic_sted_training_v1_schema08_0367,img_6fcc906a6259240a019e,synthetic_background_train,train
sted_blank_composites_training_v1_schema08_0368,examples/sted_blank_composites_training_v1_schema08/sted_blank_composites_training_v1_schema08_0368.npz,examples/sted_blank_composites_training_v1_schema08/sted_blank_composites_training_v1_schema08_0368.json,synthetic_sted_3d_morphology_0.8.0,fibras_morphology_scene_3d_0.8.0,synthetic_sted_training_v1_schema08_0368,img_7902deec8b57c29e9a62,synthetic_background_train,train
sted_blank_composites_training_v1_schema08_0369,examples/sted_blank_composites_training_v1_schema08/sted_blank_composites_training_v1_schema08_0369.npz,examples/sted_blank_composites_training_v1_schema08/sted_blank_composites_training_v1_schema08_0369.json,synthetic_sted_3d_morphology_0.8.0,fibras_morphology_scene_3d_0.8.0,synthetic_sted_training_v1_schema08_0369,img_84c0549996fe08b21c59,synthetic_background_train,train
sted_blank_composites_training_v1_schema08_0370,examples/sted_blank_composites_training_v1_schema08/sted_blank_composites_training_v1_schema08_0370.npz,examples/sted_blank_composites_training_v1_schema08/sted_blank_composites_training_v1_schema08_0370.json,synthetic_sted_3d_morphology_0.8.0,fibras_morphology_scene_3d_0.8.0,synthetic_sted_training_v1_schema08_0370,img_85bd0416dfc971c6ce41,synthetic_background_train,train
sted_blank_composites_training_v1_schema08_0371,examples/sted_blank_composites_training_v1_schema08/sted_blank_composites_training_v1_schema08_0371.npz,examples/sted_blank_composites_training_v1_schema08/sted_blank_composites_training_v1_schema08_0371.json,synthetic_sted_3d_morphology_0.8.0,fibras_morphology_scene_3d_0.8.0,synthetic_sted_training_v1_schema08_0371,img_8ad7d07fa1daa0209cfb,synthetic_background_train,train
sted_blank_composites_training_v1_schema08_0372,examples/sted_blank_composites_training_v1_schema08/sted_blank_composites_training_v1_schema08_0372.npz,examples/sted_blank_composites_training_v1_schema08/sted_blank_composites_training_v1_schema08_0372.json,synthetic_sted_3d_morphology_0.8.0,fibras_morphology_scene_3d_0.8.0,synthetic_sted_training_v1_schema08_0372,img_908ed3f9b3c24e1d482b,synthetic_background_train,train
sted_blank_composites_training_v1_schema08_0373,examples/sted_blank_composites_training_v1_schema08/sted_blank_composites_training_v1_schema08_0373.npz,examples/sted_blank_composites_training_v1_schema08/sted_blank_composites_training_v1_schema08_0373.json,synthetic_sted_3d_morphology_0.8.0,fibras_morphology_scene_3d_0.8.0,synthetic_sted_training_v1_schema08_0373,img_9376400c90b45dd4f597,synthetic_background_train,train
sted_blank_composites_training_v1_schema08_0374,examples/sted_blank_composites_training_v1_schema08/sted_blank_composites_training_v1_schema08_0374.npz,examples/sted_blank_composites_training_v1_schema08/sted_blank_composites_training_v1_schema08_0374.json,synthetic_sted_3d_morphology_0.8.0,fibras_morphology_scene_3d_0.8.0,synthetic_sted_training_v1_schema08_0374,img_a423ba5191509d03f98b,synthetic_background_train,train
sted_blank_composites_training_v1_schema08_0375,examples/sted_blank_composites_training_v1_schema08/sted_blank_composites_training_v1_schema08_0375.npz,examples/sted_blank_composites_training_v1_schema08/sted_blank_composites_training_v1_schema08_0375.json,synthetic_sted_3d_morphology_0.8.0,fibras_morphology_scene_3d_0.8.0,synthetic_sted_training_v1_schema08_0375,img_a538de08cfa15ee606a9,synthetic_background_train,train
sted_blank_composites_training_v1_schema08_0376,examples/sted_blank_composites_training_v1_schema08/sted_blank_composites_training_v1_schema08_0376.npz,examples/sted_blank_composites_training_v1_schema08/sted_blank_composites_training_v1_schema08_0376.json,synthetic_sted_3d_morphology_0.8.0,fibras_morphology_scene_3d_0.8.0,synthetic_sted_training_v1_schema08_0376,img_ab8a5dd57e15fbe9d2e3,synthetic_background_train,train
sted_blank_composites_training_v1_schema08_0377,examples/sted_blank_composites_training_v1_schema08/sted_blank_composites_training_v1_schema08_0377.npz,examples/sted_blank_composites_training_v1_schema08/sted_blank_composites_training_v1_schema08_0377.json,synthetic_sted_3d_morphology_0.8.0,fibras_morphology_scene_3d_0.8.0,synthetic_sted_training_v1_schema08_0377,img_afedddc4a39035e55219,synthetic_background_train,train
sted_blank_composites_training_v1_schema08_0378,examples/sted_blank_composites_training_v1_schema08/sted_blank_composites_training_v1_schema08_0378.npz,examples/sted_blank_composites_training_v1_schema08/sted_blank_composites_training_v1_schema08_0378.json,synthetic_sted_3d_morphology_0.8.0,fibras_morphology_scene_3d_0.8.0,synthetic_sted_training_v1_schema08_0378,img_b1c587d8bfb662ed95c2,synthetic_background_train,train
sted_blank_composites_training_v1_schema08_0379,examples/sted_blank_composites_training_v1_schema08/sted_blank_composites_training_v1_schema08_0379.npz,examples/sted_blank_composites_training_v1_schema08/sted_blank_composites_training_v1_schema08_0379.json,synthetic_sted_3d_morphology_0.8.0,fibras_morphology_scene_3d_0.8.0,synthetic_sted_training_v1_schema08_0379,img_b2abcc150c16a6d7cca7,synthetic_background_train,train
sted_blank_composites_training_v1_schema08_0380,examples/sted_blank_composites_training_v1_schema08/sted_blank_composites_training_v1_schema08_0380.npz,examples/sted_blank_composites_training_v1_schema08/sted_blank_composites_training_v1_schema08_0380.json,synthetic_sted_3d_morphology_0.8.0,fibras_morphology_scene_3d_0.8.0,synthetic_sted_training_v1_schema08_0380,img_c25e79b9bfb565174fe1,synthetic_background_train,train
sted_blank_composites_training_v1_schema08_0381,examples/sted_blank_composites_training_v1_schema08/sted_blank_composites_training_v1_schema08_0381.npz,examples/sted_blank_composites_training_v1_schema08/sted_blank_composites_training_v1_schema08_0381.json,synthetic_sted_3d_morphology_0.8.0,fibras_morphology_scene_3d_0.8.0,synthetic_sted_training_v1_schema08_0381,img_ca042c3dcfcf09035923,synthetic_background_train,train
sted_blank_composites_training_v1_schema08_0382,examples/sted_blank_composites_training_v1_schema08/sted_blank_composites_training_v1_schema08_0382.npz,examples/sted_blank_composites_training_v1_schema08/sted_blank_composites_training_v1_schema08_0382.json,synthetic_sted_3d_morphology_0.8.0,fibras_morphology_scene_3d_0.8.0,synthetic_sted_training_v1_schema08_0382,img_d0a41f4af32f4866497f,synthetic_background_train,train
sted_blank_composites_training_v1_schema08_0383,examples/sted_blank_composites_training_v1_schema08/sted_blank_composites_training_v1_schema08_0383.npz,examples/sted_blank_composites_training_v1_schema08/sted_blank_composites_training_v1_schema08_0383.json,synthetic_sted_3d_morphology_0.8.0,fibras_morphology_scene_3d_0.8.0,synthetic_sted_training_v1_schema08_0383,img_d3c239af23a085e0b4d8,synthetic_background_train,train
sted_blank_composites_training_v1_schema08_0384,examples/sted_blank_composites_training_v1_schema08/sted_blank_composites_training_v1_schema08_0384.npz,examples/sted_blank_composites_training_v1_schema08/sted_blank_composites_training_v1_schema08_0384.json,synthetic_sted_3d_morphology_0.8.0,fibras_morphology_scene_3d_0.8.0,synthetic_sted_training_v1_schema08_0384,img_d48ab8d2ac1026abfc85,synthetic_background_train,train
sted_blank_composites_training_v1_schema08_0385,examples/sted_blank_composites_training_v1_schema08/sted_blank_composites_training_v1_schema08_0385.npz,examples/sted_blank_composites_training_v1_schema08/sted_blank_composites_training_v1_schema08_0385.json,synthetic_sted_3d_morphology_0.8.0,fibras_morphology_scene_3d_0.8.0,synthetic_sted_training_v1_schema08_0385,img_e346ea478db12b518ac8,synthetic_background_train,train
sted_blank_composites_training_v1_schema08_0386,examples/sted_blank_composites_training_v1_schema08/sted_blank_composites_training_v1_schema08_0386.npz,examples/sted_blank_composites_training_v1_schema08/sted_blank_composites_training_v1_schema08_0386.json,synthetic_sted_3d_morphology_0.8.0,fibras_morphology_scene_3d_0.8.0,synthetic_sted_training_v1_schema08_0386,img_e365a76f42760dd466b9,synthetic_background_train,train
sted_blank_composites_training_v1_schema08_0387,examples/sted_blank_composites_training_v1_schema08/sted_blank_composites_training_v1_schema08_0387.npz,examples/sted_blank_composites_training_v1_schema08/sted_blank_composites_training_v1_schema08_0387.json,synthetic_sted_3d_morphology_0.8.0,fibras_morphology_scene_3d_0.8.0,synthetic_sted_training_v1_schema08_0387,img_e5db75d93a225639e3a4,synthetic_background_train,train
sted_blank_composites_training_v1_schema08_0388,examples/sted_blank_composites_training_v1_schema08/sted_blank_composites_training_v1_schema08_0388.npz,examples/sted_blank_composites_training_v1_schema08/sted_blank_composites_training_v1_schema08_0388.json,synthetic_sted_3d_morphology_0.8.0,fibras_morphology_scene_3d_0.8.0,synthetic_sted_training_v1_schema08_0388,img_e8891781fa88057f59f7,synthetic_background_train,train
sted_blank_composites_training_v1_schema08_0389,examples/sted_blank_composites_training_v1_schema08/sted_blank_composites_training_v1_schema08_0389.npz,examples/sted_blank_composites_training_v1_schema08/sted_blank_composites_training_v1_schema08_0389.json,synthetic_sted_3d_morphology_0.8.0,fibras_morphology_scene_3d_0.8.0,synthetic_sted_training_v1_schema08_0389,img_ee34a766ad48467dd7e1,synthetic_background_train,train
sted_blank_composites_training_v1_schema08_0390,examples/sted_blank_composites_training_v1_schema08/sted_blank_composites_training_v1_schema08_0390.npz,examples/sted_blank_composites_training_v1_schema08/sted_blank_composites_training_v1_schema08_0390.json,synthetic_sted_3d_morphology_0.8.0,fibras_morphology_scene_3d_0.8.0,synthetic_sted_training_v1_schema08_0390,img_eeb10bbc10a5ef3f859b,synthetic_background_train,train
sted_blank_composites_training_v1_schema08_0391,examples/sted_blank_composites_training_v1_schema08/sted_blank_composites_training_v1_schema08_0391.npz,examples/sted_blank_composites_training_v1_schema08/sted_blank_composites_training_v1_schema08_0391.json,synthetic_sted_3d_morphology_0.8.0,fibras_morphology_scene_3d_0.8.0,synthetic_sted_training_v1_schema08_0391,img_fe985fa79b4211834161,synthetic_background_train,train
sted_blank_composites_training_v1_schema08_0392,examples/sted_blank_composites_training_v1_schema08/sted_blank_composites_training_v1_schema08_0392.npz,examples/sted_blank_composites_training_v1_schema08/sted_blank_composites_training_v1_schema08_0392.json,synthetic_sted_3d_morphology_0.8.0,fibras_morphology_scene_3d_0.8.0,synthetic_sted_training_v1_schema08_0392,img_014d9d77d1d61fed189b,synthetic_background_train,train
sted_blank_composites_training_v1_schema08_0393,examples/sted_blank_composites_training_v1_schema08/sted_blank_composites_training_v1_schema08_0393.npz,examples/sted_blank_composites_training_v1_schema08/sted_blank_composites_training_v1_schema08_0393.json,synthetic_sted_3d_morphology_0.8.0,fibras_morphology_scene_3d_0.8.0,synthetic_sted_training_v1_schema08_0393,img_093eea09221a4db0ebec,synthetic_background_train,train
sted_blank_composites_training_v1_schema08_0394,examples/sted_blank_composites_training_v1_schema08/sted_blank_composites_training_v1_schema08_0394.npz,examples/sted_blank_composites_training_v1_schema08/sted_blank_composites_training_v1_schema08_0394.json,synthetic_sted_3d_morphology_0.8.0,fibras_morphology_scene_3d_0.8.0,synthetic_sted_training_v1_schema08_0394,img_0d1c01fd26080936f42b,synthetic_background_train,train
sted_blank_composites_training_v1_schema08_0395,examples/sted_blank_composites_training_v1_schema08/sted_blank_composites_training_v1_schema08_0395.npz,examples/sted_blank_composites_training_v1_schema08/sted_blank_composites_training_v1_schema08_0395.json,synthetic_sted_3d_morphology_0.8.0,fibras_morphology_scene_3d_0.8.0,synthetic_sted_training_v1_schema08_0395,img_0d4cd0a31114b105cf51,synthetic_background_train,train
sted_blank_composites_training_v1_schema08_0396,examples/sted_blank_composites_training_v1_schema08/sted_blank_composites_training_v1_schema08_0396.npz,examples/sted_blank_composites_training_v1_schema08/sted_blank_composites_training_v1_schema08_0396.json,synthetic_sted_3d_morphology_0.8.0,fibras_morphology_scene_3d_0.8.0,synthetic_sted_training_v1_schema08_0396,img_0edb6472854aea980f2a,synthetic_background_train,train
sted_blank_composites_training_v1_schema08_0397,examples/sted_blank_composites_training_v1_schema08/sted_blank_composites_training_v1_schema08_0397.npz,examples/sted_blank_composites_training_v1_schema08/sted_blank_composites_training_v1_schema08_0397.json,synthetic_sted_3d_morphology_0.8.0,fibras_morphology_scene_3d_0.8.0,synthetic_sted_training_v1_schema08_0397,img_1672f71f16b77dc4d642,synthetic_background_train,train
sted_blank_composites_training_v1_schema08_0398,examples/sted_blank_composites_training_v1_schema08/sted_blank_composites_training_v1_schema08_0398.npz,examples/sted_blank_composites_training_v1_schema08/sted_blank_composites_training_v1_schema08_0398.json,synthetic_sted_3d_morphology_0.8.0,fibras_morphology_scene_3d_0.8.0,synthetic_sted_training_v1_schema08_0398,img_178ab769e005e689ff6f,synthetic_background_train,train
sted_blank_composites_training_v1_schema08_0399,examples/sted_blank_composites_training_v1_schema08/sted_blank_composites_training_v1_schema08_0399.npz,examples/sted_blank_composites_training_v1_schema08/sted_blank_composites_training_v1_schema08_0399.json,synthetic_sted_3d_morphology_0.8.0,fibras_morphology_scene_3d_0.8.0,synthetic_sted_training_v1_schema08_0399,img_1ba419dc88931db47c8c,synthetic_background_train,train
sted_blank_composites_training_v1_schema08_0400,examples/sted_blank_composites_training_v1_schema08/sted_blank_composites_training_v1_schema08_0400.npz,examples/sted_blank_composites_training_v1_schema08/sted_blank_composites_training_v1_schema08_0400.json,synthetic_sted_3d_morphology_0.8.0,fibras_morphology_scene_3d_0.8.0,synthetic_sted_training_v1_schema08_0400,img_22a6ba5828c46f12f6e5,synthetic_background_train,train
sted_blank_composites_training_v1_schema08_0401,examples/sted_blank_composites_training_v1_schema08/sted_blank_composites_training_v1_schema08_0401.npz,examples/sted_blank_composites_training_v1_schema08/sted_blank_composites_training_v1_schema08_0401.json,synthetic_sted_3d_morphology_0.8.0,fibras_morphology_scene_3d_0.8.0,synthetic_sted_training_v1_schema08_0401,img_22b8bcb88a805b153993,synthetic_background_train,train
sted_blank_composites_training_v1_schema08_0402,examples/sted_blank_composites_training_v1_schema08/sted_blank_composites_training_v1_schema08_0402.npz,examples/sted_blank_composites_training_v1_schema08/sted_blank_composites_training_v1_schema08_0402.json,synthetic_sted_3d_morphology_0.8.0,fibras_morphology_scene_3d_0.8.0,synthetic_sted_training_v1_schema08_0402,img_2e9cc5effd6823d55d02,synthetic_background_train,train
sted_blank_composites_training_v1_schema08_0403,examples/sted_blank_composites_training_v1_schema08/sted_blank_composites_training_v1_schema08_0403.npz,examples/sted_blank_composites_training_v1_schema08/sted_blank_composites_training_v1_schema08_0403.json,synthetic_sted_3d_morphology_0.8.0,fibras_morphology_scene_3d_0.8.0,synthetic_sted_training_v1_schema08_0403,img_34d44dfa65b93f389f95,synthetic_background_train,train
sted_blank_composites_training_v1_schema08_0404,examples/sted_blank_composites_training_v1_schema08/sted_blank_composites_training_v1_schema08_0404.npz,examples/sted_blank_composites_training_v1_schema08/sted_blank_composites_training_v1_schema08_0404.json,synthetic_sted_3d_morphology_0.8.0,fibras_morphology_scene_3d_0.8.0,synthetic_sted_training_v1_schema08_0404,img_380582f92698aae8c505,synthetic_background_train,train
sted_blank_composites_training_v1_schema08_0405,examples/sted_blank_composites_training_v1_schema08/sted_blank_composites_training_v1_schema08_0405.npz,examples/sted_blank_composites_training_v1_schema08/sted_blank_composites_training_v1_schema08_0405.json,synthetic_sted_3d_morphology_0.8.0,fibras_morphology_scene_3d_0.8.0,synthetic_sted_training_v1_schema08_0405,img_3fcd76c473a770a81832,synthetic_background_train,train
sted_blank_composites_training_v1_schema08_0406,examples/sted_blank_composites_training_v1_schema08/sted_blank_composites_training_v1_schema08_0406.npz,examples/sted_blank_composites_training_v1_schema08/sted_blank_composites_training_v1_schema08_0406.json,synthetic_sted_3d_morphology_0.8.0,fibras_morphology_scene_3d_0.8.0,synthetic_sted_training_v1_schema08_0406,img_42e8d8a784a69489e580,synthetic_background_train,train
sted_blank_composites_training_v1_schema08_0407,examples/sted_blank_composites_training_v1_schema08/sted_blank_composites_training_v1_schema08_0407.npz,examples/sted_blank_composites_training_v1_schema08/sted_blank_composites_training_v1_schema08_0407.json,synthetic_sted_3d_morphology_0.8.0,fibras_morphology_scene_3d_0.8.0,synthetic_sted_training_v1_schema08_0407,img_43d0f384b07d7388d6db,synthetic_background_train,train
sted_blank_composites_training_v1_schema08_0408,examples/sted_blank_composites_training_v1_schema08/sted_blank_composites_training_v1_schema08_0408.npz,examples/sted_blank_composites_training_v1_schema08/sted_blank_composites_training_v1_schema08_0408.json,synthetic_sted_3d_morphology_0.8.0,fibras_morphology_scene_3d_0.8.0,synthetic_sted_training_v1_schema08_0408,img_44974790651d1b7badfa,synthetic_background_train,train
sted_blank_composites_training_v1_schema08_0409,examples/sted_blank_composites_training_v1_schema08/sted_blank_composites_training_v1_schema08_0409.npz,examples/sted_blank_composites_training_v1_schema08/sted_blank_composites_training_v1_schema08_0409.json,synthetic_sted_3d_morphology_0.8.0,fibras_morphology_scene_3d_0.8.0,synthetic_sted_training_v1_schema08_0409,img_4a12cb04c6ad4b44f7e4,synthetic_background_train,train
sted_blank_composites_training_v1_schema08_0410,examples/sted_blank_composites_training_v1_schema08/sted_blank_composites_training_v1_schema08_0410.npz,examples/sted_blank_composites_training_v1_schema08/sted_blank_composites_training_v1_schema08_0410.json,synthetic_sted_3d_morphology_0.8.0,fibras_morphology_scene_3d_0.8.0,synthetic_sted_training_v1_schema08_0410,img_4b1f1b0523dd6c73177c,synthetic_background_train,train
sted_blank_composites_training_v1_schema08_0411,examples/sted_blank_composites_training_v1_schema08/sted_blank_composites_training_v1_schema08_0411.npz,examples/sted_blank_composites_training_v1_schema08/sted_blank_composites_training_v1_schema08_0411.json,synthetic_sted_3d_morphology_0.8.0,fibras_morphology_scene_3d_0.8.0,synthetic_sted_training_v1_schema08_0411,img_4d5ab86fec7995e4762a,synthetic_background_train,train
sted_blank_composites_training_v1_schema08_0412,examples/sted_blank_composites_training_v1_schema08/sted_blank_composites_training_v1_schema08_0412.npz,examples/sted_blank_composites_training_v1_schema08/sted_blank_composites_training_v1_schema08_0412.json,synthetic_sted_3d_morphology_0.8.0,fibras_morphology_scene_3d_0.8.0,synthetic_sted_training_v1_schema08_0412,img_4ec66ad0f9ecacf25377,synthetic_background_train,train
sted_blank_composites_training_v1_schema08_0413,examples/sted_blank_composites_training_v1_schema08/sted_blank_composites_training_v1_schema08_0413.npz,examples/sted_blank_composites_training_v1_schema08/sted_blank_composites_training_v1_schema08_0413.json,synthetic_sted_3d_morphology_0.8.0,fibras_morphology_scene_3d_0.8.0,synthetic_sted_training_v1_schema08_0413,img_52fd567a6489c2ee806f,synthetic_background_train,train
sted_blank_composites_training_v1_schema08_0414,examples/sted_blank_composites_training_v1_schema08/sted_blank_composites_training_v1_schema08_0414.npz,examples/sted_blank_composites_training_v1_schema08/sted_blank_composites_training_v1_schema08_0414.json,synthetic_sted_3d_morphology_0.8.0,fibras_morphology_scene_3d_0.8.0,synthetic_sted_training_v1_schema08_0414,img_5882372f16349d4ccf22,synthetic_background_train,train
sted_blank_composites_training_v1_schema08_0415,examples/sted_blank_composites_training_v1_schema08/sted_blank_composites_training_v1_schema08_0415.npz,examples/sted_blank_composites_training_v1_schema08/sted_blank_composites_training_v1_schema08_0415.json,synthetic_sted_3d_morphology_0.8.0,fibras_morphology_scene_3d_0.8.0,synthetic_sted_training_v1_schema08_0415,img_5dde17f7235bd3b91b4e,synthetic_background_train,train
sted_blank_composites_training_v1_schema08_0416,examples/sted_blank_composites_training_v1_schema08/sted_blank_composites_training_v1_schema08_0416.npz,examples/sted_blank_composites_training_v1_schema08/sted_blank_composites_training_v1_schema08_0416.json,synthetic_sted_3d_morphology_0.8.0,fibras_morphology_scene_3d_0.8.0,synthetic_sted_training_v1_schema08_0416,img_6fcc906a6259240a019e,synthetic_background_train,train
sted_blank_composites_training_v1_schema08_0417,examples/sted_blank_composites_training_v1_schema08/sted_blank_composites_training_v1_schema08_0417.npz,examples/sted_blank_composites_training_v1_schema08/sted_blank_composites_training_v1_schema08_0417.json,synthetic_sted_3d_morphology_0.8.0,fibras_morphology_scene_3d_0.8.0,synthetic_sted_training_v1_schema08_0417,img_7902deec8b57c29e9a62,synthetic_background_train,train
sted_blank_composites_training_v1_schema08_0418,examples/sted_blank_composites_training_v1_schema08/sted_blank_composites_training_v1_schema08_0418.npz,examples/sted_blank_composites_training_v1_schema08/sted_blank_composites_training_v1_schema08_0418.json,synthetic_sted_3d_morphology_0.8.0,fibras_morphology_scene_3d_0.8.0,synthetic_sted_training_v1_schema08_0418,img_84c0549996fe08b21c59,synthetic_background_train,train
sted_blank_composites_training_v1_schema08_0419,examples/sted_blank_composites_training_v1_schema08/sted_blank_composites_training_v1_schema08_0419.npz,examples/sted_blank_composites_training_v1_schema08/sted_blank_composites_training_v1_schema08_0419.json,synthetic_sted_3d_morphology_0.8.0,fibras_morphology_scene_3d_0.8.0,synthetic_sted_training_v1_schema08_0419,img_85bd0416dfc971c6ce41,synthetic_background_train,train
sted_blank_composites_training_v1_schema08_0420,examples/sted_blank_composites_training_v1_schema08/sted_blank_composites_training_v1_schema08_0420.npz,examples/sted_blank_composites_training_v1_schema08/sted_blank_composites_training_v1_schema08_0420.json,synthetic_sted_3d_morphology_0.8.0,fibras_morphology_scene_3d_0.8.0,synthetic_sted_training_v1_schema08_0420,img_8ad7d07fa1daa0209cfb,synthetic_background_train,train
sted_blank_composites_training_v1_schema08_0421,examples/sted_blank_composites_training_v1_schema08/sted_blank_composites_training_v1_schema08_0421.npz,examples/sted_blank_composites_training_v1_schema08/sted_blank_composites_training_v1_schema08_0421.json,synthetic_sted_3d_morphology_0.8.0,fibras_morphology_scene_3d_0.8.0,synthetic_sted_training_v1_schema08_0421,img_908ed3f9b3c24e1d482b,synthetic_background_train,train
sted_blank_composites_training_v1_schema08_0422,examples/sted_blank_composites_training_v1_schema08/sted_blank_composites_training_v1_schema08_0422.npz,examples/sted_blank_composites_training_v1_schema08/sted_blank_composites_training_v1_schema08_0422.json,synthetic_sted_3d_morphology_0.8.0,fibras_morphology_scene_3d_0.8.0,synthetic_sted_training_v1_schema08_0422,img_9376400c90b45dd4f597,synthetic_background_train,train
sted_blank_composites_training_v1_schema08_0423,examples/sted_blank_composites_training_v1_schema08/sted_blank_composites_training_v1_schema08_0423.npz,examples/sted_blank_composites_training_v1_schema08/sted_blank_composites_training_v1_schema08_0423.json,synthetic_sted_3d_morphology_0.8.0,fibras_morphology_scene_3d_0.8.0,synthetic_sted_training_v1_schema08_0423,img_a423ba5191509d03f98b,synthetic_background_train,train
sted_blank_composites_training_v1_schema08_0424,examples/sted_blank_composites_training_v1_schema08/sted_blank_composites_training_v1_schema08_0424.npz,examples/sted_blank_composites_training_v1_schema08/sted_blank_composites_training_v1_schema08_0424.json,synthetic_sted_3d_morphology_0.8.0,fibras_morphology_scene_3d_0.8.0,synthetic_sted_training_v1_schema08_0424,img_a538de08cfa15ee606a9,synthetic_background_train,train
sted_blank_composites_training_v1_schema08_0425,examples/sted_blank_composites_training_v1_schema08/sted_blank_composites_training_v1_schema08_0425.npz,examples/sted_blank_composites_training_v1_schema08/sted_blank_composites_training_v1_schema08_0425.json,synthetic_sted_3d_morphology_0.8.0,fibras_morphology_scene_3d_0.8.0,synthetic_sted_training_v1_schema08_0425,img_ab8a5dd57e15fbe9d2e3,synthetic_background_train,train
sted_blank_composites_training_v1_schema08_0426,examples/sted_blank_composites_training_v1_schema08/sted_blank_composites_training_v1_schema08_0426.npz,examples/sted_blank_composites_training_v1_schema08/sted_blank_composites_training_v1_schema08_0426.json,synthetic_sted_3d_morphology_0.8.0,fibras_morphology_scene_3d_0.8.0,synthetic_sted_training_v1_schema08_0426,img_afedddc4a39035e55219,synthetic_background_train,train
sted_blank_composites_training_v1_schema08_0427,examples/sted_blank_composites_training_v1_schema08/sted_blank_composites_training_v1_schema08_0427.npz,examples/sted_blank_composites_training_v1_schema08/sted_blank_composites_training_v1_schema08_0427.json,synthetic_sted_3d_morphology_0.8.0,fibras_morphology_scene_3d_0.8.0,synthetic_sted_training_v1_schema08_0427,img_b1c587d8bfb662ed95c2,synthetic_background_train,train
sted_blank_composites_training_v1_schema08_0428,examples/sted_blank_composites_training_v1_schema08/sted_blank_composites_training_v1_schema08_0428.npz,examples/sted_blank_composites_training_v1_schema08/sted_blank_composites_training_v1_schema08_0428.json,synthetic_sted_3d_morphology_0.8.0,fibras_morphology_scene_3d_0.8.0,synthetic_sted_training_v1_schema08_0428,img_b2abcc150c16a6d7cca7,synthetic_background_train,train
sted_blank_composites_training_v1_schema08_0429,examples/sted_blank_composites_training_v1_schema08/sted_blank_composites_training_v1_schema08_0429.npz,examples/sted_blank_composites_training_v1_schema08/sted_blank_composites_training_v1_schema08_0429.json,synthetic_sted_3d_morphology_0.8.0,fibras_morphology_scene_3d_0.8.0,synthetic_sted_training_v1_schema08_0429,img_c25e79b9bfb565174fe1,synthetic_background_train,train
sted_blank_composites_training_v1_schema08_0430,examples/sted_blank_composites_training_v1_schema08/sted_blank_composites_training_v1_schema08_0430.npz,examples/sted_blank_composites_training_v1_schema08/sted_blank_composites_training_v1_schema08_0430.json,synthetic_sted_3d_morphology_0.8.0,fibras_morphology_scene_3d_0.8.0,synthetic_sted_training_v1_schema08_0430,img_ca042c3dcfcf09035923,synthetic_background_train,train
sted_blank_composites_training_v1_schema08_0431,examples/sted_blank_composites_training_v1_schema08/sted_blank_composites_training_v1_schema08_0431.npz,examples/sted_blank_composites_training_v1_schema08/sted_blank_composites_training_v1_schema08_0431.json,synthetic_sted_3d_morphology_0.8.0,fibras_morphology_scene_3d_0.8.0,synthetic_sted_training_v1_schema08_0431,img_d0a41f4af32f4866497f,synthetic_background_train,train
sted_blank_composites_training_v1_schema08_0432,examples/sted_blank_composites_training_v1_schema08/sted_blank_composites_training_v1_schema08_0432.npz,examples/sted_blank_composites_training_v1_schema08/sted_blank_composites_training_v1_schema08_0432.json,synthetic_sted_3d_morphology_0.8.0,fibras_morphology_scene_3d_0.8.0,synthetic_sted_training_v1_schema08_0432,img_d3c239af23a085e0b4d8,synthetic_background_train,train
sted_blank_composites_training_v1_schema08_0433,examples/sted_blank_composites_training_v1_schema08/sted_blank_composites_training_v1_schema08_0433.npz,examples/sted_blank_composites_training_v1_schema08/sted_blank_composites_training_v1_schema08_0433.json,synthetic_sted_3d_morphology_0.8.0,fibras_morphology_scene_3d_0.8.0,synthetic_sted_training_v1_schema08_0433,img_d48ab8d2ac1026abfc85,synthetic_background_train,train
sted_blank_composites_training_v1_schema08_0434,examples/sted_blank_composites_training_v1_schema08/sted_blank_composites_training_v1_schema08_0434.npz,examples/sted_blank_composites_training_v1_schema08/sted_blank_composites_training_v1_schema08_0434.json,synthetic_sted_3d_morphology_0.8.0,fibras_morphology_scene_3d_0.8.0,synthetic_sted_training_v1_schema08_0434,img_e346ea478db12b518ac8,synthetic_background_train,train
sted_blank_composites_training_v1_schema08_0435,examples/sted_blank_composites_training_v1_schema08/sted_blank_composites_training_v1_schema08_0435.npz,examples/sted_blank_composites_training_v1_schema08/sted_blank_composites_training_v1_schema08_0435.json,synthetic_sted_3d_morphology_0.8.0,fibras_morphology_scene_3d_0.8.0,synthetic_sted_training_v1_schema08_0435,img_e365a76f42760dd466b9,synthetic_background_train,train
sted_blank_composites_training_v1_schema08_0436,examples/sted_blank_composites_training_v1_schema08/sted_blank_composites_training_v1_schema08_0436.npz,examples/sted_blank_composites_training_v1_schema08/sted_blank_composites_training_v1_schema08_0436.json,synthetic_sted_3d_morphology_0.8.0,fibras_morphology_scene_3d_0.8.0,synthetic_sted_training_v1_schema08_0436,img_e5db75d93a225639e3a4,synthetic_background_train,train
sted_blank_composites_training_v1_schema08_0437,examples/sted_blank_composites_training_v1_schema08/sted_blank_composites_training_v1_schema08_0437.npz,examples/sted_blank_composites_training_v1_schema08/sted_blank_composites_training_v1_schema08_0437.json,synthetic_sted_3d_morphology_0.8.0,fibras_morphology_scene_3d_0.8.0,synthetic_sted_training_v1_schema08_0437,img_e8891781fa88057f59f7,synthetic_background_train,train
sted_blank_composites_training_v1_schema08_0438,examples/sted_blank_composites_training_v1_schema08/sted_blank_composites_training_v1_schema08_0438.npz,examples/sted_blank_composites_training_v1_schema08/sted_blank_composites_training_v1_schema08_0438.json,synthetic_sted_3d_morphology_0.8.0,fibras_morphology_scene_3d_0.8.0,synthetic_sted_training_v1_schema08_0438,img_ee34a766ad48467dd7e1,synthetic_background_train,train
sted_blank_composites_training_v1_schema08_0439,examples/sted_blank_composites_training_v1_schema08/sted_blank_composites_training_v1_schema08_0439.npz,examples/sted_blank_composites_training_v1_schema08/sted_blank_composites_training_v1_schema08_0439.json,synthetic_sted_3d_morphology_0.8.0,fibras_morphology_scene_3d_0.8.0,synthetic_sted_training_v1_schema08_0439,img_eeb10bbc10a5ef3f859b,synthetic_background_train,train
sted_blank_composites_training_v1_schema08_0440,examples/sted_blank_composites_training_v1_schema08/sted_blank_composites_training_v1_schema08_0440.npz,examples/sted_blank_composites_training_v1_schema08/sted_blank_composites_training_v1_schema08_0440.json,synthetic_sted_3d_morphology_0.8.0,fibras_morphology_scene_3d_0.8.0,synthetic_sted_training_v1_schema08_0440,img_fe985fa79b4211834161,synthetic_background_train,train
sted_blank_composites_training_v1_schema08_0441,examples/sted_blank_composites_training_v1_schema08/sted_blank_composites_training_v1_schema08_0441.npz,examples/sted_blank_composites_training_v1_schema08/sted_blank_composites_training_v1_schema08_0441.json,synthetic_sted_3d_morphology_0.8.0,fibras_morphology_scene_3d_0.8.0,synthetic_sted_training_v1_schema08_0441,img_014d9d77d1d61fed189b,synthetic_background_train,train
sted_blank_composites_training_v1_schema08_0442,examples/sted_blank_composites_training_v1_schema08/sted_blank_composites_training_v1_schema08_0442.npz,examples/sted_blank_composites_training_v1_schema08/sted_blank_composites_training_v1_schema08_0442.json,synthetic_sted_3d_morphology_0.8.0,fibras_morphology_scene_3d_0.8.0,synthetic_sted_training_v1_schema08_0442,img_093eea09221a4db0ebec,synthetic_background_train,train
sted_blank_composites_training_v1_schema08_0443,examples/sted_blank_composites_training_v1_schema08/sted_blank_composites_training_v1_schema08_0443.npz,examples/sted_blank_composites_training_v1_schema08/sted_blank_composites_training_v1_schema08_0443.json,synthetic_sted_3d_morphology_0.8.0,fibras_morphology_scene_3d_0.8.0,synthetic_sted_training_v1_schema08_0443,img_0d1c01fd26080936f42b,synthetic_background_train,train
sted_blank_composites_training_v1_schema08_0444,examples/sted_blank_composites_training_v1_schema08/sted_blank_composites_training_v1_schema08_0444.npz,examples/sted_blank_composites_training_v1_schema08/sted_blank_composites_training_v1_schema08_0444.json,synthetic_sted_3d_morphology_0.8.0,fibras_morphology_scene_3d_0.8.0,synthetic_sted_training_v1_schema08_0444,img_0d4cd0a31114b105cf51,synthetic_background_train,train
sted_blank_composites_training_v1_schema08_0445,examples/sted_blank_composites_training_v1_schema08/sted_blank_composites_training_v1_schema08_0445.npz,examples/sted_blank_composites_training_v1_schema08/sted_blank_composites_training_v1_schema08_0445.json,synthetic_sted_3d_morphology_0.8.0,fibras_morphology_scene_3d_0.8.0,synthetic_sted_training_v1_schema08_0445,img_0edb6472854aea980f2a,synthetic_background_train,train
sted_blank_composites_training_v1_schema08_0446,examples/sted_blank_composites_training_v1_schema08/sted_blank_composites_training_v1_schema08_0446.npz,examples/sted_blank_composites_training_v1_schema08/sted_blank_composites_training_v1_schema08_0446.json,synthetic_sted_3d_morphology_0.8.0,fibras_morphology_scene_3d_0.8.0,synthetic_sted_training_v1_schema08_0446,img_1672f71f16b77dc4d642,synthetic_background_train,train
sted_blank_composites_training_v1_schema08_0447,examples/sted_blank_composites_training_v1_schema08/sted_blank_composites_training_v1_schema08_0447.npz,examples/sted_blank_composites_training_v1_schema08/sted_blank_composites_training_v1_schema08_0447.json,synthetic_sted_3d_morphology_0.8.0,fibras_morphology_scene_3d_0.8.0,synthetic_sted_training_v1_schema08_0447,img_178ab769e005e689ff6f,synthetic_background_train,train
sted_blank_composites_training_v1_schema08_0448,examples/sted_blank_composites_training_v1_schema08/sted_blank_composites_training_v1_schema08_0448.npz,examples/sted_blank_composites_training_v1_schema08/sted_blank_composites_training_v1_schema08_0448.json,synthetic_sted_3d_morphology_0.8.0,fibras_morphology_scene_3d_0.8.0,synthetic_sted_training_v1_schema08_0448,img_1ba419dc88931db47c8c,synthetic_background_train,train
sted_blank_composites_training_v1_schema08_0449,examples/sted_blank_composites_training_v1_schema08/sted_blank_composites_training_v1_schema08_0449.npz,examples/sted_blank_composites_training_v1_schema08/sted_blank_composites_training_v1_schema08_0449.json,synthetic_sted_3d_morphology_0.8.0,fibras_morphology_scene_3d_0.8.0,synthetic_sted_training_v1_schema08_0449,img_22a6ba5828c46f12f6e5,synthetic_background_train,train
sted_blank_composites_training_v1_schema08_0450,examples/sted_blank_composites_training_v1_schema08/sted_blank_composites_training_v1_schema08_0450.npz,examples/sted_blank_composites_training_v1_schema08/sted_blank_composites_training_v1_schema08_0450.json,synthetic_sted_3d_morphology_0.8.0,fibras_morphology_scene_3d_0.8.0,synthetic_sted_training_v1_schema08_0450,img_22b8bcb88a805b153993,synthetic_background_train,train
sted_blank_composites_training_v1_schema08_0451,examples/sted_blank_composites_training_v1_schema08/sted_blank_composites_training_v1_schema08_0451.npz,examples/sted_blank_composites_training_v1_schema08/sted_blank_composites_training_v1_schema08_0451.json,synthetic_sted_3d_morphology_0.8.0,fibras_morphology_scene_3d_0.8.0,synthetic_sted_training_v1_schema08_0451,img_2e9cc5effd6823d55d02,synthetic_background_train,train
sted_blank_composites_training_v1_schema08_0452,examples/sted_blank_composites_training_v1_schema08/sted_blank_composites_training_v1_schema08_0452.npz,examples/sted_blank_composites_training_v1_schema08/sted_blank_composites_training_v1_schema08_0452.json,synthetic_sted_3d_morphology_0.8.0,fibras_morphology_scene_3d_0.8.0,synthetic_sted_training_v1_schema08_0452,img_34d44dfa65b93f389f95,synthetic_background_train,train
sted_blank_composites_training_v1_schema08_0453,examples/sted_blank_composites_training_v1_schema08/sted_blank_composites_training_v1_schema08_0453.npz,examples/sted_blank_composites_training_v1_schema08/sted_blank_composites_training_v1_schema08_0453.json,synthetic_sted_3d_morphology_0.8.0,fibras_morphology_scene_3d_0.8.0,synthetic_sted_training_v1_schema08_0453,img_380582f92698aae8c505,synthetic_background_train,train
sted_blank_composites_training_v1_schema08_0454,examples/sted_blank_composites_training_v1_schema08/sted_blank_composites_training_v1_schema08_0454.npz,examples/sted_blank_composites_training_v1_schema08/sted_blank_composites_training_v1_schema08_0454.json,synthetic_sted_3d_morphology_0.8.0,fibras_morphology_scene_3d_0.8.0,synthetic_sted_training_v1_schema08_0454,img_3fcd76c473a770a81832,synthetic_background_train,train
sted_blank_composites_training_v1_schema08_0455,examples/sted_blank_composites_training_v1_schema08/sted_blank_composites_training_v1_schema08_0455.npz,examples/sted_blank_composites_training_v1_schema08/sted_blank_composites_training_v1_schema08_0455.json,synthetic_sted_3d_morphology_0.8.0,fibras_morphology_scene_3d_0.8.0,synthetic_sted_training_v1_schema08_0455,img_42e8d8a784a69489e580,synthetic_background_train,train
sted_blank_composites_training_v1_schema08_0456,examples/sted_blank_composites_training_v1_schema08/sted_blank_composites_training_v1_schema08_0456.npz,examples/sted_blank_composites_training_v1_schema08/sted_blank_composites_training_v1_schema08_0456.json,synthetic_sted_3d_morphology_0.8.0,fibras_morphology_scene_3d_0.8.0,synthetic_sted_training_v1_schema08_0456,img_43d0f384b07d7388d6db,synthetic_background_train,train
sted_blank_composites_training_v1_schema08_0457,examples/sted_blank_composites_training_v1_schema08/sted_blank_composites_training_v1_schema08_0457.npz,examples/sted_blank_composites_training_v1_schema08/sted_blank_composites_training_v1_schema08_0457.json,synthetic_sted_3d_morphology_0.8.0,fibras_morphology_scene_3d_0.8.0,synthetic_sted_training_v1_schema08_0457,img_44974790651d1b7badfa,synthetic_background_train,train
sted_blank_composites_training_v1_schema08_0458,examples/sted_blank_composites_training_v1_schema08/sted_blank_composites_training_v1_schema08_0458.npz,examples/sted_blank_composites_training_v1_schema08/sted_blank_composites_training_v1_schema08_0458.json,synthetic_sted_3d_morphology_0.8.0,fibras_morphology_scene_3d_0.8.0,synthetic_sted_training_v1_schema08_0458,img_4a12cb04c6ad4b44f7e4,synthetic_background_train,train
sted_blank_composites_training_v1_schema08_0459,examples/sted_blank_composites_training_v1_schema08/sted_blank_composites_training_v1_schema08_0459.npz,examples/sted_blank_composites_training_v1_schema08/sted_blank_composites_training_v1_schema08_0459.json,synthetic_sted_3d_morphology_0.8.0,fibras_morphology_scene_3d_0.8.0,synthetic_sted_training_v1_schema08_0459,img_4b1f1b0523dd6c73177c,synthetic_background_train,train
sted_blank_composites_training_v1_schema08_0460,examples/sted_blank_composites_training_v1_schema08/sted_blank_composites_training_v1_schema08_0460.npz,examples/sted_blank_composites_training_v1_schema08/sted_blank_composites_training_v1_schema08_0460.json,synthetic_sted_3d_morphology_0.8.0,fibras_morphology_scene_3d_0.8.0,synthetic_sted_training_v1_schema08_0460,img_4d5ab86fec7995e4762a,synthetic_background_train,train
sted_blank_composites_training_v1_schema08_0461,examples/sted_blank_composites_training_v1_schema08/sted_blank_composites_training_v1_schema08_0461.npz,examples/sted_blank_composites_training_v1_schema08/sted_blank_composites_training_v1_schema08_0461.json,synthetic_sted_3d_morphology_0.8.0,fibras_morphology_scene_3d_0.8.0,synthetic_sted_training_v1_schema08_0461,img_4ec66ad0f9ecacf25377,synthetic_background_train,train
sted_blank_composites_training_v1_schema08_0462,examples/sted_blank_composites_training_v1_schema08/sted_blank_composites_training_v1_schema08_0462.npz,examples/sted_blank_composites_training_v1_schema08/sted_blank_composites_training_v1_schema08_0462.json,synthetic_sted_3d_morphology_0.8.0,fibras_morphology_scene_3d_0.8.0,synthetic_sted_training_v1_schema08_0462,img_52fd567a6489c2ee806f,synthetic_background_train,train
sted_blank_composites_training_v1_schema08_0463,examples/sted_blank_composites_training_v1_schema08/sted_blank_composites_training_v1_schema08_0463.npz,examples/sted_blank_composites_training_v1_schema08/sted_blank_composites_training_v1_schema08_0463.json,synthetic_sted_3d_morphology_0.8.0,fibras_morphology_scene_3d_0.8.0,synthetic_sted_training_v1_schema08_0463,img_5882372f16349d4ccf22,synthetic_background_train,train
sted_blank_composites_training_v1_schema08_0464,examples/sted_blank_composites_training_v1_schema08/sted_blank_composites_training_v1_schema08_0464.npz,examples/sted_blank_composites_training_v1_schema08/sted_blank_composites_training_v1_schema08_0464.json,synthetic_sted_3d_morphology_0.8.0,fibras_morphology_scene_3d_0.8.0,synthetic_sted_training_v1_schema08_0464,img_5dde17f7235bd3b91b4e,synthetic_background_train,train
sted_blank_composites_training_v1_schema08_0465,examples/sted_blank_composites_training_v1_schema08/sted_blank_composites_training_v1_schema08_0465.npz,examples/sted_blank_composites_training_v1_schema08/sted_blank_composites_training_v1_schema08_0465.json,synthetic_sted_3d_morphology_0.8.0,fibras_morphology_scene_3d_0.8.0,synthetic_sted_training_v1_schema08_0465,img_6fcc906a6259240a019e,synthetic_background_train,train
sted_blank_composites_training_v1_schema08_0466,examples/sted_blank_composites_training_v1_schema08/sted_blank_composites_training_v1_schema08_0466.npz,examples/sted_blank_composites_training_v1_schema08/sted_blank_composites_training_v1_schema08_0466.json,synthetic_sted_3d_morphology_0.8.0,fibras_morphology_scene_3d_0.8.0,synthetic_sted_training_v1_schema08_0466,img_7902deec8b57c29e9a62,synthetic_background_train,train
sted_blank_composites_training_v1_schema08_0467,examples/sted_blank_composites_training_v1_schema08/sted_blank_composites_training_v1_schema08_0467.npz,examples/sted_blank_composites_training_v1_schema08/sted_blank_composites_training_v1_schema08_0467.json,synthetic_sted_3d_morphology_0.8.0,fibras_morphology_scene_3d_0.8.0,synthetic_sted_training_v1_schema08_0467,img_84c0549996fe08b21c59,synthetic_background_train,train
sted_blank_composites_training_v1_schema08_0468,examples/sted_blank_composites_training_v1_schema08/sted_blank_composites_training_v1_schema08_0468.npz,examples/sted_blank_composites_training_v1_schema08/sted_blank_composites_training_v1_schema08_0468.json,synthetic_sted_3d_morphology_0.8.0,fibras_morphology_scene_3d_0.8.0,synthetic_sted_training_v1_schema08_0468,img_85bd0416dfc971c6ce41,synthetic_background_train,train
sted_blank_composites_training_v1_schema08_0469,examples/sted_blank_composites_training_v1_schema08/sted_blank_composites_training_v1_schema08_0469.npz,examples/sted_blank_composites_training_v1_schema08/sted_blank_composites_training_v1_schema08_0469.json,synthetic_sted_3d_morphology_0.8.0,fibras_morphology_scene_3d_0.8.0,synthetic_sted_training_v1_schema08_0469,img_8ad7d07fa1daa0209cfb,synthetic_background_train,train
sted_blank_composites_training_v1_schema08_0470,examples/sted_blank_composites_training_v1_schema08/sted_blank_composites_training_v1_schema08_0470.npz,examples/sted_blank_composites_training_v1_schema08/sted_blank_composites_training_v1_schema08_0470.json,synthetic_sted_3d_morphology_0.8.0,fibras_morphology_scene_3d_0.8.0,synthetic_sted_training_v1_schema08_0470,img_908ed3f9b3c24e1d482b,synthetic_background_train,train
sted_blank_composites_training_v1_schema08_0471,examples/sted_blank_composites_training_v1_schema08/sted_blank_composites_training_v1_schema08_0471.npz,examples/sted_blank_composites_training_v1_schema08/sted_blank_composites_training_v1_schema08_0471.json,synthetic_sted_3d_morphology_0.8.0,fibras_morphology_scene_3d_0.8.0,synthetic_sted_training_v1_schema08_0471,img_9376400c90b45dd4f597,synthetic_background_train,train
sted_blank_composites_training_v1_schema08_0472,examples/sted_blank_composites_training_v1_schema08/sted_blank_composites_training_v1_schema08_0472.npz,examples/sted_blank_composites_training_v1_schema08/sted_blank_composites_training_v1_schema08_0472.json,synthetic_sted_3d_morphology_0.8.0,fibras_morphology_scene_3d_0.8.0,synthetic_sted_training_v1_schema08_0472,img_a423ba5191509d03f98b,synthetic_background_train,train
sted_blank_composites_training_v1_schema08_0473,examples/sted_blank_composites_training_v1_schema08/sted_blank_composites_training_v1_schema08_0473.npz,examples/sted_blank_composites_training_v1_schema08/sted_blank_composites_training_v1_schema08_0473.json,synthetic_sted_3d_morphology_0.8.0,fibras_morphology_scene_3d_0.8.0,synthetic_sted_training_v1_schema08_0473,img_a538de08cfa15ee606a9,synthetic_background_train,train
sted_blank_composites_training_v1_schema08_0474,examples/sted_blank_composites_training_v1_schema08/sted_blank_composites_training_v1_schema08_0474.npz,examples/sted_blank_composites_training_v1_schema08/sted_blank_composites_training_v1_schema08_0474.json,synthetic_sted_3d_morphology_0.8.0,fibras_morphology_scene_3d_0.8.0,synthetic_sted_training_v1_schema08_0474,img_ab8a5dd57e15fbe9d2e3,synthetic_background_train,train
sted_blank_composites_training_v1_schema08_0475,examples/sted_blank_composites_training_v1_schema08/sted_blank_composites_training_v1_schema08_0475.npz,examples/sted_blank_composites_training_v1_schema08/sted_blank_composites_training_v1_schema08_0475.json,synthetic_sted_3d_morphology_0.8.0,fibras_morphology_scene_3d_0.8.0,synthetic_sted_training_v1_schema08_0475,img_afedddc4a39035e55219,synthetic_background_train,train
sted_blank_composites_training_v1_schema08_0476,examples/sted_blank_composites_training_v1_schema08/sted_blank_composites_training_v1_schema08_0476.npz,examples/sted_blank_composites_training_v1_schema08/sted_blank_composites_training_v1_schema08_0476.json,synthetic_sted_3d_morphology_0.8.0,fibras_morphology_scene_3d_0.8.0,synthetic_sted_training_v1_schema08_0476,img_b1c587d8bfb662ed95c2,synthetic_background_train,train
sted_blank_composites_training_v1_schema08_0477,examples/sted_blank_composites_training_v1_schema08/sted_blank_composites_training_v1_schema08_0477.npz,examples/sted_blank_composites_training_v1_schema08/sted_blank_composites_training_v1_schema08_0477.json,synthetic_sted_3d_morphology_0.8.0,fibras_morphology_scene_3d_0.8.0,synthetic_sted_training_v1_schema08_0477,img_b2abcc150c16a6d7cca7,synthetic_background_train,train
sted_blank_composites_training_v1_schema08_0478,examples/sted_blank_composites_training_v1_schema08/sted_blank_composites_training_v1_schema08_0478.npz,examples/sted_blank_composites_training_v1_schema08/sted_blank_composites_training_v1_schema08_0478.json,synthetic_sted_3d_morphology_0.8.0,fibras_morphology_scene_3d_0.8.0,synthetic_sted_training_v1_schema08_0478,img_c25e79b9bfb565174fe1,synthetic_background_train,train
sted_blank_composites_training_v1_schema08_0479,examples/sted_blank_composites_training_v1_schema08/sted_blank_composites_training_v1_schema08_0479.npz,examples/sted_blank_composites_training_v1_schema08/sted_blank_composites_training_v1_schema08_0479.json,synthetic_sted_3d_morphology_0.8.0,fibras_morphology_scene_3d_0.8.0,synthetic_sted_training_v1_schema08_0479,img_ca042c3dcfcf09035923,synthetic_background_train,train
sted_blank_composites_training_v1_schema08_0480,examples/sted_blank_composites_training_v1_schema08/sted_blank_composites_training_v1_schema08_0480.npz,examples/sted_blank_composites_training_v1_schema08/sted_blank_composites_training_v1_schema08_0480.json,synthetic_sted_3d_morphology_0.8.0,fibras_morphology_scene_3d_0.8.0,synthetic_sted_training_v1_schema08_0480,img_d0a41f4af32f4866497f,synthetic_background_train,train
sted_blank_composites_training_v1_schema08_0481,examples/sted_blank_composites_training_v1_schema08/sted_blank_composites_training_v1_schema08_0481.npz,examples/sted_blank_composites_training_v1_schema08/sted_blank_composites_training_v1_schema08_0481.json,synthetic_sted_3d_morphology_0.8.0,fibras_morphology_scene_3d_0.8.0,synthetic_sted_training_v1_schema08_0481,img_d3c239af23a085e0b4d8,synthetic_background_train,train
sted_blank_composites_training_v1_schema08_0482,examples/sted_blank_composites_training_v1_schema08/sted_blank_composites_training_v1_schema08_0482.npz,examples/sted_blank_composites_training_v1_schema08/sted_blank_composites_training_v1_schema08_0482.json,synthetic_sted_3d_morphology_0.8.0,fibras_morphology_scene_3d_0.8.0,synthetic_sted_training_v1_schema08_0482,img_d48ab8d2ac1026abfc85,synthetic_background_train,train
sted_blank_composites_training_v1_schema08_0483,examples/sted_blank_composites_training_v1_schema08/sted_blank_composites_training_v1_schema08_0483.npz,examples/sted_blank_composites_training_v1_schema08/sted_blank_composites_training_v1_schema08_0483.json,synthetic_sted_3d_morphology_0.8.0,fibras_morphology_scene_3d_0.8.0,synthetic_sted_training_v1_schema08_0483,img_e346ea478db12b518ac8,synthetic_background_train,train
sted_blank_composites_training_v1_schema08_0484,examples/sted_blank_composites_training_v1_schema08/sted_blank_composites_training_v1_schema08_0484.npz,examples/sted_blank_composites_training_v1_schema08/sted_blank_composites_training_v1_schema08_0484.json,synthetic_sted_3d_morphology_0.8.0,fibras_morphology_scene_3d_0.8.0,synthetic_sted_training_v1_schema08_0484,img_e365a76f42760dd466b9,synthetic_background_train,train
sted_blank_composites_training_v1_schema08_0485,examples/sted_blank_composites_training_v1_schema08/sted_blank_composites_training_v1_schema08_0485.npz,examples/sted_blank_composites_training_v1_schema08/sted_blank_composites_training_v1_schema08_0485.json,synthetic_sted_3d_morphology_0.8.0,fibras_morphology_scene_3d_0.8.0,synthetic_sted_training_v1_schema08_0485,img_e5db75d93a225639e3a4,synthetic_background_train,train
sted_blank_composites_training_v1_schema08_0486,examples/sted_blank_composites_training_v1_schema08/sted_blank_composites_training_v1_schema08_0486.npz,examples/sted_blank_composites_training_v1_schema08/sted_blank_composites_training_v1_schema08_0486.json,synthetic_sted_3d_morphology_0.8.0,fibras_morphology_scene_3d_0.8.0,synthetic_sted_training_v1_schema08_0486,img_e8891781fa88057f59f7,synthetic_background_train,train
sted_blank_composites_training_v1_schema08_0487,examples/sted_blank_composites_training_v1_schema08/sted_blank_composites_training_v1_schema08_0487.npz,examples/sted_blank_composites_training_v1_schema08/sted_blank_composites_training_v1_schema08_0487.json,synthetic_sted_3d_morphology_0.8.0,fibras_morphology_scene_3d_0.8.0,synthetic_sted_training_v1_schema08_0487,img_ee34a766ad48467dd7e1,synthetic_background_train,train
sted_blank_composites_training_v1_schema08_0488,examples/sted_blank_composites_training_v1_schema08/sted_blank_composites_training_v1_schema08_0488.npz,examples/sted_blank_composites_training_v1_schema08/sted_blank_composites_training_v1_schema08_0488.json,synthetic_sted_3d_morphology_0.8.0,fibras_morphology_scene_3d_0.8.0,synthetic_sted_training_v1_schema08_0488,img_eeb10bbc10a5ef3f859b,synthetic_background_train,train
sted_blank_composites_training_v1_schema08_0489,examples/sted_blank_composites_training_v1_schema08/sted_blank_composites_training_v1_schema08_0489.npz,examples/sted_blank_composites_training_v1_schema08/sted_blank_composites_training_v1_schema08_0489.json,synthetic_sted_3d_morphology_0.8.0,fibras_morphology_scene_3d_0.8.0,synthetic_sted_training_v1_schema08_0489,img_fe985fa79b4211834161,synthetic_background_train,train
sted_blank_composites_training_v1_schema08_0490,examples/sted_blank_composites_training_v1_schema08/sted_blank_composites_training_v1_schema08_0490.npz,examples/sted_blank_composites_training_v1_schema08/sted_blank_composites_training_v1_schema08_0490.json,synthetic_sted_3d_morphology_0.8.0,fibras_morphology_scene_3d_0.8.0,synthetic_sted_training_v1_schema08_0490,img_014d9d77d1d61fed189b,synthetic_background_train,train
sted_blank_composites_training_v1_schema08_0491,examples/sted_blank_composites_training_v1_schema08/sted_blank_composites_training_v1_schema08_0491.npz,examples/sted_blank_composites_training_v1_schema08/sted_blank_composites_training_v1_schema08_0491.json,synthetic_sted_3d_morphology_0.8.0,fibras_morphology_scene_3d_0.8.0,synthetic_sted_training_v1_schema08_0491,img_093eea09221a4db0ebec,synthetic_background_train,train
sted_blank_composites_training_v1_schema08_0492,examples/sted_blank_composites_training_v1_schema08/sted_blank_composites_training_v1_schema08_0492.npz,examples/sted_blank_composites_training_v1_schema08/sted_blank_composites_training_v1_schema08_0492.json,synthetic_sted_3d_morphology_0.8.0,fibras_morphology_scene_3d_0.8.0,synthetic_sted_training_v1_schema08_0492,img_0d1c01fd26080936f42b,synthetic_background_train,train
sted_blank_composites_training_v1_schema08_0493,examples/sted_blank_composites_training_v1_schema08/sted_blank_composites_training_v1_schema08_0493.npz,examples/sted_blank_composites_training_v1_schema08/sted_blank_composites_training_v1_schema08_0493.json,synthetic_sted_3d_morphology_0.8.0,fibras_morphology_scene_3d_0.8.0,synthetic_sted_training_v1_schema08_0493,img_0d4cd0a31114b105cf51,synthetic_background_train,train
sted_blank_composites_training_v1_schema08_0494,examples/sted_blank_composites_training_v1_schema08/sted_blank_composites_training_v1_schema08_0494.npz,examples/sted_blank_composites_training_v1_schema08/sted_blank_composites_training_v1_schema08_0494.json,synthetic_sted_3d_morphology_0.8.0,fibras_morphology_scene_3d_0.8.0,synthetic_sted_training_v1_schema08_0494,img_0edb6472854aea980f2a,synthetic_background_train,train
sted_blank_composites_training_v1_schema08_0495,examples/sted_blank_composites_training_v1_schema08/sted_blank_composites_training_v1_schema08_0495.npz,examples/sted_blank_composites_training_v1_schema08/sted_blank_composites_training_v1_schema08_0495.json,synthetic_sted_3d_morphology_0.8.0,fibras_morphology_scene_3d_0.8.0,synthetic_sted_training_v1_schema08_0495,img_1672f71f16b77dc4d642,synthetic_background_train,train
sted_blank_composites_training_v1_schema08_0496,examples/sted_blank_composites_training_v1_schema08/sted_blank_composites_training_v1_schema08_0496.npz,examples/sted_blank_composites_training_v1_schema08/sted_blank_composites_training_v1_schema08_0496.json,synthetic_sted_3d_morphology_0.8.0,fibras_morphology_scene_3d_0.8.0,synthetic_sted_training_v1_schema08_0496,img_178ab769e005e689ff6f,synthetic_background_train,train
sted_blank_composites_training_v1_schema08_0497,examples/sted_blank_composites_training_v1_schema08/sted_blank_composites_training_v1_schema08_0497.npz,examples/sted_blank_composites_training_v1_schema08/sted_blank_composites_training_v1_schema08_0497.json,synthetic_sted_3d_morphology_0.8.0,fibras_morphology_scene_3d_0.8.0,synthetic_sted_training_v1_schema08_0497,img_1ba419dc88931db47c8c,synthetic_background_train,train
sted_blank_composites_training_v1_schema08_0498,examples/sted_blank_composites_training_v1_schema08/sted_blank_composites_training_v1_schema08_0498.npz,examples/sted_blank_composites_training_v1_schema08/sted_blank_composites_training_v1_schema08_0498.json,synthetic_sted_3d_morphology_0.8.0,fibras_morphology_scene_3d_0.8.0,synthetic_sted_training_v1_schema08_0498,img_22a6ba5828c46f12f6e5,synthetic_background_train,train
sted_blank_composites_training_v1_schema08_0499,examples/sted_blank_composites_training_v1_schema08/sted_blank_composites_training_v1_schema08_0499.npz,examples/sted_blank_composites_training_v1_schema08/sted_blank_composites_training_v1_schema08_0499.json,synthetic_sted_3d_morphology_0.8.0,fibras_morphology_scene_3d_0.8.0,synthetic_sted_training_v1_schema08_0499,img_22b8bcb88a805b153993,synthetic_background_train,train
sted_blank_composites_training_v1_schema08_0500,examples/sted_blank_composites_training_v1_schema08/sted_blank_composites_training_v1_schema08_0500.npz,examples/sted_blank_composites_training_v1_schema08/sted_blank_composites_training_v1_schema08_0500.json,synthetic_sted_3d_morphology_0.8.0,fibras_morphology_scene_3d_0.8.0,synthetic_sted_training_v1_schema08_0500,img_2e9cc5effd6823d55d02,synthetic_background_train,train
sted_blank_composites_training_v1_schema08_0501,examples/sted_blank_composites_training_v1_schema08/sted_blank_composites_training_v1_schema08_0501.npz,examples/sted_blank_composites_training_v1_schema08/sted_blank_composites_training_v1_schema08_0501.json,synthetic_sted_3d_morphology_0.8.0,fibras_morphology_scene_3d_0.8.0,synthetic_sted_training_v1_schema08_0501,img_34d44dfa65b93f389f95,synthetic_background_train,train
sted_blank_composites_training_v1_schema08_0502,examples/sted_blank_composites_training_v1_schema08/sted_blank_composites_training_v1_schema08_0502.npz,examples/sted_blank_composites_training_v1_schema08/sted_blank_composites_training_v1_schema08_0502.json,synthetic_sted_3d_morphology_0.8.0,fibras_morphology_scene_3d_0.8.0,synthetic_sted_training_v1_schema08_0502,img_380582f92698aae8c505,synthetic_background_train,train
sted_blank_composites_training_v1_schema08_0503,examples/sted_blank_composites_training_v1_schema08/sted_blank_composites_training_v1_schema08_0503.npz,examples/sted_blank_composites_training_v1_schema08/sted_blank_composites_training_v1_schema08_0503.json,synthetic_sted_3d_morphology_0.8.0,fibras_morphology_scene_3d_0.8.0,synthetic_sted_training_v1_schema08_0503,img_3fcd76c473a770a81832,synthetic_background_train,train
sted_blank_composites_training_v1_schema08_0504,examples/sted_blank_composites_training_v1_schema08/sted_blank_composites_training_v1_schema08_0504.npz,examples/sted_blank_composites_training_v1_schema08/sted_blank_composites_training_v1_schema08_0504.json,synthetic_sted_3d_morphology_0.8.0,fibras_morphology_scene_3d_0.8.0,synthetic_sted_training_v1_schema08_0504,img_42e8d8a784a69489e580,synthetic_background_train,train
sted_blank_composites_training_v1_schema08_0505,examples/sted_blank_composites_training_v1_schema08/sted_blank_composites_training_v1_schema08_0505.npz,examples/sted_blank_composites_training_v1_schema08/sted_blank_composites_training_v1_schema08_0505.json,synthetic_sted_3d_morphology_0.8.0,fibras_morphology_scene_3d_0.8.0,synthetic_sted_training_v1_schema08_0505,img_43d0f384b07d7388d6db,synthetic_background_train,train
sted_blank_composites_training_v1_schema08_0506,examples/sted_blank_composites_training_v1_schema08/sted_blank_composites_training_v1_schema08_0506.npz,examples/sted_blank_composites_training_v1_schema08/sted_blank_composites_training_v1_schema08_0506.json,synthetic_sted_3d_morphology_0.8.0,fibras_morphology_scene_3d_0.8.0,synthetic_sted_training_v1_schema08_0506,img_44974790651d1b7badfa,synthetic_background_train,train
sted_blank_composites_training_v1_schema08_0507,examples/sted_blank_composites_training_v1_schema08/sted_blank_composites_training_v1_schema08_0507.npz,examples/sted_blank_composites_training_v1_schema08/sted_blank_composites_training_v1_schema08_0507.json,synthetic_sted_3d_morphology_0.8.0,fibras_morphology_scene_3d_0.8.0,synthetic_sted_training_v1_schema08_0507,img_4a12cb04c6ad4b44f7e4,synthetic_background_train,train
sted_blank_composites_training_v1_schema08_0508,examples/sted_blank_composites_training_v1_schema08/sted_blank_composites_training_v1_schema08_0508.npz,examples/sted_blank_composites_training_v1_schema08/sted_blank_composites_training_v1_schema08_0508.json,synthetic_sted_3d_morphology_0.8.0,fibras_morphology_scene_3d_0.8.0,synthetic_sted_training_v1_schema08_0508,img_4b1f1b0523dd6c73177c,synthetic_background_train,train
sted_blank_composites_training_v1_schema08_0509,examples/sted_blank_composites_training_v1_schema08/sted_blank_composites_training_v1_schema08_0509.npz,examples/sted_blank_composites_training_v1_schema08/sted_blank_composites_training_v1_schema08_0509.json,synthetic_sted_3d_morphology_0.8.0,fibras_morphology_scene_3d_0.8.0,synthetic_sted_training_v1_schema08_0509,img_4d5ab86fec7995e4762a,synthetic_background_train,train
sted_blank_composites_training_v1_schema08_0510,examples/sted_blank_composites_training_v1_schema08/sted_blank_composites_training_v1_schema08_0510.npz,examples/sted_blank_composites_training_v1_schema08/sted_blank_composites_training_v1_schema08_0510.json,synthetic_sted_3d_morphology_0.8.0,fibras_morphology_scene_3d_0.8.0,synthetic_sted_training_v1_schema08_0510,img_4ec66ad0f9ecacf25377,synthetic_background_train,train
sted_blank_composites_training_v1_schema08_0511,examples/sted_blank_composites_training_v1_schema08/sted_blank_composites_training_v1_schema08_0511.npz,examples/sted_blank_composites_training_v1_schema08/sted_blank_composites_training_v1_schema08_0511.json,synthetic_sted_3d_morphology_0.8.0,fibras_morphology_scene_3d_0.8.0,synthetic_sted_training_v1_schema08_0511,img_52fd567a6489c2ee806f,synthetic_background_train,train
sted_blank_composites_training_v1_schema08_0512,examples/sted_blank_composites_training_v1_schema08/sted_blank_composites_training_v1_schema08_0512.npz,examples/sted_blank_composites_training_v1_schema08/sted_blank_composites_training_v1_schema08_0512.json,synthetic_sted_3d_morphology_0.8.0,fibras_morphology_scene_3d_0.8.0,synthetic_sted_training_v1_schema08_0512,img_5882372f16349d4ccf22,synthetic_background_train,validation
sted_blank_composites_training_v1_schema08_0513,examples/sted_blank_composites_training_v1_schema08/sted_blank_composites_training_v1_schema08_0513.npz,examples/sted_blank_composites_training_v1_schema08/sted_blank_composites_training_v1_schema08_0513.json,synthetic_sted_3d_morphology_0.8.0,fibras_morphology_scene_3d_0.8.0,synthetic_sted_training_v1_schema08_0513,img_5dde17f7235bd3b91b4e,synthetic_background_train,validation
sted_blank_composites_training_v1_schema08_0514,examples/sted_blank_composites_training_v1_schema08/sted_blank_composites_training_v1_schema08_0514.npz,examples/sted_blank_composites_training_v1_schema08/sted_blank_composites_training_v1_schema08_0514.json,synthetic_sted_3d_morphology_0.8.0,fibras_morphology_scene_3d_0.8.0,synthetic_sted_training_v1_schema08_0514,img_6fcc906a6259240a019e,synthetic_background_train,validation
sted_blank_composites_training_v1_schema08_0515,examples/sted_blank_composites_training_v1_schema08/sted_blank_composites_training_v1_schema08_0515.npz,examples/sted_blank_composites_training_v1_schema08/sted_blank_composites_training_v1_schema08_0515.json,synthetic_sted_3d_morphology_0.8.0,fibras_morphology_scene_3d_0.8.0,synthetic_sted_training_v1_schema08_0515,img_7902deec8b57c29e9a62,synthetic_background_train,validation
sted_blank_composites_training_v1_schema08_0516,examples/sted_blank_composites_training_v1_schema08/sted_blank_composites_training_v1_schema08_0516.npz,examples/sted_blank_composites_training_v1_schema08/sted_blank_composites_training_v1_schema08_0516.json,synthetic_sted_3d_morphology_0.8.0,fibras_morphology_scene_3d_0.8.0,synthetic_sted_training_v1_schema08_0516,img_84c0549996fe08b21c59,synthetic_background_train,validation
sted_blank_composites_training_v1_schema08_0517,examples/sted_blank_composites_training_v1_schema08/sted_blank_composites_training_v1_schema08_0517.npz,examples/sted_blank_composites_training_v1_schema08/sted_blank_composites_training_v1_schema08_0517.json,synthetic_sted_3d_morphology_0.8.0,fibras_morphology_scene_3d_0.8.0,synthetic_sted_training_v1_schema08_0517,img_85bd0416dfc971c6ce41,synthetic_background_train,validation
sted_blank_composites_training_v1_schema08_0518,examples/sted_blank_composites_training_v1_schema08/sted_blank_composites_training_v1_schema08_0518.npz,examples/sted_blank_composites_training_v1_schema08/sted_blank_composites_training_v1_schema08_0518.json,synthetic_sted_3d_morphology_0.8.0,fibras_morphology_scene_3d_0.8.0,synthetic_sted_training_v1_schema08_0518,img_8ad7d07fa1daa0209cfb,synthetic_background_train,validation
sted_blank_composites_training_v1_schema08_0519,examples/sted_blank_composites_training_v1_schema08/sted_blank_composites_training_v1_schema08_0519.npz,examples/sted_blank_composites_training_v1_schema08/sted_blank_composites_training_v1_schema08_0519.json,synthetic_sted_3d_morphology_0.8.0,fibras_morphology_scene_3d_0.8.0,synthetic_sted_training_v1_schema08_0519,img_908ed3f9b3c24e1d482b,synthetic_background_train,validation
sted_blank_composites_training_v1_schema08_0520,examples/sted_blank_composites_training_v1_schema08/sted_blank_composites_training_v1_schema08_0520.npz,examples/sted_blank_composites_training_v1_schema08/sted_blank_composites_training_v1_schema08_0520.json,synthetic_sted_3d_morphology_0.8.0,fibras_morphology_scene_3d_0.8.0,synthetic_sted_training_v1_schema08_0520,img_9376400c90b45dd4f597,synthetic_background_train,validation
sted_blank_composites_training_v1_schema08_0521,examples/sted_blank_composites_training_v1_schema08/sted_blank_composites_training_v1_schema08_0521.npz,examples/sted_blank_composites_training_v1_schema08/sted_blank_composites_training_v1_schema08_0521.json,synthetic_sted_3d_morphology_0.8.0,fibras_morphology_scene_3d_0.8.0,synthetic_sted_training_v1_schema08_0521,img_a423ba5191509d03f98b,synthetic_background_train,validation
sted_blank_composites_training_v1_schema08_0522,examples/sted_blank_composites_training_v1_schema08/sted_blank_composites_training_v1_schema08_0522.npz,examples/sted_blank_composites_training_v1_schema08/sted_blank_composites_training_v1_schema08_0522.json,synthetic_sted_3d_morphology_0.8.0,fibras_morphology_scene_3d_0.8.0,synthetic_sted_training_v1_schema08_0522,img_a538de08cfa15ee606a9,synthetic_background_train,validation
sted_blank_composites_training_v1_schema08_0523,examples/sted_blank_composites_training_v1_schema08/sted_blank_composites_training_v1_schema08_0523.npz,examples/sted_blank_composites_training_v1_schema08/sted_blank_composites_training_v1_schema08_0523.json,synthetic_sted_3d_morphology_0.8.0,fibras_morphology_scene_3d_0.8.0,synthetic_sted_training_v1_schema08_0523,img_ab8a5dd57e15fbe9d2e3,synthetic_background_train,validation
sted_blank_composites_training_v1_schema08_0524,examples/sted_blank_composites_training_v1_schema08/sted_blank_composites_training_v1_schema08_0524.npz,examples/sted_blank_composites_training_v1_schema08/sted_blank_composites_training_v1_schema08_0524.json,synthetic_sted_3d_morphology_0.8.0,fibras_morphology_scene_3d_0.8.0,synthetic_sted_training_v1_schema08_0524,img_afedddc4a39035e55219,synthetic_background_train,validation
sted_blank_composites_training_v1_schema08_0525,examples/sted_blank_composites_training_v1_schema08/sted_blank_composites_training_v1_schema08_0525.npz,examples/sted_blank_composites_training_v1_schema08/sted_blank_composites_training_v1_schema08_0525.json,synthetic_sted_3d_morphology_0.8.0,fibras_morphology_scene_3d_0.8.0,synthetic_sted_training_v1_schema08_0525,img_b1c587d8bfb662ed95c2,synthetic_background_train,validation
sted_blank_composites_training_v1_schema08_0526,examples/sted_blank_composites_training_v1_schema08/sted_blank_composites_training_v1_schema08_0526.npz,examples/sted_blank_composites_training_v1_schema08/sted_blank_composites_training_v1_schema08_0526.json,synthetic_sted_3d_morphology_0.8.0,fibras_morphology_scene_3d_0.8.0,synthetic_sted_training_v1_schema08_0526,img_b2abcc150c16a6d7cca7,synthetic_background_train,validation
sted_blank_composites_training_v1_schema08_0527,examples/sted_blank_composites_training_v1_schema08/sted_blank_composites_training_v1_schema08_0527.npz,examples/sted_blank_composites_training_v1_schema08/sted_blank_composites_training_v1_schema08_0527.json,synthetic_sted_3d_morphology_0.8.0,fibras_morphology_scene_3d_0.8.0,synthetic_sted_training_v1_schema08_0527,img_c25e79b9bfb565174fe1,synthetic_background_train,validation
sted_blank_composites_training_v1_schema08_0528,examples/sted_blank_composites_training_v1_schema08/sted_blank_composites_training_v1_schema08_0528.npz,examples/sted_blank_composites_training_v1_schema08/sted_blank_composites_training_v1_schema08_0528.json,synthetic_sted_3d_morphology_0.8.0,fibras_morphology_scene_3d_0.8.0,synthetic_sted_training_v1_schema08_0528,img_ca042c3dcfcf09035923,synthetic_background_train,validation
sted_blank_composites_training_v1_schema08_0529,examples/sted_blank_composites_training_v1_schema08/sted_blank_composites_training_v1_schema08_0529.npz,examples/sted_blank_composites_training_v1_schema08/sted_blank_composites_training_v1_schema08_0529.json,synthetic_sted_3d_morphology_0.8.0,fibras_morphology_scene_3d_0.8.0,synthetic_sted_training_v1_schema08_0529,img_d0a41f4af32f4866497f,synthetic_background_train,validation
sted_blank_composites_training_v1_schema08_0530,examples/sted_blank_composites_training_v1_schema08/sted_blank_composites_training_v1_schema08_0530.npz,examples/sted_blank_composites_training_v1_schema08/sted_blank_composites_training_v1_schema08_0530.json,synthetic_sted_3d_morphology_0.8.0,fibras_morphology_scene_3d_0.8.0,synthetic_sted_training_v1_schema08_0530,img_d3c239af23a085e0b4d8,synthetic_background_train,validation
sted_blank_composites_training_v1_schema08_0531,examples/sted_blank_composites_training_v1_schema08/sted_blank_composites_training_v1_schema08_0531.npz,examples/sted_blank_composites_training_v1_schema08/sted_blank_composites_training_v1_schema08_0531.json,synthetic_sted_3d_morphology_0.8.0,fibras_morphology_scene_3d_0.8.0,synthetic_sted_training_v1_schema08_0531,img_d48ab8d2ac1026abfc85,synthetic_background_train,validation
sted_blank_composites_training_v1_schema08_0532,examples/sted_blank_composites_training_v1_schema08/sted_blank_composites_training_v1_schema08_0532.npz,examples/sted_blank_composites_training_v1_schema08/sted_blank_composites_training_v1_schema08_0532.json,synthetic_sted_3d_morphology_0.8.0,fibras_morphology_scene_3d_0.8.0,synthetic_sted_training_v1_schema08_0532,img_e346ea478db12b518ac8,synthetic_background_train,validation
sted_blank_composites_training_v1_schema08_0533,examples/sted_blank_composites_training_v1_schema08/sted_blank_composites_training_v1_schema08_0533.npz,examples/sted_blank_composites_training_v1_schema08/sted_blank_composites_training_v1_schema08_0533.json,synthetic_sted_3d_morphology_0.8.0,fibras_morphology_scene_3d_0.8.0,synthetic_sted_training_v1_schema08_0533,img_e365a76f42760dd466b9,synthetic_background_train,validation
sted_blank_composites_training_v1_schema08_0534,examples/sted_blank_composites_training_v1_schema08/sted_blank_composites_training_v1_schema08_0534.npz,examples/sted_blank_composites_training_v1_schema08/sted_blank_composites_training_v1_schema08_0534.json,synthetic_sted_3d_morphology_0.8.0,fibras_morphology_scene_3d_0.8.0,synthetic_sted_training_v1_schema08_0534,img_e5db75d93a225639e3a4,synthetic_background_train,validation
sted_blank_composites_training_v1_schema08_0535,examples/sted_blank_composites_training_v1_schema08/sted_blank_composites_training_v1_schema08_0535.npz,examples/sted_blank_composites_training_v1_schema08/sted_blank_composites_training_v1_schema08_0535.json,synthetic_sted_3d_morphology_0.8.0,fibras_morphology_scene_3d_0.8.0,synthetic_sted_training_v1_schema08_0535,img_e8891781fa88057f59f7,synthetic_background_train,validation
sted_blank_composites_training_v1_schema08_0536,examples/sted_blank_composites_training_v1_schema08/sted_blank_composites_training_v1_schema08_0536.npz,examples/sted_blank_composites_training_v1_schema08/sted_blank_composites_training_v1_schema08_0536.json,synthetic_sted_3d_morphology_0.8.0,fibras_morphology_scene_3d_0.8.0,synthetic_sted_training_v1_schema08_0536,img_ee34a766ad48467dd7e1,synthetic_background_train,validation
sted_blank_composites_training_v1_schema08_0537,examples/sted_blank_composites_training_v1_schema08/sted_blank_composites_training_v1_schema08_0537.npz,examples/sted_blank_composites_training_v1_schema08/sted_blank_composites_training_v1_schema08_0537.json,synthetic_sted_3d_morphology_0.8.0,fibras_morphology_scene_3d_0.8.0,synthetic_sted_training_v1_schema08_0537,img_eeb10bbc10a5ef3f859b,synthetic_background_train,validation
sted_blank_composites_training_v1_schema08_0538,examples/sted_blank_composites_training_v1_schema08/sted_blank_composites_training_v1_schema08_0538.npz,examples/sted_blank_composites_training_v1_schema08/sted_blank_composites_training_v1_schema08_0538.json,synthetic_sted_3d_morphology_0.8.0,fibras_morphology_scene_3d_0.8.0,synthetic_sted_training_v1_schema08_0538,img_fe985fa79b4211834161,synthetic_background_train,validation
sted_blank_composites_training_v1_schema08_0539,examples/sted_blank_composites_training_v1_schema08/sted_blank_composites_training_v1_schema08_0539.npz,examples/sted_blank_composites_training_v1_schema08/sted_blank_composites_training_v1_schema08_0539.json,synthetic_sted_3d_morphology_0.8.0,fibras_morphology_scene_3d_0.8.0,synthetic_sted_training_v1_schema08_0539,img_014d9d77d1d61fed189b,synthetic_background_train,validation
sted_blank_composites_training_v1_schema08_0540,examples/sted_blank_composites_training_v1_schema08/sted_blank_composites_training_v1_schema08_0540.npz,examples/sted_blank_composites_training_v1_schema08/sted_blank_composites_training_v1_schema08_0540.json,synthetic_sted_3d_morphology_0.8.0,fibras_morphology_scene_3d_0.8.0,synthetic_sted_training_v1_schema08_0540,img_093eea09221a4db0ebec,synthetic_background_train,validation
sted_blank_composites_training_v1_schema08_0541,examples/sted_blank_composites_training_v1_schema08/sted_blank_composites_training_v1_schema08_0541.npz,examples/sted_blank_composites_training_v1_schema08/sted_blank_composites_training_v1_schema08_0541.json,synthetic_sted_3d_morphology_0.8.0,fibras_morphology_scene_3d_0.8.0,synthetic_sted_training_v1_schema08_0541,img_0d1c01fd26080936f42b,synthetic_background_train,validation
sted_blank_composites_training_v1_schema08_0542,examples/sted_blank_composites_training_v1_schema08/sted_blank_composites_training_v1_schema08_0542.npz,examples/sted_blank_composites_training_v1_schema08/sted_blank_composites_training_v1_schema08_0542.json,synthetic_sted_3d_morphology_0.8.0,fibras_morphology_scene_3d_0.8.0,synthetic_sted_training_v1_schema08_0542,img_0d4cd0a31114b105cf51,synthetic_background_train,validation
sted_blank_composites_training_v1_schema08_0543,examples/sted_blank_composites_training_v1_schema08/sted_blank_composites_training_v1_schema08_0543.npz,examples/sted_blank_composites_training_v1_schema08/sted_blank_composites_training_v1_schema08_0543.json,synthetic_sted_3d_morphology_0.8.0,fibras_morphology_scene_3d_0.8.0,synthetic_sted_training_v1_schema08_0543,img_0edb6472854aea980f2a,synthetic_background_train,validation
sted_blank_composites_training_v1_schema08_0544,examples/sted_blank_composites_training_v1_schema08/sted_blank_composites_training_v1_schema08_0544.npz,examples/sted_blank_composites_training_v1_schema08/sted_blank_composites_training_v1_schema08_0544.json,synthetic_sted_3d_morphology_0.8.0,fibras_morphology_scene_3d_0.8.0,synthetic_sted_training_v1_schema08_0544,img_1672f71f16b77dc4d642,synthetic_background_train,validation
sted_blank_composites_training_v1_schema08_0545,examples/sted_blank_composites_training_v1_schema08/sted_blank_composites_training_v1_schema08_0545.npz,examples/sted_blank_composites_training_v1_schema08/sted_blank_composites_training_v1_schema08_0545.json,synthetic_sted_3d_morphology_0.8.0,fibras_morphology_scene_3d_0.8.0,synthetic_sted_training_v1_schema08_0545,img_178ab769e005e689ff6f,synthetic_background_train,validation
sted_blank_composites_training_v1_schema08_0546,examples/sted_blank_composites_training_v1_schema08/sted_blank_composites_training_v1_schema08_0546.npz,examples/sted_blank_composites_training_v1_schema08/sted_blank_composites_training_v1_schema08_0546.json,synthetic_sted_3d_morphology_0.8.0,fibras_morphology_scene_3d_0.8.0,synthetic_sted_training_v1_schema08_0546,img_1ba419dc88931db47c8c,synthetic_background_train,validation
sted_blank_composites_training_v1_schema08_0547,examples/sted_blank_composites_training_v1_schema08/sted_blank_composites_training_v1_schema08_0547.npz,examples/sted_blank_composites_training_v1_schema08/sted_blank_composites_training_v1_schema08_0547.json,synthetic_sted_3d_morphology_0.8.0,fibras_morphology_scene_3d_0.8.0,synthetic_sted_training_v1_schema08_0547,img_22a6ba5828c46f12f6e5,synthetic_background_train,validation
sted_blank_composites_training_v1_schema08_0548,examples/sted_blank_composites_training_v1_schema08/sted_blank_composites_training_v1_schema08_0548.npz,examples/sted_blank_composites_training_v1_schema08/sted_blank_composites_training_v1_schema08_0548.json,synthetic_sted_3d_morphology_0.8.0,fibras_morphology_scene_3d_0.8.0,synthetic_sted_training_v1_schema08_0548,img_22b8bcb88a805b153993,synthetic_background_train,validation
sted_blank_composites_training_v1_schema08_0549,examples/sted_blank_composites_training_v1_schema08/sted_blank_composites_training_v1_schema08_0549.npz,examples/sted_blank_composites_training_v1_schema08/sted_blank_composites_training_v1_schema08_0549.json,synthetic_sted_3d_morphology_0.8.0,fibras_morphology_scene_3d_0.8.0,synthetic_sted_training_v1_schema08_0549,img_2e9cc5effd6823d55d02,synthetic_background_train,validation
sted_blank_composites_training_v1_schema08_0550,examples/sted_blank_composites_training_v1_schema08/sted_blank_composites_training_v1_schema08_0550.npz,examples/sted_blank_composites_training_v1_schema08/sted_blank_composites_training_v1_schema08_0550.json,synthetic_sted_3d_morphology_0.8.0,fibras_morphology_scene_3d_0.8.0,synthetic_sted_training_v1_schema08_0550,img_34d44dfa65b93f389f95,synthetic_background_train,validation
sted_blank_composites_training_v1_schema08_0551,examples/sted_blank_composites_training_v1_schema08/sted_blank_composites_training_v1_schema08_0551.npz,examples/sted_blank_composites_training_v1_schema08/sted_blank_composites_training_v1_schema08_0551.json,synthetic_sted_3d_morphology_0.8.0,fibras_morphology_scene_3d_0.8.0,synthetic_sted_training_v1_schema08_0551,img_380582f92698aae8c505,synthetic_background_train,validation
sted_blank_composites_training_v1_schema08_0552,examples/sted_blank_composites_training_v1_schema08/sted_blank_composites_training_v1_schema08_0552.npz,examples/sted_blank_composites_training_v1_schema08/sted_blank_composites_training_v1_schema08_0552.json,synthetic_sted_3d_morphology_0.8.0,fibras_morphology_scene_3d_0.8.0,synthetic_sted_training_v1_schema08_0552,img_3fcd76c473a770a81832,synthetic_background_train,validation
sted_blank_composites_training_v1_schema08_0553,examples/sted_blank_composites_training_v1_schema08/sted_blank_composites_training_v1_schema08_0553.npz,examples/sted_blank_composites_training_v1_schema08/sted_blank_composites_training_v1_schema08_0553.json,synthetic_sted_3d_morphology_0.8.0,fibras_morphology_scene_3d_0.8.0,synthetic_sted_training_v1_schema08_0553,img_42e8d8a784a69489e580,synthetic_background_train,validation
sted_blank_composites_training_v1_schema08_0554,examples/sted_blank_composites_training_v1_schema08/sted_blank_composites_training_v1_schema08_0554.npz,examples/sted_blank_composites_training_v1_schema08/sted_blank_composites_training_v1_schema08_0554.json,synthetic_sted_3d_morphology_0.8.0,fibras_morphology_scene_3d_0.8.0,synthetic_sted_training_v1_schema08_0554,img_43d0f384b07d7388d6db,synthetic_background_train,validation
sted_blank_composites_training_v1_schema08_0555,examples/sted_blank_composites_training_v1_schema08/sted_blank_composites_training_v1_schema08_0555.npz,examples/sted_blank_composites_training_v1_schema08/sted_blank_composites_training_v1_schema08_0555.json,synthetic_sted_3d_morphology_0.8.0,fibras_morphology_scene_3d_0.8.0,synthetic_sted_training_v1_schema08_0555,img_44974790651d1b7badfa,synthetic_background_train,validation
sted_blank_composites_training_v1_schema08_0556,examples/sted_blank_composites_training_v1_schema08/sted_blank_composites_training_v1_schema08_0556.npz,examples/sted_blank_composites_training_v1_schema08/sted_blank_composites_training_v1_schema08_0556.json,synthetic_sted_3d_morphology_0.8.0,fibras_morphology_scene_3d_0.8.0,synthetic_sted_training_v1_schema08_0556,img_4a12cb04c6ad4b44f7e4,synthetic_background_train,validation
sted_blank_composites_training_v1_schema08_0557,examples/sted_blank_composites_training_v1_schema08/sted_blank_composites_training_v1_schema08_0557.npz,examples/sted_blank_composites_training_v1_schema08/sted_blank_composites_training_v1_schema08_0557.json,synthetic_sted_3d_morphology_0.8.0,fibras_morphology_scene_3d_0.8.0,synthetic_sted_training_v1_schema08_0557,img_4b1f1b0523dd6c73177c,synthetic_background_train,validation
sted_blank_composites_training_v1_schema08_0558,examples/sted_blank_composites_training_v1_schema08/sted_blank_composites_training_v1_schema08_0558.npz,examples/sted_blank_composites_training_v1_schema08/sted_blank_composites_training_v1_schema08_0558.json,synthetic_sted_3d_morphology_0.8.0,fibras_morphology_scene_3d_0.8.0,synthetic_sted_training_v1_schema08_0558,img_4d5ab86fec7995e4762a,synthetic_background_train,validation
sted_blank_composites_training_v1_schema08_0559,examples/sted_blank_composites_training_v1_schema08/sted_blank_composites_training_v1_schema08_0559.npz,examples/sted_blank_composites_training_v1_schema08/sted_blank_composites_training_v1_schema08_0559.json,synthetic_sted_3d_morphology_0.8.0,fibras_morphology_scene_3d_0.8.0,synthetic_sted_training_v1_schema08_0559,img_4ec66ad0f9ecacf25377,synthetic_background_train,validation
sted_blank_composites_training_v1_schema08_0560,examples/sted_blank_composites_training_v1_schema08/sted_blank_composites_training_v1_schema08_0560.npz,examples/sted_blank_composites_training_v1_schema08/sted_blank_composites_training_v1_schema08_0560.json,synthetic_sted_3d_morphology_0.8.0,fibras_morphology_scene_3d_0.8.0,synthetic_sted_training_v1_schema08_0560,img_52fd567a6489c2ee806f,synthetic_background_train,validation
sted_blank_composites_training_v1_schema08_0561,examples/sted_blank_composites_training_v1_schema08/sted_blank_composites_training_v1_schema08_0561.npz,examples/sted_blank_composites_training_v1_schema08/sted_blank_composites_training_v1_schema08_0561.json,synthetic_sted_3d_morphology_0.8.0,fibras_morphology_scene_3d_0.8.0,synthetic_sted_training_v1_schema08_0561,img_5882372f16349d4ccf22,synthetic_background_train,validation
sted_blank_composites_training_v1_schema08_0562,examples/sted_blank_composites_training_v1_schema08/sted_blank_composites_training_v1_schema08_0562.npz,examples/sted_blank_composites_training_v1_schema08/sted_blank_composites_training_v1_schema08_0562.json,synthetic_sted_3d_morphology_0.8.0,fibras_morphology_scene_3d_0.8.0,synthetic_sted_training_v1_schema08_0562,img_5dde17f7235bd3b91b4e,synthetic_background_train,validation
sted_blank_composites_training_v1_schema08_0563,examples/sted_blank_composites_training_v1_schema08/sted_blank_composites_training_v1_schema08_0563.npz,examples/sted_blank_composites_training_v1_schema08/sted_blank_composites_training_v1_schema08_0563.json,synthetic_sted_3d_morphology_0.8.0,fibras_morphology_scene_3d_0.8.0,synthetic_sted_training_v1_schema08_0563,img_6fcc906a6259240a019e,synthetic_background_train,validation
sted_blank_composites_training_v1_schema08_0564,examples/sted_blank_composites_training_v1_schema08/sted_blank_composites_training_v1_schema08_0564.npz,examples/sted_blank_composites_training_v1_schema08/sted_blank_composites_training_v1_schema08_0564.json,synthetic_sted_3d_morphology_0.8.0,fibras_morphology_scene_3d_0.8.0,synthetic_sted_training_v1_schema08_0564,img_7902deec8b57c29e9a62,synthetic_background_train,validation
sted_blank_composites_training_v1_schema08_0565,examples/sted_blank_composites_training_v1_schema08/sted_blank_composites_training_v1_schema08_0565.npz,examples/sted_blank_composites_training_v1_schema08/sted_blank_composites_training_v1_schema08_0565.json,synthetic_sted_3d_morphology_0.8.0,fibras_morphology_scene_3d_0.8.0,synthetic_sted_training_v1_schema08_0565,img_84c0549996fe08b21c59,synthetic_background_train,validation
sted_blank_composites_training_v1_schema08_0566,examples/sted_blank_composites_training_v1_schema08/sted_blank_composites_training_v1_schema08_0566.npz,examples/sted_blank_composites_training_v1_schema08/sted_blank_composites_training_v1_schema08_0566.json,synthetic_sted_3d_morphology_0.8.0,fibras_morphology_scene_3d_0.8.0,synthetic_sted_training_v1_schema08_0566,img_85bd0416dfc971c6ce41,synthetic_background_train,validation
sted_blank_composites_training_v1_schema08_0567,examples/sted_blank_composites_training_v1_schema08/sted_blank_composites_training_v1_schema08_0567.npz,examples/sted_blank_composites_training_v1_schema08/sted_blank_composites_training_v1_schema08_0567.json,synthetic_sted_3d_morphology_0.8.0,fibras_morphology_scene_3d_0.8.0,synthetic_sted_training_v1_schema08_0567,img_8ad7d07fa1daa0209cfb,synthetic_background_train,validation
sted_blank_composites_training_v1_schema08_0568,examples/sted_blank_composites_training_v1_schema08/sted_blank_composites_training_v1_schema08_0568.npz,examples/sted_blank_composites_training_v1_schema08/sted_blank_composites_training_v1_schema08_0568.json,synthetic_sted_3d_morphology_0.8.0,fibras_morphology_scene_3d_0.8.0,synthetic_sted_training_v1_schema08_0568,img_908ed3f9b3c24e1d482b,synthetic_background_train,validation
sted_blank_composites_training_v1_schema08_0569,examples/sted_blank_composites_training_v1_schema08/sted_blank_composites_training_v1_schema08_0569.npz,examples/sted_blank_composites_training_v1_schema08/sted_blank_composites_training_v1_schema08_0569.json,synthetic_sted_3d_morphology_0.8.0,fibras_morphology_scene_3d_0.8.0,synthetic_sted_training_v1_schema08_0569,img_9376400c90b45dd4f597,synthetic_background_train,validation
sted_blank_composites_training_v1_schema08_0570,examples/sted_blank_composites_training_v1_schema08/sted_blank_composites_training_v1_schema08_0570.npz,examples/sted_blank_composites_training_v1_schema08/sted_blank_composites_training_v1_schema08_0570.json,synthetic_sted_3d_morphology_0.8.0,fibras_morphology_scene_3d_0.8.0,synthetic_sted_training_v1_schema08_0570,img_a423ba5191509d03f98b,synthetic_background_train,validation
sted_blank_composites_training_v1_schema08_0571,examples/sted_blank_composites_training_v1_schema08/sted_blank_composites_training_v1_schema08_0571.npz,examples/sted_blank_composites_training_v1_schema08/sted_blank_composites_training_v1_schema08_0571.json,synthetic_sted_3d_morphology_0.8.0,fibras_morphology_scene_3d_0.8.0,synthetic_sted_training_v1_schema08_0571,img_a538de08cfa15ee606a9,synthetic_background_train,validation
sted_blank_composites_training_v1_schema08_0572,examples/sted_blank_composites_training_v1_schema08/sted_blank_composites_training_v1_schema08_0572.npz,examples/sted_blank_composites_training_v1_schema08/sted_blank_composites_training_v1_schema08_0572.json,synthetic_sted_3d_morphology_0.8.0,fibras_morphology_scene_3d_0.8.0,synthetic_sted_training_v1_schema08_0572,img_ab8a5dd57e15fbe9d2e3,synthetic_background_train,validation
sted_blank_composites_training_v1_schema08_0573,examples/sted_blank_composites_training_v1_schema08/sted_blank_composites_training_v1_schema08_0573.npz,examples/sted_blank_composites_training_v1_schema08/sted_blank_composites_training_v1_schema08_0573.json,synthetic_sted_3d_morphology_0.8.0,fibras_morphology_scene_3d_0.8.0,synthetic_sted_training_v1_schema08_0573,img_afedddc4a39035e55219,synthetic_background_train,validation
sted_blank_composites_training_v1_schema08_0574,examples/sted_blank_composites_training_v1_schema08/sted_blank_composites_training_v1_schema08_0574.npz,examples/sted_blank_composites_training_v1_schema08/sted_blank_composites_training_v1_schema08_0574.json,synthetic_sted_3d_morphology_0.8.0,fibras_morphology_scene_3d_0.8.0,synthetic_sted_training_v1_schema08_0574,img_b1c587d8bfb662ed95c2,synthetic_background_train,validation
sted_blank_composites_training_v1_schema08_0575,examples/sted_blank_composites_training_v1_schema08/sted_blank_composites_training_v1_schema08_0575.npz,examples/sted_blank_composites_training_v1_schema08/sted_blank_composites_training_v1_schema08_0575.json,synthetic_sted_3d_morphology_0.8.0,fibras_morphology_scene_3d_0.8.0,synthetic_sted_training_v1_schema08_0575,img_b2abcc150c16a6d7cca7,synthetic_background_train,validation
sted_blank_composites_training_v1_schema08_0576,examples/sted_blank_composites_training_v1_schema08/sted_blank_composites_training_v1_schema08_0576.npz,examples/sted_blank_composites_training_v1_schema08/sted_blank_composites_training_v1_schema08_0576.json,synthetic_sted_3d_morphology_0.8.0,fibras_morphology_scene_3d_0.8.0,synthetic_sted_training_v1_schema08_0576,img_c25e79b9bfb565174fe1,synthetic_background_train,validation
sted_blank_composites_training_v1_schema08_0577,examples/sted_blank_composites_training_v1_schema08/sted_blank_composites_training_v1_schema08_0577.npz,examples/sted_blank_composites_training_v1_schema08/sted_blank_composites_training_v1_schema08_0577.json,synthetic_sted_3d_morphology_0.8.0,fibras_morphology_scene_3d_0.8.0,synthetic_sted_training_v1_schema08_0577,img_ca042c3dcfcf09035923,synthetic_background_train,validation
sted_blank_composites_training_v1_schema08_0578,examples/sted_blank_composites_training_v1_schema08/sted_blank_composites_training_v1_schema08_0578.npz,examples/sted_blank_composites_training_v1_schema08/sted_blank_composites_training_v1_schema08_0578.json,synthetic_sted_3d_morphology_0.8.0,fibras_morphology_scene_3d_0.8.0,synthetic_sted_training_v1_schema08_0578,img_d0a41f4af32f4866497f,synthetic_background_train,validation
sted_blank_composites_training_v1_schema08_0579,examples/sted_blank_composites_training_v1_schema08/sted_blank_composites_training_v1_schema08_0579.npz,examples/sted_blank_composites_training_v1_schema08/sted_blank_composites_training_v1_schema08_0579.json,synthetic_sted_3d_morphology_0.8.0,fibras_morphology_scene_3d_0.8.0,synthetic_sted_training_v1_schema08_0579,img_d3c239af23a085e0b4d8,synthetic_background_train,validation
sted_blank_composites_training_v1_schema08_0580,examples/sted_blank_composites_training_v1_schema08/sted_blank_composites_training_v1_schema08_0580.npz,examples/sted_blank_composites_training_v1_schema08/sted_blank_composites_training_v1_schema08_0580.json,synthetic_sted_3d_morphology_0.8.0,fibras_morphology_scene_3d_0.8.0,synthetic_sted_training_v1_schema08_0580,img_d48ab8d2ac1026abfc85,synthetic_background_train,validation
sted_blank_composites_training_v1_schema08_0581,examples/sted_blank_composites_training_v1_schema08/sted_blank_composites_training_v1_schema08_0581.npz,examples/sted_blank_composites_training_v1_schema08/sted_blank_composites_training_v1_schema08_0581.json,synthetic_sted_3d_morphology_0.8.0,fibras_morphology_scene_3d_0.8.0,synthetic_sted_training_v1_schema08_0581,img_e346ea478db12b518ac8,synthetic_background_train,validation
sted_blank_composites_training_v1_schema08_0582,examples/sted_blank_composites_training_v1_schema08/sted_blank_composites_training_v1_schema08_0582.npz,examples/sted_blank_composites_training_v1_schema08/sted_blank_composites_training_v1_schema08_0582.json,synthetic_sted_3d_morphology_0.8.0,fibras_morphology_scene_3d_0.8.0,synthetic_sted_training_v1_schema08_0582,img_e365a76f42760dd466b9,synthetic_background_train,validation
sted_blank_composites_training_v1_schema08_0583,examples/sted_blank_composites_training_v1_schema08/sted_blank_composites_training_v1_schema08_0583.npz,examples/sted_blank_composites_training_v1_schema08/sted_blank_composites_training_v1_schema08_0583.json,synthetic_sted_3d_morphology_0.8.0,fibras_morphology_scene_3d_0.8.0,synthetic_sted_training_v1_schema08_0583,img_e5db75d93a225639e3a4,synthetic_background_train,validation
sted_blank_composites_training_v1_schema08_0584,examples/sted_blank_composites_training_v1_schema08/sted_blank_composites_training_v1_schema08_0584.npz,examples/sted_blank_composites_training_v1_schema08/sted_blank_composites_training_v1_schema08_0584.json,synthetic_sted_3d_morphology_0.8.0,fibras_morphology_scene_3d_0.8.0,synthetic_sted_training_v1_schema08_0584,img_e8891781fa88057f59f7,synthetic_background_train,validation
sted_blank_composites_training_v1_schema08_0585,examples/sted_blank_composites_training_v1_schema08/sted_blank_composites_training_v1_schema08_0585.npz,examples/sted_blank_composites_training_v1_schema08/sted_blank_composites_training_v1_schema08_0585.json,synthetic_sted_3d_morphology_0.8.0,fibras_morphology_scene_3d_0.8.0,synthetic_sted_training_v1_schema08_0585,img_ee34a766ad48467dd7e1,synthetic_background_train,validation
sted_blank_composites_training_v1_schema08_0586,examples/sted_blank_composites_training_v1_schema08/sted_blank_composites_training_v1_schema08_0586.npz,examples/sted_blank_composites_training_v1_schema08/sted_blank_composites_training_v1_schema08_0586.json,synthetic_sted_3d_morphology_0.8.0,fibras_morphology_scene_3d_0.8.0,synthetic_sted_training_v1_schema08_0586,img_eeb10bbc10a5ef3f859b,synthetic_background_train,validation
sted_blank_composites_training_v1_schema08_0587,examples/sted_blank_composites_training_v1_schema08/sted_blank_composites_training_v1_schema08_0587.npz,examples/sted_blank_composites_training_v1_schema08/sted_blank_composites_training_v1_schema08_0587.json,synthetic_sted_3d_morphology_0.8.0,fibras_morphology_scene_3d_0.8.0,synthetic_sted_training_v1_schema08_0587,img_fe985fa79b4211834161,synthetic_background_train,validation
sted_blank_composites_training_v1_schema08_0588,examples/sted_blank_composites_training_v1_schema08/sted_blank_composites_training_v1_schema08_0588.npz,examples/sted_blank_composites_training_v1_schema08/sted_blank_composites_training_v1_schema08_0588.json,synthetic_sted_3d_morphology_0.8.0,fibras_morphology_scene_3d_0.8.0,synthetic_sted_training_v1_schema08_0588,img_014d9d77d1d61fed189b,synthetic_background_train,validation
sted_blank_composites_training_v1_schema08_0589,examples/sted_blank_composites_training_v1_schema08/sted_blank_composites_training_v1_schema08_0589.npz,examples/sted_blank_composites_training_v1_schema08/sted_blank_composites_training_v1_schema08_0589.json,synthetic_sted_3d_morphology_0.8.0,fibras_morphology_scene_3d_0.8.0,synthetic_sted_training_v1_schema08_0589,img_093eea09221a4db0ebec,synthetic_background_train,validation
sted_blank_composites_training_v1_schema08_0590,examples/sted_blank_composites_training_v1_schema08/sted_blank_composites_training_v1_schema08_0590.npz,examples/sted_blank_composites_training_v1_schema08/sted_blank_composites_training_v1_schema08_0590.json,synthetic_sted_3d_morphology_0.8.0,fibras_morphology_scene_3d_0.8.0,synthetic_sted_training_v1_schema08_0590,img_0d1c01fd26080936f42b,synthetic_background_train,validation
sted_blank_composites_training_v1_schema08_0591,examples/sted_blank_composites_training_v1_schema08/sted_blank_composites_training_v1_schema08_0591.npz,examples/sted_blank_composites_training_v1_schema08/sted_blank_composites_training_v1_schema08_0591.json,synthetic_sted_3d_morphology_0.8.0,fibras_morphology_scene_3d_0.8.0,synthetic_sted_training_v1_schema08_0591,img_0d4cd0a31114b105cf51,synthetic_background_train,validation
sted_blank_composites_training_v1_schema08_0592,examples/sted_blank_composites_training_v1_schema08/sted_blank_composites_training_v1_schema08_0592.npz,examples/sted_blank_composites_training_v1_schema08/sted_blank_composites_training_v1_schema08_0592.json,synthetic_sted_3d_morphology_0.8.0,fibras_morphology_scene_3d_0.8.0,synthetic_sted_training_v1_schema08_0592,img_0edb6472854aea980f2a,synthetic_background_train,validation
sted_blank_composites_training_v1_schema08_0593,examples/sted_blank_composites_training_v1_schema08/sted_blank_composites_training_v1_schema08_0593.npz,examples/sted_blank_composites_training_v1_schema08/sted_blank_composites_training_v1_schema08_0593.json,synthetic_sted_3d_morphology_0.8.0,fibras_morphology_scene_3d_0.8.0,synthetic_sted_training_v1_schema08_0593,img_1672f71f16b77dc4d642,synthetic_background_train,validation
sted_blank_composites_training_v1_schema08_0594,examples/sted_blank_composites_training_v1_schema08/sted_blank_composites_training_v1_schema08_0594.npz,examples/sted_blank_composites_training_v1_schema08/sted_blank_composites_training_v1_schema08_0594.json,synthetic_sted_3d_morphology_0.8.0,fibras_morphology_scene_3d_0.8.0,synthetic_sted_training_v1_schema08_0594,img_178ab769e005e689ff6f,synthetic_background_train,validation
sted_blank_composites_training_v1_schema08_0595,examples/sted_blank_composites_training_v1_schema08/sted_blank_composites_training_v1_schema08_0595.npz,examples/sted_blank_composites_training_v1_schema08/sted_blank_composites_training_v1_schema08_0595.json,synthetic_sted_3d_morphology_0.8.0,fibras_morphology_scene_3d_0.8.0,synthetic_sted_training_v1_schema08_0595,img_1ba419dc88931db47c8c,synthetic_background_train,validation
sted_blank_composites_training_v1_schema08_0596,examples/sted_blank_composites_training_v1_schema08/sted_blank_composites_training_v1_schema08_0596.npz,examples/sted_blank_composites_training_v1_schema08/sted_blank_composites_training_v1_schema08_0596.json,synthetic_sted_3d_morphology_0.8.0,fibras_morphology_scene_3d_0.8.0,synthetic_sted_training_v1_schema08_0596,img_22a6ba5828c46f12f6e5,synthetic_background_train,validation
sted_blank_composites_training_v1_schema08_0597,examples/sted_blank_composites_training_v1_schema08/sted_blank_composites_training_v1_schema08_0597.npz,examples/sted_blank_composites_training_v1_schema08/sted_blank_composites_training_v1_schema08_0597.json,synthetic_sted_3d_morphology_0.8.0,fibras_morphology_scene_3d_0.8.0,synthetic_sted_training_v1_schema08_0597,img_22b8bcb88a805b153993,synthetic_background_train,validation
sted_blank_composites_training_v1_schema08_0598,examples/sted_blank_composites_training_v1_schema08/sted_blank_composites_training_v1_schema08_0598.npz,examples/sted_blank_composites_training_v1_schema08/sted_blank_composites_training_v1_schema08_0598.json,synthetic_sted_3d_morphology_0.8.0,fibras_morphology_scene_3d_0.8.0,synthetic_sted_training_v1_schema08_0598,img_2e9cc5effd6823d55d02,synthetic_background_train,validation
sted_blank_composites_training_v1_schema08_0599,examples/sted_blank_composites_training_v1_schema08/sted_blank_composites_training_v1_schema08_0599.npz,examples/sted_blank_composites_training_v1_schema08/sted_blank_composites_training_v1_schema08_0599.json,synthetic_sted_3d_morphology_0.8.0,fibras_morphology_scene_3d_0.8.0,synthetic_sted_training_v1_schema08_0599,img_34d44dfa65b93f389f95,synthetic_background_train,validation
sted_blank_composites_training_v1_schema08_0600,examples/sted_blank_composites_training_v1_schema08/sted_blank_composites_training_v1_schema08_0600.npz,examples/sted_blank_composites_training_v1_schema08/sted_blank_composites_training_v1_schema08_0600.json,synthetic_sted_3d_morphology_0.8.0,fibras_morphology_scene_3d_0.8.0,synthetic_sted_training_v1_schema08_0600,img_380582f92698aae8c505,synthetic_background_train,validation
sted_blank_composites_training_v1_schema08_0601,examples/sted_blank_composites_training_v1_schema08/sted_blank_composites_training_v1_schema08_0601.npz,examples/sted_blank_composites_training_v1_schema08/sted_blank_composites_training_v1_schema08_0601.json,synthetic_sted_3d_morphology_0.8.0,fibras_morphology_scene_3d_0.8.0,synthetic_sted_training_v1_schema08_0601,img_3fcd76c473a770a81832,synthetic_background_train,validation
sted_blank_composites_training_v1_schema08_0602,examples/sted_blank_composites_training_v1_schema08/sted_blank_composites_training_v1_schema08_0602.npz,examples/sted_blank_composites_training_v1_schema08/sted_blank_composites_training_v1_schema08_0602.json,synthetic_sted_3d_morphology_0.8.0,fibras_morphology_scene_3d_0.8.0,synthetic_sted_training_v1_schema08_0602,img_42e8d8a784a69489e580,synthetic_background_train,validation
sted_blank_composites_training_v1_schema08_0603,examples/sted_blank_composites_training_v1_schema08/sted_blank_composites_training_v1_schema08_0603.npz,examples/sted_blank_composites_training_v1_schema08/sted_blank_composites_training_v1_schema08_0603.json,synthetic_sted_3d_morphology_0.8.0,fibras_morphology_scene_3d_0.8.0,synthetic_sted_training_v1_schema08_0603,img_43d0f384b07d7388d6db,synthetic_background_train,validation
sted_blank_composites_training_v1_schema08_0604,examples/sted_blank_composites_training_v1_schema08/sted_blank_composites_training_v1_schema08_0604.npz,examples/sted_blank_composites_training_v1_schema08/sted_blank_composites_training_v1_schema08_0604.json,synthetic_sted_3d_morphology_0.8.0,fibras_morphology_scene_3d_0.8.0,synthetic_sted_training_v1_schema08_0604,img_44974790651d1b7badfa,synthetic_background_train,validation
sted_blank_composites_training_v1_schema08_0605,examples/sted_blank_composites_training_v1_schema08/sted_blank_composites_training_v1_schema08_0605.npz,examples/sted_blank_composites_training_v1_schema08/sted_blank_composites_training_v1_schema08_0605.json,synthetic_sted_3d_morphology_0.8.0,fibras_morphology_scene_3d_0.8.0,synthetic_sted_training_v1_schema08_0605,img_4a12cb04c6ad4b44f7e4,synthetic_background_train,validation
sted_blank_composites_training_v1_schema08_0606,examples/sted_blank_composites_training_v1_schema08/sted_blank_composites_training_v1_schema08_0606.npz,examples/sted_blank_composites_training_v1_schema08/sted_blank_composites_training_v1_schema08_0606.json,synthetic_sted_3d_morphology_0.8.0,fibras_morphology_scene_3d_0.8.0,synthetic_sted_training_v1_schema08_0606,img_4b1f1b0523dd6c73177c,synthetic_background_train,validation
sted_blank_composites_training_v1_schema08_0607,examples/sted_blank_composites_training_v1_schema08/sted_blank_composites_training_v1_schema08_0607.npz,examples/sted_blank_composites_training_v1_schema08/sted_blank_composites_training_v1_schema08_0607.json,synthetic_sted_3d_morphology_0.8.0,fibras_morphology_scene_3d_0.8.0,synthetic_sted_training_v1_schema08_0607,img_4d5ab86fec7995e4762a,synthetic_background_train,validation
sted_blank_composites_training_v1_schema08_0608,examples/sted_blank_composites_training_v1_schema08/sted_blank_composites_training_v1_schema08_0608.npz,examples/sted_blank_composites_training_v1_schema08/sted_blank_composites_training_v1_schema08_0608.json,synthetic_sted_3d_morphology_0.8.0,fibras_morphology_scene_3d_0.8.0,synthetic_sted_training_v1_schema08_0608,img_4ec66ad0f9ecacf25377,synthetic_background_train,validation
sted_blank_composites_training_v1_schema08_0609,examples/sted_blank_composites_training_v1_schema08/sted_blank_composites_training_v1_schema08_0609.npz,examples/sted_blank_composites_training_v1_schema08/sted_blank_composites_training_v1_schema08_0609.json,synthetic_sted_3d_morphology_0.8.0,fibras_morphology_scene_3d_0.8.0,synthetic_sted_training_v1_schema08_0609,img_52fd567a6489c2ee806f,synthetic_background_train,validation
sted_blank_composites_training_v1_schema08_0610,examples/sted_blank_composites_training_v1_schema08/sted_blank_composites_training_v1_schema08_0610.npz,examples/sted_blank_composites_training_v1_schema08/sted_blank_composites_training_v1_schema08_0610.json,synthetic_sted_3d_morphology_0.8.0,fibras_morphology_scene_3d_0.8.0,synthetic_sted_training_v1_schema08_0610,img_5882372f16349d4ccf22,synthetic_background_train,validation
sted_blank_composites_training_v1_schema08_0611,examples/sted_blank_composites_training_v1_schema08/sted_blank_composites_training_v1_schema08_0611.npz,examples/sted_blank_composites_training_v1_schema08/sted_blank_composites_training_v1_schema08_0611.json,synthetic_sted_3d_morphology_0.8.0,fibras_morphology_scene_3d_0.8.0,synthetic_sted_training_v1_schema08_0611,img_5dde17f7235bd3b91b4e,synthetic_background_train,validation
sted_blank_composites_training_v1_schema08_0612,examples/sted_blank_composites_training_v1_schema08/sted_blank_composites_training_v1_schema08_0612.npz,examples/sted_blank_composites_training_v1_schema08/sted_blank_composites_training_v1_schema08_0612.json,synthetic_sted_3d_morphology_0.8.0,fibras_morphology_scene_3d_0.8.0,synthetic_sted_training_v1_schema08_0612,img_6fcc906a6259240a019e,synthetic_background_train,validation
sted_blank_composites_training_v1_schema08_0613,examples/sted_blank_composites_training_v1_schema08/sted_blank_composites_training_v1_schema08_0613.npz,examples/sted_blank_composites_training_v1_schema08/sted_blank_composites_training_v1_schema08_0613.json,synthetic_sted_3d_morphology_0.8.0,fibras_morphology_scene_3d_0.8.0,synthetic_sted_training_v1_schema08_0613,img_7902deec8b57c29e9a62,synthetic_background_train,validation
sted_blank_composites_training_v1_schema08_0614,examples/sted_blank_composites_training_v1_schema08/sted_blank_composites_training_v1_schema08_0614.npz,examples/sted_blank_composites_training_v1_schema08/sted_blank_composites_training_v1_schema08_0614.json,synthetic_sted_3d_morphology_0.8.0,fibras_morphology_scene_3d_0.8.0,synthetic_sted_training_v1_schema08_0614,img_84c0549996fe08b21c59,synthetic_background_train,validation
sted_blank_composites_training_v1_schema08_0615,examples/sted_blank_composites_training_v1_schema08/sted_blank_composites_training_v1_schema08_0615.npz,examples/sted_blank_composites_training_v1_schema08/sted_blank_composites_training_v1_schema08_0615.json,synthetic_sted_3d_morphology_0.8.0,fibras_morphology_scene_3d_0.8.0,synthetic_sted_training_v1_schema08_0615,img_85bd0416dfc971c6ce41,synthetic_background_train,validation
sted_blank_composites_training_v1_schema08_0616,examples/sted_blank_composites_training_v1_schema08/sted_blank_composites_training_v1_schema08_0616.npz,examples/sted_blank_composites_training_v1_schema08/sted_blank_composites_training_v1_schema08_0616.json,synthetic_sted_3d_morphology_0.8.0,fibras_morphology_scene_3d_0.8.0,synthetic_sted_training_v1_schema08_0616,img_8ad7d07fa1daa0209cfb,synthetic_background_train,validation
sted_blank_composites_training_v1_schema08_0617,examples/sted_blank_composites_training_v1_schema08/sted_blank_composites_training_v1_schema08_0617.npz,examples/sted_blank_composites_training_v1_schema08/sted_blank_composites_training_v1_schema08_0617.json,synthetic_sted_3d_morphology_0.8.0,fibras_morphology_scene_3d_0.8.0,synthetic_sted_training_v1_schema08_0617,img_908ed3f9b3c24e1d482b,synthetic_background_train,validation
sted_blank_composites_training_v1_schema08_0618,examples/sted_blank_composites_training_v1_schema08/sted_blank_composites_training_v1_schema08_0618.npz,examples/sted_blank_composites_training_v1_schema08/sted_blank_composites_training_v1_schema08_0618.json,synthetic_sted_3d_morphology_0.8.0,fibras_morphology_scene_3d_0.8.0,synthetic_sted_training_v1_schema08_0618,img_9376400c90b45dd4f597,synthetic_background_train,validation
sted_blank_composites_training_v1_schema08_0619,examples/sted_blank_composites_training_v1_schema08/sted_blank_composites_training_v1_schema08_0619.npz,examples/sted_blank_composites_training_v1_schema08/sted_blank_composites_training_v1_schema08_0619.json,synthetic_sted_3d_morphology_0.8.0,fibras_morphology_scene_3d_0.8.0,synthetic_sted_training_v1_schema08_0619,img_a423ba5191509d03f98b,synthetic_background_train,validation
sted_blank_composites_training_v1_schema08_0620,examples/sted_blank_composites_training_v1_schema08/sted_blank_composites_training_v1_schema08_0620.npz,examples/sted_blank_composites_training_v1_schema08/sted_blank_composites_training_v1_schema08_0620.json,synthetic_sted_3d_morphology_0.8.0,fibras_morphology_scene_3d_0.8.0,synthetic_sted_training_v1_schema08_0620,img_a538de08cfa15ee606a9,synthetic_background_train,validation
sted_blank_composites_training_v1_schema08_0621,examples/sted_blank_composites_training_v1_schema08/sted_blank_composites_training_v1_schema08_0621.npz,examples/sted_blank_composites_training_v1_schema08/sted_blank_composites_training_v1_schema08_0621.json,synthetic_sted_3d_morphology_0.8.0,fibras_morphology_scene_3d_0.8.0,synthetic_sted_training_v1_schema08_0621,img_ab8a5dd57e15fbe9d2e3,synthetic_background_train,validation
sted_blank_composites_training_v1_schema08_0622,examples/sted_blank_composites_training_v1_schema08/sted_blank_composites_training_v1_schema08_0622.npz,examples/sted_blank_composites_training_v1_schema08/sted_blank_composites_training_v1_schema08_0622.json,synthetic_sted_3d_morphology_0.8.0,fibras_morphology_scene_3d_0.8.0,synthetic_sted_training_v1_schema08_0622,img_afedddc4a39035e55219,synthetic_background_train,validation
sted_blank_composites_training_v1_schema08_0623,examples/sted_blank_composites_training_v1_schema08/sted_blank_composites_training_v1_schema08_0623.npz,examples/sted_blank_composites_training_v1_schema08/sted_blank_composites_training_v1_schema08_0623.json,synthetic_sted_3d_morphology_0.8.0,fibras_morphology_scene_3d_0.8.0,synthetic_sted_training_v1_schema08_0623,img_b1c587d8bfb662ed95c2,synthetic_background_train,validation
sted_blank_composites_training_v1_schema08_0624,examples/sted_blank_composites_training_v1_schema08/sted_blank_composites_training_v1_schema08_0624.npz,examples/sted_blank_composites_training_v1_schema08/sted_blank_composites_training_v1_schema08_0624.json,synthetic_sted_3d_morphology_0.8.0,fibras_morphology_scene_3d_0.8.0,synthetic_sted_training_v1_schema08_0624,img_b2abcc150c16a6d7cca7,synthetic_background_train,validation
sted_blank_composites_training_v1_schema08_0625,examples/sted_blank_composites_training_v1_schema08/sted_blank_composites_training_v1_schema08_0625.npz,examples/sted_blank_composites_training_v1_schema08/sted_blank_composites_training_v1_schema08_0625.json,synthetic_sted_3d_morphology_0.8.0,fibras_morphology_scene_3d_0.8.0,synthetic_sted_training_v1_schema08_0625,img_c25e79b9bfb565174fe1,synthetic_background_train,validation
sted_blank_composites_training_v1_schema08_0626,examples/sted_blank_composites_training_v1_schema08/sted_blank_composites_training_v1_schema08_0626.npz,examples/sted_blank_composites_training_v1_schema08/sted_blank_composites_training_v1_schema08_0626.json,synthetic_sted_3d_morphology_0.8.0,fibras_morphology_scene_3d_0.8.0,synthetic_sted_training_v1_schema08_0626,img_ca042c3dcfcf09035923,synthetic_background_train,validation
sted_blank_composites_training_v1_schema08_0627,examples/sted_blank_composites_training_v1_schema08/sted_blank_composites_training_v1_schema08_0627.npz,examples/sted_blank_composites_training_v1_schema08/sted_blank_composites_training_v1_schema08_0627.json,synthetic_sted_3d_morphology_0.8.0,fibras_morphology_scene_3d_0.8.0,synthetic_sted_training_v1_schema08_0627,img_d0a41f4af32f4866497f,synthetic_background_train,validation
sted_blank_composites_training_v1_schema08_0628,examples/sted_blank_composites_training_v1_schema08/sted_blank_composites_training_v1_schema08_0628.npz,examples/sted_blank_composites_training_v1_schema08/sted_blank_composites_training_v1_schema08_0628.json,synthetic_sted_3d_morphology_0.8.0,fibras_morphology_scene_3d_0.8.0,synthetic_sted_training_v1_schema08_0628,img_d3c239af23a085e0b4d8,synthetic_background_train,validation
sted_blank_composites_training_v1_schema08_0629,examples/sted_blank_composites_training_v1_schema08/sted_blank_composites_training_v1_schema08_0629.npz,examples/sted_blank_composites_training_v1_schema08/sted_blank_composites_training_v1_schema08_0629.json,synthetic_sted_3d_morphology_0.8.0,fibras_morphology_scene_3d_0.8.0,synthetic_sted_training_v1_schema08_0629,img_d48ab8d2ac1026abfc85,synthetic_background_train,validation
sted_blank_composites_training_v1_schema08_0630,examples/sted_blank_composites_training_v1_schema08/sted_blank_composites_training_v1_schema08_0630.npz,examples/sted_blank_composites_training_v1_schema08/sted_blank_composites_training_v1_schema08_0630.json,synthetic_sted_3d_morphology_0.8.0,fibras_morphology_scene_3d_0.8.0,synthetic_sted_training_v1_schema08_0630,img_e346ea478db12b518ac8,synthetic_background_train,validation
sted_blank_composites_training_v1_schema08_0631,examples/sted_blank_composites_training_v1_schema08/sted_blank_composites_training_v1_schema08_0631.npz,examples/sted_blank_composites_training_v1_schema08/sted_blank_composites_training_v1_schema08_0631.json,synthetic_sted_3d_morphology_0.8.0,fibras_morphology_scene_3d_0.8.0,synthetic_sted_training_v1_schema08_0631,img_e365a76f42760dd466b9,synthetic_background_train,validation
sted_blank_composites_training_v1_schema08_0632,examples/sted_blank_composites_training_v1_schema08/sted_blank_composites_training_v1_schema08_0632.npz,examples/sted_blank_composites_training_v1_schema08/sted_blank_composites_training_v1_schema08_0632.json,synthetic_sted_3d_morphology_0.8.0,fibras_morphology_scene_3d_0.8.0,synthetic_sted_training_v1_schema08_0632,img_e5db75d93a225639e3a4,synthetic_background_train,validation
sted_blank_composites_training_v1_schema08_0633,examples/sted_blank_composites_training_v1_schema08/sted_blank_composites_training_v1_schema08_0633.npz,examples/sted_blank_composites_training_v1_schema08/sted_blank_composites_training_v1_schema08_0633.json,synthetic_sted_3d_morphology_0.8.0,fibras_morphology_scene_3d_0.8.0,synthetic_sted_training_v1_schema08_0633,img_e8891781fa88057f59f7,synthetic_background_train,validation
sted_blank_composites_training_v1_schema08_0634,examples/sted_blank_composites_training_v1_schema08/sted_blank_composites_training_v1_schema08_0634.npz,examples/sted_blank_composites_training_v1_schema08/sted_blank_composites_training_v1_schema08_0634.json,synthetic_sted_3d_morphology_0.8.0,fibras_morphology_scene_3d_0.8.0,synthetic_sted_training_v1_schema08_0634,img_ee34a766ad48467dd7e1,synthetic_background_train,validation
sted_blank_composites_training_v1_schema08_0635,examples/sted_blank_composites_training_v1_schema08/sted_blank_composites_training_v1_schema08_0635.npz,examples/sted_blank_composites_training_v1_schema08/sted_blank_composites_training_v1_schema08_0635.json,synthetic_sted_3d_morphology_0.8.0,fibras_morphology_scene_3d_0.8.0,synthetic_sted_training_v1_schema08_0635,img_eeb10bbc10a5ef3f859b,synthetic_background_train,validation
sted_blank_composites_training_v1_schema08_0636,examples/sted_blank_composites_training_v1_schema08/sted_blank_composites_training_v1_schema08_0636.npz,examples/sted_blank_composites_training_v1_schema08/sted_blank_composites_training_v1_schema08_0636.json,synthetic_sted_3d_morphology_0.8.0,fibras_morphology_scene_3d_0.8.0,synthetic_sted_training_v1_schema08_0636,img_fe985fa79b4211834161,synthetic_background_train,validation
sted_blank_composites_training_v1_schema08_0637,examples/sted_blank_composites_training_v1_schema08/sted_blank_composites_training_v1_schema08_0637.npz,examples/sted_blank_composites_training_v1_schema08/sted_blank_composites_training_v1_schema08_0637.json,synthetic_sted_3d_morphology_0.8.0,fibras_morphology_scene_3d_0.8.0,synthetic_sted_training_v1_schema08_0637,img_014d9d77d1d61fed189b,synthetic_background_train,validation
sted_blank_composites_training_v1_schema08_0638,examples/sted_blank_composites_training_v1_schema08/sted_blank_composites_training_v1_schema08_0638.npz,examples/sted_blank_composites_training_v1_schema08/sted_blank_composites_training_v1_schema08_0638.json,synthetic_sted_3d_morphology_0.8.0,fibras_morphology_scene_3d_0.8.0,synthetic_sted_training_v1_schema08_0638,img_093eea09221a4db0ebec,synthetic_background_train,validation
sted_blank_composites_training_v1_schema08_0639,examples/sted_blank_composites_training_v1_schema08/sted_blank_composites_training_v1_schema08_0639.npz,examples/sted_blank_composites_training_v1_schema08/sted_blank_composites_training_v1_schema08_0639.json,synthetic_sted_3d_morphology_0.8.0,fibras_morphology_scene_3d_0.8.0,synthetic_sted_training_v1_schema08_0639,img_0d1c01fd26080936f42b,synthetic_background_train,validation
